"""Customer Provided Item"" cannot be Purchase Item also","""Давальческое сырье"" не может быть также закупаемым товаром",
"""Customer Provided Item"" cannot have Valuation Rate","""Давальческое сырье"" не может иметь оценочную стоимость",
"""Is Fixed Asset"" cannot be unchecked, as Asset record exists against the item","Нельзя снять отметку ""Является основным средством"", так как для данной позиции существует запись в основных средствах",
'Based On' and 'Group By' can not be same,"'Параметры """"На основании"""" и """"Группировать по"""" не могут совпадать'",
'Days Since Last Order' must be greater than or equal to zero,'Количество дней с последнего заказа должно быть больше или равно нулю',
'Entries' cannot be empty,'Проводки не могут быть пустыми',
'From Date' is required,'Дата начала периода обязательна к заполнению',
'From Date' must be after 'To Date','Дата начала должна быть раньше даты окончания',
'Has Serial No' can not be 'Yes' for non-stock item,"'Параметр """"Имеет серийный номер"""" не может быть установлен для нескладируемого товара'",
'Opening','Входящий остаток',
'To Case No.' cannot be less than 'From Case No.',"'Номер дела До' не может быть меньше, чем 'Номер дела От'",
'To Date' is required,'Дата окончания периода обязательна к заполнению',
'Total','Итого',
'Update Stock' can not be checked because items are not delivered via {0},"Нельзя отметить 'Обновить запасы', так как товары не поставляются через {0}",
'Update Stock' cannot be checked for fixed asset sale,'Обновить запасы' нельзя отметить при продаже основных средств',
1 exact match.,1 точное совпадение.,
90-Above,90 и выше,
A Customer Group exists with same name please change the Customer name or rename the Customer Group,Группа клиентов с таким названием уже существует. Измените название клиента или название группы клиентов,
A Default Service Level Agreement already exists.,Соглашение об уровне обслуживания по умолчанию уже существует.,
A Lead requires either a person's name or an organization's name,Для лида требуется указать имя контактного лица или название организации,
A customer with the same name already exists,Клиент с таким названием уже существует,
A question must have more than one options,Вопрос должен иметь более одного варианта ответа,
A qustion must have at least one correct options,Вопрос должен иметь как минимум один правильный вариант ответа,
A4,A4,
API Endpoint,Конечная точка API,
API Key,Ключ API,
Abbr can not be blank or space,Аббревиатура не может быть пустой или содержать только пробел,
Abbreviation already used for another company,Аббревиатура уже используется другой компанией,
Abbreviation cannot have more than 5 characters,Аббревиатура не может содержать более 5 символов,
Abbreviation is mandatory,Аббревиатура обязательна к заполнению,
About the Company,О компании,
About your company,О вашей компании,
Above,Выше,
Academic Term,Учебный семестр,
Academic Term: ,Учебный семестр:,
Academic Year,Учебный год,
Academic Year: ,Учебный год:,
Accepted + Rejected Qty must be equal to Received quantity for Item {0},Количество принятых + отклоненных должно быть равно полученному количеству для номенклатуры {0},
Access Token,Токен доступа,
Accessable Value,Доступное значение,
Account,Счет,
Account Number,Номер счета,
Account Number {0} already used in account {1},Номер счета {0} уже используется в счете {1},
Account Pay Only,Только оплата по счету,
Account Type,Тип счета,
Account Type for {0} must be {1},Тип счета для {0} должен быть {1},
"Account balance already in Credit, you are not allowed to set 'Balance Must Be' as 'Debit'","Баланс счета уже в кредите, нельзя установить 'Баланс должен быть' как 'Дебет'",
"Account balance already in Debit, you are not allowed to set 'Balance Must Be' as 'Credit'","Баланс счета уже в дебете, нельзя установить 'Баланс должен быть' как 'Кредит'",
Account number for account {0} is not available.<br> Please setup your Chart of Accounts correctly.,Номер для счета {0} недоступен.<br> Настройте план счетов.,
Account with child nodes cannot be converted to ledger,Счет с субсчетами не может быть преобразован в регистр,
Account with child nodes cannot be set as ledger,Счет с субсчетами не может быть установлен как регистр,
Account with existing transaction can not be converted to group.,Счет с существующими проводками не может быть преобразован в группу.,
Account with existing transaction can not be deleted,Счет с существующими проводками не может быть удален,
Account with existing transaction cannot be converted to ledger,Счет с существующими проводками не может быть преобразован в регистр,
Account {0} does not belong to company: {1},Счет {0} не принадлежит компании: {1},
Account {0} does not belongs to company {1},Счет {0} не принадлежит компании {1},
Account {0} does not exist,Счет {0} не существует,
Account {0} does not exists,Счет {0} не существует,
Account {0} does not match with Company {1} in Mode of Account: {2},Счет {0} не соответствует компании {1} в режиме счета: {2},
Account {0} has been entered multiple times,Счет {0} был введен несколько раз,
Account {0} is added in the child company {1},Счет {0} добавлен в дочернюю компанию {1},
Account {0} is frozen,Счет {0} заморожен,
Account {0} is invalid. Account Currency must be {1},Счет {0} недействителен. Валюта счета должна быть {1},
Account {0}: Parent account {1} can not be a ledger,Счет {0}: Родительский счет {1} не может быть регистром,
Account {0}: Parent account {1} does not belong to company: {2},Счет {0}: Родительский счет {1} не принадлежит компании: {2},
Account {0}: Parent account {1} does not exist,Счет {0}: Родительский счет {1} не существует,
Account {0}: You can not assign itself as parent account,Счет {0}: Нельзя назначить счет своим собственным родительским счетом,
Account: {0} can only be updated via Stock Transactions,Счет: {0} можно обновить только через складские операции,
Account: {0} with currency: {1} can not be selected,Счет: {0} с валютой: {1} не может быть выбран,
Accountant,Бухгалтер,
Accounting,Бухгалтерский учет,
Accounting Entry for Asset,Бухгалтерская проводка по основному средству,
Accounting Entry for Stock,Бухгалтерская проводка по складу,
Accounting Entry for {0}: {1} can only be made in currency: {2},Бухгалтерская проводка для {0}: {1} может быть создана только в валюте: {2},
Accounting Ledger,Бухгалтерская книга,
Accounting journal entries.,Бухгалтерские проводки.,
Accounts,Счета,
Accounts Manager,Руководитель по бухгалтерии,
Accounts Payable,Кредиторская задолженность,
Accounts Payable Summary,Сводка по кредиторской задолженности,
Accounts Receivable,Дебиторская задолженность,
Accounts Receivable Summary,Сводка по дебиторской задолженности,
Accounts User,Пользователь бухгалтерии,
Accounts table cannot be blank.,Таблица счетов не может быть пустой.,
Accumulated Depreciation,Накопленная амортизация,
Accumulated Depreciation Amount,Сумма накопленной амортизации,
Accumulated Depreciation as on,Накопленная амортизация на дату,
Accumulated Monthly,Накоплено за месяц,
Accumulated Values,Накопленные значения,
Accumulated Values in Group Company,Накопленные значения по группе компаний,
Achieved ({}),Достигнуто ({}),
Action,Действие,
Action Initialised,Действие инициализировано,
Actions,Действия,
Active,Активный,
Activity Cost exists for Employee {0} against Activity Type - {1},Для сотрудника {0} уже существует стоимость деятельности по типу - {1},
Activity Cost per Employee,Стоимость деятельности на сотрудника,
Activity Type,Тип деятельности,
Actual Cost,Фактическая стоимость,
Actual Delivery Date,Фактическая дата доставки,
Actual Qty,Фактическое количество,
Actual Qty is mandatory,Фактическое количество обязательно к заполнению,
Actual Qty {0} / Waiting Qty {1},Фактическое количество {0} / В ожидании {1},
Actual Qty: Quantity available in the warehouse.,Фактическое количество: Доступно на складе,
Actual qty in stock,Фактический складской остаток,
Actual type tax cannot be included in Item rate in row {0},Фактическая ставка налога не может быть включена в цену номенклатуры в строке {0},
Add,Добавить,
Add / Edit Prices,Добавить/редактировать цены,
Add Comment,Добавить комментарий,
Add Customers,Добавить клиентов,
Add Employees,Добавить сотрудников,
Add Item,Добавить номенклатуру,
Add Items,Добавить номенклатуру,
Add Leads,Добавить лиды,
Add Multiple Tasks,Добавить несколько задач,
Add Sales Partners,Добавить партнеров по продажам,
Add Serial No,Добавить серийный номер,
Add Students,Добавить студентов,
Add Suppliers,Добавить поставщиков,
Add Time Slots,Добавить временные интервалы,
Add Timesheets,Добавить табели учета рабочего времени,
Add Timeslots,Добавить временные интервалы,
Add Users to Marketplace,Добавить пользователей на торговую площадку,
Add a new address,Добавить новый адрес,
Add cards or custom sections on homepage,Добавить карточки или настраиваемые разделы на главной странице,
Add more items or open full form,Добавить еще номенклатуру или открыть полную форму,
Add notes,Добавить заметки,
Add the rest of your organization as your users. You can also add invite Customers to your portal by adding them from Contacts,"Добавьте остальных сотрудников организации в качестве пользователей. Вы также можете пригласить клиентов на портал, добавив их из списка контактов",
Add/Remove Recipients,Добавить/удалить получателей,
Added,Добавлено,
Added {0} users,Добавлено пользователей: {0},
Additional Salary Component Exists.,Дополнительный компонент заработной платы уже существует.,
Address,Адрес,
Address Line 2,Адрес (строка 2),
Address Name,Наименование адреса,
Address Title,Название адреса,
Address Type,Тип адреса,
Administrative Expenses,Административные расходы,
Administrative Officer,Административный руководитель,
Administrator,Администратор,
Admission,Прием,
Admission and Enrollment,Прием и зачисление,
Admissions for {0},Прием для {0},
Admit,Принять,
Admitted,Принят,
Advance Amount,Сумма аванса,
Advance Payments,Авансовые платежи,
Advance account currency should be same as company currency {0},Валюта счета авансов должна совпадать с валютой компании {0},
Advance amount cannot be greater than {0} {1},Сумма аванса не может превышать {0} {1},
Advertising,Реклама,
Aerospace,Аэрокосмическая отрасль,
Against,По,
Against Account,По счету,
Against Journal Entry {0} does not have any unmatched {1} entry,В проводке {0} нет несопоставленной записи {1},
Against Journal Entry {0} is already adjusted against some other voucher,Проводка {0} уже скорректирована по другому документу,
Against Supplier Invoice {0} dated {1},По счету поставщика {0} от {1},
Against Voucher,По документу,
Against Voucher Type,По типу документа,
Age,Возраст,
Age (Days),Срок (дней),
Ageing Based On,Срок давности на основании,
Ageing Range 1,Диапазон срока давности 1,
Ageing Range 2,Диапазон срока давности 2,
Ageing Range 3,Диапазон срока давности 3,
Agriculture,Сельское хозяйство,
Agriculture (beta),Сельское хозяйство (бета),
Airline,Авиакомпания,
All Accounts,Все счета,
All Addresses.,Все адреса.,
All Assessment Groups,Все группы оценки,
All BOMs,Все спецификации,
All Contacts.,Все контакты.,
All Customer Groups,Все группы клиентов,
All Day,Весь день,
All Departments,Все подразделения,
All Healthcare Service Units,Все отделения здравоохранения,
All Item Groups,Все группы номенклатуры,
All Products,Вся номенклатура,
All Products or Services.,Вся номенклатура и услуги.,
All Student Admissions,Все заявки на прием студентов,
All Supplier Groups,Все группы поставщиков,
All Supplier scorecards.,Все оценочные карты поставщиков.,
All Territories,Все территории,
All Warehouses,Все склады,
All communications including and above this shall be moved into the new Issue,Все сообщения (включая это и предыдущие) будут перемещены в новую задачу,
All items have already been transferred for this Work Order.,Вся номенклатура уже перемещена для этого производственного заказа.,
All other ITC,Все прочие налоговые вычеты,
All the mandatory Task for employee creation hasn't been done yet.,Не все обязательные задачи по созданию сотрудника выполнены.,
Allocate Payment Amount,Распределить сумму платежа,
Allocated Amount,Распределенная сумма,
Allocating leaves...,Распределение отпусков...,
Already record exists for the item {0},Запись для номенклатуры {0} уже существует,
"Already set default in pos profile {0} for user {1}, kindly disabled default","Уже установлено по умолчанию в профиле ККМ {0} для пользователя {1}, отключите значение по умолчанию",
Alternate Item,Альтернативная номенклатура,
Alternative item must not be same as item code,Код альтернативной номенклатуры не должен совпадать с основным кодом,
Amended From,Изменено с,
Amount,Сумма,
Amount After Depreciation,Сумма после амортизации,
Amount of Integrated Tax,Сумма единого налога,
Amount of TDS Deducted,Сумма удержанного налога у источника,
Amount should not be less than zero.,Сумма не должна быть меньше нуля.,
Amount to Bill,Сумма к выставлению счета,
Amount {0} {1} against {2} {3},Сумма {0} {1} по {2} {3},
Amount {0} {1} deducted against {2},Сумма {0} {1} удержана по {2},
Amount {0} {1} transferred from {2} to {3},Сумма {0} {1} переведена из {2} в {3},
Amount {0} {1} {2} {3},Сумма {0} {1} {2} {3},
Amt,Сумма,
"An Item Group exists with same name, please change the item name or rename the item group",Группа номенклатуры с таким названием уже существует. Измените название номенклатуры или название группы,
An academic term with this 'Academic Year' {0} and 'Term Name' {1} already exists. Please modify these entries and try again.,Учебный семестр с указанным учебным годом {0} и названием {1} уже существует. Измените данные и повторите попытку.,
An error occurred during the update process,Произошла ошибка в процессе обновления,
"An item exists with same name ({0}), please change the item group name or rename the item",Номенклатура с названием ({0}) уже существует. Измените название группы номенклатуры или название позиции,
Analyst,Аналитик,
Annual Billing: {0},Годовой оборот: {0},
Another Budget record '{0}' already exists against {1} '{2}' and account '{3}' for fiscal year {4},Другая запись бюджета '{0}' уже существует для {1} '{2}' и счета '{3}' за финансовый год {4},
Another Period Closing Entry {0} has been made after {1},Другая запись закрытия периода {0} создана после {1},
Another Sales Person {0} exists with the same Employee id,Другой менеджер по продажам {0} существует с тем же табельным номером сотрудника,
Antibiotic,Антибиотик,
Apparel & Accessories,Одежда и аксессуары,
Applicable For,Применимо для,
"Applicable if the company is SpA, SApA or SRL","Применимо, если компания является SpA, SApA или SRL",
Applicable if the company is a limited liability company,"Применимо, если компания является обществом с ограниченной ответственностью",
Applicable if the company is an Individual or a Proprietorship,"Применимо, если компания является индивидуальным предпринимателем или частным лицом",
Application of Funds (Assets),Размещение средств (активы),
Applied,Применено,
Appointment Confirmation,Подтверждение встречи,
Appointment Duration (mins),Длительность встречи (мин),
Appointment Type,Тип встречи,
Appointment {0} and Sales Invoice {1} cancelled,Встреча {0} и счет на оплату {1} отменены,
Appointments and Encounters,Встречи и контакты,
Appointments and Patient Encounters,Встречи и приемы пациентов,
Appraisal {0} created for Employee {1} in the given date range,Оценка {0} создана для сотрудника {1} в указанном периоде,
Approving Role cannot be same as role the rule is Applicable To,Утверждающая роль не может совпадать с ролью к которой применяется правило,
Approving User cannot be same as user the rule is Applicable To,Утверждающий пользователь не может совпадать с пользователем к которому применяется правило,
"Apps using current key won't be able to access, are you sure?","Приложения, использующие текущий ключ, потеряют доступ. Вы уверены?",
Are you sure you want to cancel this appointment?,Вы действительно хотите отменить эту встречу?,
Arrear,Задолженность,
As Examiner,В качестве экзаменатора,
As On Date,На дату,
As Supervisor,В качестве руководителя,
As per rules 42 & 43 of CGST Rules,Согласно правилам 42 и 43 CGST,
As per section 17(5),Согласно разделу 17(5),
Assessment,Оценка,
Assessment Criteria,Критерии оценки,
Assessment Group,Группа оценки,
Assessment Group: ,Группа оценки:,
Assessment Plan,План оценки,
Assessment Plan Name,Название плана оценки,
Assessment Report,Отчет об оценке,
Assessment Reports,Отчеты об оценке,
Assessment Result,Результат оценки,
Assessment Result record {0} already exists.,Запись результата оценки {0} уже существует.,
Asset,Основное средство,
Asset Category,Категория основных средств,
Asset Category is mandatory for Fixed Asset item,Категория основных средств обязательна для позиции основных средств,
Asset Maintenance,Обслуживание основных средств,
Asset Movement,Перемещение основных средств,
Asset Movement record {0} created,Создана запись о перемещении основного средства {0},
Asset Name,Наименование основного средства,
Asset Received But Not Billed,"Основное средство получено, но не оприходовано",
Asset Value Adjustment,Корректировка стоимости основного средства,
"Asset cannot be cancelled, as it is already {0}","Основное средство нельзя отменить, так как оно уже {0}",
Asset scrapped via Journal Entry {0},Основное средство списано через проводку {0},
"Asset {0} cannot be scrapped, as it is already {1}","Основное средство {0} нельзя списать, так как оно уже {1}",
Asset {0} does not belong to company {1},Основное средство {0} не принадлежит компании {1},
Asset {0} must be submitted,Основное средство {0} должно быть проведено,
Assets,Основные средства,
Assign To,Назначить,
Associate,Помощник,
At least one mode of payment is required for POS invoice.,Для чека ККМ требуется как минимум один способ оплаты.,
Atleast one item should be entered with negative quantity in return document,В документе возврата должна быть как минимум одна позиция с отрицательным количеством,
Atleast one of the Selling or Buying must be selected,Необходимо выбрать хотя бы одно: Продажа или Покупка,
Atleast one warehouse is mandatory,Необходимо указать хотя бы один склад,
Attach Logo,Прикрепить логотип,
Attachment,Вложение,
Attachments,Вложения,
Attendance can not be marked for future dates,Нельзя отметить присутствие на будущие даты,
Attendance date can not be less than employee's joining date,Дата присутствия не может быть раньше даты приема сотрудника на работу,
Attendance for employee {0} is already marked,Присутствие сотрудника {0} уже отмечено,
Attendance has been marked successfully.,Присутствие успешно отмечено.,
Attendance not submitted for {0} as {1} on leave.,Присутствие не отмечено для {0} так как {1} в отпуске.,
Attribute table is mandatory,Таблица атрибутов обязательна,
Attribute {0} selected multiple times in Attributes Table,Атрибут {0} выбран несколько раз в таблице атрибутов,
Authorized Signatory,Уполномоченное лицо,
Auto Material Requests Generated,Автоматически созданы заявки на материалы,
Auto Repeat,Автоповтор,
Auto repeat document updated,Документ автоповтора обновлен,
Automotive,Автомобильная промышленность,
Available,Доступно,
Available Qty,Доступное количество,
Available Selling,Доступно для продажи,
Available for use date is required,Требуется указать дату начала использования,
Available slots,Доступные интервалы,
Available {0},Доступно {0},
Available-for-use Date should be after purchase date,Дата начала использования должна быть позже даты покупки,
Average Age,Средний возраст,
Average Rate,Средний курс,
Avg Daily Outgoing,Среднее количество исходящих в день,
Avg. Buying Price List Rate,Средняя цена закупки по прайс-листу,
Avg. Selling Price List Rate,Средняя цена продажи по прайс-листу,
Avg. Selling Rate,Средняя цена продажи,
BOM,Спецификация,
BOM Browser,Обозреватель спецификаций,
BOM No,№ спецификации,
BOM Rate,Стоимость по спецификации,
BOM Stock Report,Отчет по складским остаткам по спецификации,
BOM and Manufacturing Quantity are required,Спецификация и количество для производства обязательны,
BOM does not contain any stock item,Спецификация не содержит складских позиций,
BOM {0} does not belong to Item {1},Спецификация {0} не относится к номенклатуре {1},
BOM {0} must be active,Спецификация {0} должна быть активна,
BOM {0} must be submitted,Спецификация {0} должна быть проведена,
Balance,Остаток,
Balance (Dr - Cr),Остаток (Дебет - Кредит),
Balance ({0}),Остаток ({0}),
Balance Qty,Остаток количества,
Balance Sheet,Бухгалтерский баланс,
Balance Value,Остаток в валюте,
Balance for Account {0} must always be {1},Остаток по счету {0} всегда должен быть {1},
Bank,Банк,
Bank Account,Банковский счет,
Bank Accounts,Банковские счета,
Bank Draft,Банковская тратта,
Bank Name,Наименование банка,
Bank Overdraft Account,Счет банковского овердрафта,
Bank Reconciliation,Банковская сверка,
Bank Reconciliation Statement,Акт банковской сверки,
Bank Statement,Банковская выписка,
Bank Statement Settings,Настройки банковских выписок,
Bank Statement balance as per General Ledger,Остаток по банковской выписке согласно главной книге,
Bank account cannot be named as {0},Банковский счет не может иметь название {0},
Bank/Cash transactions against party or for internal transfer,Банковские/кассовые операции по контрагенту или для внутреннего перевода,
Banking,Банковские операции,
Banking and Payments,Банковские операции и платежи,
Barcode {0} already used in Item {1},Штрихкод {0} уже используется для номенклатуры {1},
Barcode {0} is not a valid {1} code,Штрихкод {0} не является допустимым кодом {1},
Base URL,Базовый URL,
Based On,На основании,
Based On Payment Terms,На основании условий оплаты,
Batch,Партия,
Batch Entries,Записи по партиям,
Batch ID is mandatory,Идентификатор партии обязателен,
Batch Inventory,Партионный учет,
Batch Name,Наименование партии,
Batch No,№ партии,
Batch number is mandatory for Item {0},Номер партии обязателен для номенклатуры {0},
Batch {0} of Item {1} has expired.,Партия {0} номенклатуры {1} просрочена.,
Batch {0} of Item {1} is disabled.,Партия {0} номенклатуры {1} отключена.,
Batch: ,Партия: ,
Batches,Партии,
Become a Seller,Стать продавцом,
Bill,Счет,
Bill Date,Дата счета,
Bill No,№ счета,
Bill of Materials,Спецификация,
Bill of Materials (BOM),Спецификация (BOM),
Billable Hours,Оплачиваемые часы,
Billed,Счет выставлен,
Billed Amount,Сумма выставленных счетов,
Billing Address,Адрес для выставления счетов,
Billing Address is same as Shipping Address,Адрес для выставления счетов совпадает с адресом доставки,
Billing Amount,Сумма к оплате,
Billing Status,Статус оплаты,
Billing currency must be equal to either default company's currency or party account currency,Валюта счета должна совпадать с валютой компании по умолчанию или валютой счета контрагента,
Bills raised by Suppliers.,Счета от поставщиков.,
Bills raised to Customers.,Счета клиентам.,
Biotechnology,Биотехнологии,
Black,Черный,
Blanket Orders from Costumers.,Рамочные заказы от клиентов.,
Block Invoice,Блокировка счета,
Boms,Спецификации,
Both Trial Period Start Date and Trial Period End Date must be set,Необходимо указать дату начала и дату окончания пробного периода,
Both Warehouse must belong to same Company,Оба склада должны принадлежать одной компании,
Branch,Филиал,
Broadcasting,Вещание,
Brokerage,Брокерские услуги,
Browse BOM,Просмотр спецификации,
Budget Against,Бюджет по,
Budget List,Список бюджетов,
Budget Variance Report,Отчет об отклонениях от бюджета,
Budget cannot be assigned against Group Account {0},Бюджет не может быть назначен для группового счета {0},
"Budget cannot be assigned against {0}, as it's not an Income or Expense account","Бюджет не может быть назначен для {0}, так как это не счет доходов или расходов",
Buildings,Здания,
Bundle items at time of sale.,Комплектовать позиции при продаже.,
Business Development Manager,Менеджер по развитию бизнеса,
Buy,Купить,
Buying,Закупки,
Buying Amount,Сумма закупки,
Buying Price List,Прайс-лист закупок,
Buying Rate,Курс покупки,
"Buying must be checked, if Applicable For is selected as {0}","Необходимо отметить закупку, если для поля 'Применимо для' выбрано значение {0}",
By {0},От {0},
Bypass credit check at Sales Order,Пропустить проверку кредита в заказе на продажу,
C-Form records,Записи C-Form,
C-form is not applicable for Invoice: {0},C-form не применима для счета: {0},
CEO,Генеральный директор,
CESS Amount,Сумма CESS,
CGST Amount,Сумма CGST,
CRM,CRM,
CWIP Account,Счет незавершенного строительства,
Calculated Bank Statement balance,Расчетный остаток по банковской выписке,
Campaign,Кампания,
Can be approved by {0},Может быть утверждено пользователем {0},
"Can not filter based on Account, if grouped by Account","Нельзя фильтровать по счету, если группировка выполнена по счету",
"Can not filter based on Voucher No, if grouped by Voucher",Нельзя фильтровать по номеру документа при группировке по документу,
"Can not mark Inpatient Record Discharged, there are Unbilled Invoices {0}","Невозможно отметить выписку пациента, есть неоплаченные счета {0}",
Can only make payment against unbilled {0},Можно произвести оплату только по невыставленным счетам {0},
Can refer row only if the charge type is 'On Previous Row Amount' or 'Previous Row Total',"Можно ссылаться на строку, только если тип начисления 'От суммы предыдущей строки' или 'От итога предыдущей строки'",
"Can't change valuation method, as there are transactions against some items which does not have it's own valuation method","Невозможно изменить метод оценки, так как существуют операции по позициям, не имеющим собственного метода оценки",
Can't create standard criteria. Please rename the criteria,Невозможно создать стандартные критерии. Измените название критериев,
Cancel,Отменить,
Cancel Material Visit {0} before cancelling this Warranty Claim,Отмените визит по материалам {0} перед отменой этой гарантийной рекламации,
Cancel Material Visits {0} before cancelling this Maintenance Visit,Отмените визиты по материалам {0} перед отменой этого визита на обслуживание,
Cancel Subscription,Отменить подписку,
Cancel the journal entry {0} first,Сначала отмените проводку {0},
Canceled,Отменено,
"Cannot Submit, Employees left to mark attendance","Невозможно провести, не отмечено присутствие некоторых сотрудников",
Cannot be a fixed asset item as Stock Ledger is created.,"Невозможно создать основное средство, так как уже созданы складские проводки.",
Cannot cancel because submitted Stock Entry {0} exists,"Невозможно отменить, так как существует проведенное складское перемещение {0}",
Cannot cancel transaction for Completed Work Order.,Невозможно отменить операцию для завершенного производственного заказа.,
Cannot cancel {0} {1} because Serial No {2} does not belong to the warehouse {3},"Невозможно отменить {0} {1}, так как серийный номер {2} не принадлежит складу {3}",
Cannot change Attributes after stock transaction. Make a new Item and transfer stock to the new Item,Невозможно изменить атрибуты после складской операции. Создайте новую номенклатуру и переместите остатки на нее,
Cannot change Fiscal Year Start Date and Fiscal Year End Date once the Fiscal Year is saved.,Невозможно изменить даты начала и окончания финансового года после его сохранения.,
Cannot change Service Stop Date for item in row {0},Невозможно изменить дату окончания обслуживания для позиции в строке {0},
Cannot change Variant properties after stock transaction. You will have to make a new Item to do this.,Невозможно изменить свойства варианта после складской операции. Необходимо создать новую номенклатуру.,
"Cannot change company's default currency, because there are existing transactions. Transactions must be cancelled to change the default currency.","Невозможно изменить валюту компании по умолчанию, так как существуют операции. Для изменения валюты необходимо отменить операции.",
Cannot change status as student {0} is linked with student application {1},"Невозможно изменить статус, так как студент {0} связан с заявлением {1}",
Cannot convert Cost Center to ledger as it has child nodes,"Невозможно преобразовать центр затрат в счет, так как он имеет дочерние узлы",
Cannot covert to Group because Account Type is selected.,"Невозможно преобразовать в группу, так как выбран тип счета.",
Cannot create Retention Bonus for left Employees,Невозможно создать бонус за удержание для уволенных сотрудников,
Cannot create a Delivery Trip from Draft documents.,Невозможно создать маршрут доставки из черновиков документов.,
Cannot deactivate or cancel BOM as it is linked with other BOMs,"Невозможно деактивировать или отменить спецификацию, так как она связана с другими спецификациями",
"Cannot declare as lost, because Quotation has been made.","Невозможно отметить как потерянное, так как создано коммерческое предложение.",
Cannot deduct when category is for 'Valuation' or 'Valuation and Total',"Невозможно вычесть, если категория 'Оценка' или 'Оценка и итог'",
Cannot deduct when category is for 'Valuation' or 'Vaulation and Total',"Невозможно вычесть, если категория 'Оценка' или 'Оценка и итог'",
"Cannot delete Serial No {0}, as it is used in stock transactions","Невозможно удалить серийный номер {0}, так как он используется в складских операциях",
Cannot enroll more than {0} students for this student group.,Невозможно зачислить более {0} студентов в эту группу.,
Cannot produce more Item {0} than Sales Order quantity {1},"Невозможно произвести номенклатуры {0} больше, чем указано в заказе на продажу {1}",
Cannot promote Employee with status Left,Невозможно повысить уволенного сотрудника,
Cannot refer row number greater than or equal to current row number for this Charge type,Невозможно ссылаться на номер строки больше или равный текущему для данного типа начисления,
Cannot select charge type as 'On Previous Row Amount' or 'On Previous Row Total' for first row,Невозможно выбрать тип начисления 'От суммы предыдущей строки' или 'От итога предыдущей строки' для первой строки,
Cannot set as Lost as Sales Order is made.,"Невозможно отметить как потерянное, так как создан заказ на продажу.",
Cannot set authorization on basis of Discount for {0},Невозможно установить авторизацию на основе скидки для {0},
Cannot set multiple Item Defaults for a company.,Невозможно установить несколько значений по умолчанию для компании.,
Cannot set quantity less than delivered quantity,Невозможно установить количество меньше отгруженного,
Cannot set quantity less than received quantity,Невозможно установить количество меньше полученного,
Cannot set the field <b>{0}</b> for copying in variants,Невозможно установить поле <b>{0}</b> для копирования в вариантах,
Cannot transfer Employee with status Left,Невозможно перевести уволенного сотрудника,
Cannot {0} {1} {2} without any negative outstanding invoice,Невозможно {0} {1} {2} без отрицательного неоплаченного счета,
Capital Equipments,Капитальное оборудование,
Capital Stock,Уставный капитал,
Capital Work in Progress,Незавершенное строительство,
Cart,Корзина,
Cart is Empty,Корзина пуста,
Case No(s) already in use. Try from Case No {0},Номер(а) дела уже используются. Попробуйте начать с номера дела {0},
Cash,Касса,
Cash Flow Statement,Отчет о движении денежных средств,
Cash Flow from Financing,Денежный поток от финансовой деятельности,
Cash Flow from Investing,Денежный поток от инвестиционной деятельности,
Cash Flow from Operations,Денежный поток от операционной деятельности,
Cash In Hand,Денежные средства в кассе,
Cash or Bank Account is mandatory for making payment entry,Касса или банковский счет обязательны для создания платежа,
Cashier Closing,Закрытие кассовой смены,
Category,Категория,
Category Name,Название категории,
Caution,Внимание,
Central Tax,Центральный налог,
Certification,Сертификация,
Cess,Налог CESS,
Change Amount,Изменить сумму,
Change Item Code,Изменить код номенклатуры,
Change Release Date,Изменить дату выпуска,
Change Template Code,Изменить код шаблона,
Changing Customer Group for the selected Customer is not allowed.,Изменение группы для выбранного клиента запрещено.,
Chapter,Глава,
Chapter information.,Информация о главе.,
Charge of type 'Actual' in row {0} cannot be included in Item Rate,Начисление типа 'Фактическое' в строке {0} не может быть включено в цену номенклатуры,
Chargeble,Оплачиваемый,
Charges are updated in Purchase Receipt against each item,Начисления обновлены в приходном ордере для каждой позиции,
"Charges will be distributed proportionately based on item qty or amount, as per your selection",Начисления будут распределены пропорционально количеству или сумме номенклатуры согласно вашему выбору,
Chart of Cost Centers,План центров затрат,
Check all,Отметить все,
Checkout,Оформить заказ,
Chemical,Химическая промышленность,
Cheque,Чек,
Cheque/Reference No,№ чека/референса,
Cheques Required,Требуются чеки,
Cheques and Deposits incorrectly cleared,Чеки и депозиты некорректно проведены,
Child Task exists for this Task. You can not delete this Task.,Для этой задачи существует подзадача. Невозможно удалить эту задачу.,
Child nodes can be only created under 'Group' type nodes,Дочерние узлы можно создавать только для узлов типа 'Группа',
Child warehouse exists for this warehouse. You can not delete this warehouse.,Для этого склада существует подчиненный склад. Невозможно удалить этот склад.,
Circular Reference Error,Ошибка циклической ссылки,
City,Город,
City/Town,Город/населенный пункт,
Clay,Глина,
Clear filters,Очистить фильтры,
Clear values,Очистить значения,
Clearance Date,Дата очистки,
Clearance Date not mentioned,Дата очистки не указана,
Clearance Date updated,Дата очистки обновлена,
Client,Клиент,
Client ID,ID клиента,
Client Secret,Секретный ключ клиента,
Clinical Procedure,Клиническая процедура,
Clinical Procedure Template,Шаблон клинической процедуры,
Close Balance Sheet and book Profit or Loss.,Закрыть баланс и отразить прибыль или убыток.,
Close Loan,Закрыть кредит,
Close the POS,Закрыть кассу,
Closed,Закрыто,
Closed order cannot be cancelled. Unclose to cancel.,Закрытый заказ нельзя отменить. Для отмены сначала откройте его.,
Closing (Cr),Закрытие (Кредит),
Closing (Dr),Закрытие (Дебет),
Closing (Opening + Total),Закрытие (Начальное + Итого),
Closing Account {0} must be of type Liability / Equity,Закрывающий счет {0} должен быть типа Обязательства/Капитал,
Closing Balance,Исходящий остаток,
Code,Код,
Collapse All,Свернуть все,
Color,Цвет,
Colour,Цвет,
Combined invoice portion must equal 100%,Общая доля счета должна составлять 100%,
Commercial,Коммерческий,
Commission,Комиссия,
Commission Rate %,Ставка комиссии %,
Commission on Sales,Комиссия с продаж,
Commission rate cannot be greater than 100,Ставка комиссии не может превышать 100,
Community Forum,Форум сообщества,
Company (not Customer or Supplier) master.,Справочник компаний (не клиентов или поставщиков).,
Company Abbreviation,Сокращенное название компании,
Company Abbreviation cannot have more than 5 characters,Сокращенное название компании не может содержать более 5 символов,
Company Name,Название компании,
Company Name cannot be Company,Название компании не может быть 'Company',
Company currencies of both the companies should match for Inter Company Transactions.,Валюты обеих компаний должны совпадать для внутригрупповых операций.,
Company is manadatory for company account,Компания обязательна для корпоративного счета,
Company name not same,Названия компаний не совпадают,
Company {0} does not exist,Компания {0} не существует,
Compensatory leave request days not in valid holidays,Запрашиваемые дни компенсационного отпуска не входят в действительные праздники,
Complaint,Жалоба,
Completion Date,Дата завершения,
Computer,Компьютер,
Condition,Условие,
Configure,Настроить,
Configure {0},Настроить {0},
Confirmed orders from Customers.,Подтвержденные заказы клиентов.,
Connect Amazon with ERPNext,Подключить Amazon к ERPNext,
Connect Shopify with ERPNext,Подключить Shopify к ERPNext,
Connect to Quickbooks,Подключиться к QuickBooks,
Connected to QuickBooks,Подключено к QuickBooks,
Connecting to QuickBooks,Подключение к QuickBooks,
Consultation,Консультация,
Consultations,Консультации,
Consulting,Консалтинг,
Consumable,Расходный материал,
Consumed,Израсходовано,
Consumed Amount,Израсходованная сумма,
Consumed Qty,Израсходованное количество,
Consumer Products,Потребительские товары,
Contact,Контакт,
Contact Us,Связаться с нами,
Content,Содержимое,
Content Masters,Справочники контента,
Content Type,Тип контента,
Continue Configuration,Продолжить настройку,
Contract,Договор,
Contract End Date must be greater than Date of Joining,Дата окончания договора должна быть позже даты приема на работу,
Contribution %,Доля %,
Contribution Amount,Сумма взноса,
Conversion factor for default Unit of Measure must be 1 in row {0},Коэффициент пересчета для единицы измерения по умолчанию должен быть равен 1 в строке {0},
Conversion rate cannot be 0 or 1,Курс конвертации не может быть равен 0 или 1,
Convert to Group,Преобразовать в группу,
Convert to Non-Group,Преобразовать в элемент,
Cosmetics,Косметика,
Cost Center,Центр затрат,
Cost Center Number,Номер центра затрат,
Cost Center and Budgeting,Центры затрат и бюджетирование,
Cost Center is required in row {0} in Taxes table for type {1},Центр затрат обязателен в строке {0} таблицы налогов для типа {1},
Cost Center with existing transactions can not be converted to group,Центр затрат с существующими операциями нельзя преобразовать в группу,
Cost Center with existing transactions can not be converted to ledger,Центр затрат с существующими операциями нельзя преобразовать в элемент,
Cost Centers,Центры затрат,
Cost Updated,Стоимость обновлена,
Cost as on,Стоимость на,
Cost of Delivered Items,Себестоимость отгруженной номенклатуры,
Cost of Goods Sold,Себестоимость реализованной продукции,
Cost of Issued Items,Себестоимость выданной номенклатуры,
Cost of New Purchase,Стоимость новой закупки,
Cost of Purchased Items,Себестоимость закупленной номенклатуры,
Cost of Scrapped Asset,Стоимость списанных основных средств,
Cost of Sold Asset,Стоимость проданных основных средств,
Cost of various activities,Стоимость различных видов деятельности,
"Could not create Credit Note automatically, please uncheck 'Issue Credit Note' and submit again","Не удалось автоматически создать кредит-ноту, пожалуйста, снимите отметку 'Выпустить кредит-ноту' и отправьте снова",
Could not generate Secret,Не удалось сгенерировать секретный ключ,
Could not retrieve information for {0}.,Не удалось получить информацию для {0}.,
Could not solve criteria score function for {0}. Make sure the formula is valid.,"Не удалось вычислить функцию оценки критериев для {0}. Убедитесь, что формула корректна.",
Could not solve weighted score function. Make sure the formula is valid.,"Не удалось вычислить функцию взвешенной оценки. Убедитесь, что формула корректна.",
Could not submit some Salary Slips,Не удалось провести некоторые расчетные листки,
"Could not update stock, invoice contains drop shipping item.","Невозможно обновить остатки, счет содержит позицию прямой поставки.",
Country wise default Address Templates,Шаблоны адресов по умолчанию в разрезе стран,
Course Code: ,Код курса:,
Course Enrollment {0} does not exists,Запись на курс {0} не существует,
Course Schedule,Расписание курса,
Course: ,Курс:,
Create,Создать,
Create BOM,Создать спецификацию,
Create Delivery Trip,Создать маршрут доставки,
Create Employee,Создать сотрудника,
Create Employee Records,Создать записи сотрудников,
"Create Employee records to manage leaves, expense claims and payroll","Создать записи сотрудников для управления отпусками, авансовыми отчетами и заработной платой",
Create Fee Schedule,Создать график оплаты,
Create Fees,Создать тарифы,
Create Inter Company Journal Entry,Создать внутригрупповую проводку,
Create Invoice,Создать счет,
Create Invoices,Создать счета,
Create Job Card,Создать наряд на работу,
Create Journal Entry,Создать проводку,
Create Lead,Создать лид,
Create Leads,Создать лиды,
Create Maintenance Visit,Создать визит для обслуживания,
Create Material Request,Создать заявку на материалы,
Create Multiple,Создать несколько,
Create Opening Sales and Purchase Invoices,Создать начальные счета продаж и закупок,
Create Payment Entries,Создать платежные документы,
Create Payment Entry,Создать платежный документ,
Create Print Format,Создать формат печати,
Create Purchase Order,Создать заказ на закупку,
Create Purchase Orders,Создать заказы на закупку,
Create Quotation,Создать коммерческое предложение,
Create Sales Invoice,Создать счет на продажу,
Create Sales Order,Создать заказ на продажу,
Create Sales Orders to help you plan your work and deliver on-time,Создавайте заказы на продажу для планирования работы и своевременной доставки,
Create Sample Retention Stock Entry,Создать складскую операцию по хранению образцов,
Create Student,Создать учащегося,
Create Student Batch,Создать учебную группу,
Create Student Groups,Создать группы учащихся,
Create Supplier Quotation,Создать ценовое предложение поставщика,
Create Tax Template,Создать шаблон налогов,
Create Timesheet,Создать табель учета времени,
Create User,Создать пользователя,
Create Users,Создать пользователей,
Create Variant,Создать вариант,
Create Variants,Создать варианты,
"Create and manage daily, weekly and monthly email digests.","Создание и управление ежедневными, еженедельными и ежемесячными email-дайджестами.",
Create customer quotes,Создать коммерческие предложения клиентам,
Create rules to restrict transactions based on values.,Создать правила для ограничения операций на основе значений.,
Created {0} scorecards for {1} between: ,Созданы {0} оценочные карты для {1} между: ,
Creating Company and Importing Chart of Accounts,Создание компании и импорт плана счетов,
Creating Fees,Создание тарифов,
Creating student groups,Создание групп учащихся,
Creating {0} Invoice,Создание счета {0},
Credit,Кредит,
Credit ({0}),Кредит ({0}),
Credit Account,Кредитовый счет,
Credit Balance,Кредитовое сальдо,
Credit Card,Кредитная карта,
Credit Days cannot be a negative number,Количество дней кредита не может быть отрицательным,
Credit Limit,Кредитный лимит,
Credit Note,Кредит-нота,
Credit Note Amount,Сумма кредит-ноты,
Credit Note Issued,Кредит-нота выпущена,
Credit Note {0} has been created automatically,Кредит-нота {0} создана автоматически,
Credit limit has been crossed for customer {0} ({1}/{2}),Превышен кредитный лимит для клиента {0} ({1}/{2}),
Creditors,Кредиторы,
Criteria weights must add up to 100%,Сумма весов критериев должна составлять 100%,
Crop Cycle,Цикл урожая,
Crops & Lands,Посевы и земельные участки,
Currency Exchange must be applicable for Buying or for Selling.,Обменный курс должен применяться для покупки или продажи.,
Currency can not be changed after making entries using some other currency,Валюта не может быть изменена после создания проводок в другой валюте,
Currency exchange rate master.,Справочник обменных курсов валют.,
Currency for {0} must be {1},Валюта для {0} должна быть {1},
Currency is required for Price List {0},Для прайс-листа {0} требуется указать валюту,
Currency of the Closing Account must be {0},Валюта закрывающего счета должна быть {0},
Currency of the price list {0} must be {1} or {2},Валюта прайс-листа {0} должна быть {1} или {2},
Currency should be same as Price List Currency: {0},Валюта должна совпадать с валютой прайс-листа: {0},
Current Assets,Оборотные активы,
Current BOM and New BOM can not be same,Текущая и новая спецификации не могут быть одинаковыми,
Current Liabilities,Краткосрочные обязательства,
Current Qty,Текущее количество,
Current invoice {0} is missing,Текущий счет {0} отсутствует,
Custom HTML,Пользовательский HTML,
Custom?,Пользовательский?,
Customer,Клиент,
Customer Addresses And Contacts,Адреса и контакты клиентов,
Customer Contact,Контактное лицо клиента,
Customer Database.,База данных клиентов.,
Customer Group,Группа клиентов,
Customer LPO,Заказ на закупку клиента,
Customer LPO No.,Номер заказа на закупку клиента,
Customer Name,Наименование клиента,
Customer POS Id,ID клиента в POS,
Customer Service,Обслуживание клиентов,
Customer and Supplier,Клиент и поставщик,
Customer is required,Необходимо указать клиента,
Customer isn't enrolled in any Loyalty Program,Клиент не участвует ни в одной программе лояльности,
Customer required for 'Customerwise Discount',Для скидки по клиентам необходимо указать клиента,
Customer {0} does not belong to project {1},Клиент {0} не относится к проекту {1},
Customer {0} is created.,Клиент {0} создан.,
Customers in Queue,Клиенты в очереди,
Customize Homepage Sections,Настроить разделы главной страницы,
Customizing Forms,Настройка форм,
Daily Project Summary for {0},Ежедневная сводка по проекту {0},
Daily Reminders,Ежедневные напоминания,
Data Import and Export,Импорт и экспорт данных,
Data Import and Settings,Импорт данных и настройки,
Database of potential customers.,База данных потенциальных клиентов.,
Date Format,Формат даты,
Date Of Retirement must be greater than Date of Joining,Дата выхода на пенсию должна быть позже даты приема на работу,
Date of Birth,Дата рождения,
Date of Birth cannot be greater than today.,Дата рождения не может быть позже текущей даты.,
Date of Commencement should be greater than Date of Incorporation,Дата начала деятельности должна быть позже даты регистрации,
Date of Joining,Дата приема на работу,
Date of Joining must be greater than Date of Birth,Дата приема на работу должна быть позже даты рождения,
Date of Transaction,Дата операции,
Day,День,
Debit,Дебет,
Debit ({0}),Дебет ({0}),
Debit Account,Дебетовый счет,
Debit Note,Дебет-нота,
Debit Note Amount,Сумма дебет-ноты,
Debit Note Issued,Дебет-нота выпущена,
Debit To is required,Требуется указать дебетовый счет,
Debit and Credit not equal for {0} #{1}. Difference is {2}.,Дебет и кредит не равны для {0} #{1}. Разница составляет {2}.,
Debtors,Дебиторы,
Debtors ({0}),Дебиторы ({0}),
Declare Lost,Объявить утраченным,
Default Activity Cost exists for Activity Type - {0},Стоимость по умолчанию уже существует для типа деятельности - {0},
Default BOM ({0}) must be active for this item or its template,Спецификация по умолчанию ({0}) должна быть активна для этой позиции или её шаблона,
Default BOM for {0} not found,Спецификация по умолчанию для {0} не найдена,
Default BOM not found for Item {0} and Project {1},Спецификация по умолчанию для позиции {0} и проекта {1} не найдена,
Default Letter Head,Фирменный бланк по умолчанию,
Default Tax Template,Шаблон налогов по умолчанию,
Default Unit of Measure for Item {0} cannot be changed directly because you have already made some transaction(s) with another UOM. You will need to create a new Item to use a different Default UOM.,"Единицу измерения по умолчанию для позиции {0} нельзя изменить напрямую, так как уже существуют операции с другой единицей измерения. Для использования другой единицы измерения по умолчанию необходимо создать новую позицию.",
Default Unit of Measure for Variant '{0}' must be same as in Template '{1}',Единица измерения по умолчанию для варианта '{0}' должна совпадать с шаблоном '{1}',
Default settings for buying transactions.,Настройки по умолчанию для операций закупки.,
Default settings for selling transactions.,Настройки по умолчанию для операций продажи.,
Default tax templates for sales and purchase are created.,Созданы шаблоны налогов по умолчанию для продаж и закупок.,
Defaults,Значения по умолчанию,
Defense,Оборона,
Define Project type.,Определить тип проекта.,
Define budget for a financial year.,Определить бюджет на финансовый год.,
Define various loan types,Определить типы кредитов,
Delay in payment (Days),Просрочка платежа (дней),
Delete all the Transactions for this Company,Удалить все операции этой компании,
Deletion is not permitted for country {0},Удаление не разрешено для страны {0},
Delivered,Доставлено,
Delivered Amount,Доставленная сумма,
Delivered Qty,Доставленное количество,
Delivered: {0},Доставлено: {0},
Delivery,Доставка,
Delivery Date,Дата доставки,
Delivery Note,Накладная,
Delivery Note {0} is not submitted,Накладная {0} не проведена,
Delivery Note {0} must not be submitted,Накладная {0} не должна быть проведена,
Delivery Notes {0} must be cancelled before cancelling this Sales Order,Накладные {0} должны быть отменены перед отменой этого заказа на продажу,
Delivery Notes {0} updated,Накладные {0} обновлены,
Delivery Status,Статус доставки,
Delivery Trip,Рейс доставки,
Delivery warehouse required for stock item {0},Требуется указать склад отгрузки для складской позиции {0},
Department,Подразделение,
Department Stores,Универмаги,
Depreciation,Амортизация,
Depreciation Amount,Сумма амортизации,
Depreciation Amount during the period,Сумма амортизации за период,
Depreciation Date,Дата амортизации,
Depreciation Eliminated due to disposal of assets,Амортизация прекращена в связи с выбытием активов,
Depreciation Entry,Проводка по амортизации,
Depreciation Method,Метод амортизации,
Depreciation Row {0}: Depreciation Start Date is entered as past date,Строка амортизации {0}: дата начала амортизации указана прошедшей датой,
Depreciation Row {0}: Expected value after useful life must be greater than or equal to {1},Строка амортизации {0}: ожидаемая стоимость после срока полезного использования должна быть больше или равна {1},
Depreciation Row {0}: Next Depreciation Date cannot be before Available-for-use Date,Строка амортизации {0}: следующая дата амортизации не может быть раньше даты ввода в эксплуатацию,
Depreciation Row {0}: Next Depreciation Date cannot be before Purchase Date,Строка амортизации {0}: следующая дата амортизации не может быть раньше даты приобретения,
Designer,Дизайнер,
Detailed Reason,Подробное обоснование,
Details,Подробности,
Details of Outward Supplies and inward supplies liable to reverse charge,Сведения об исходящих поставках и входящих поставках с обратным начислением,
Details of the operations carried out.,Сведения о выполненных операциях.,
Diagnosis,Диагностика,
Did not find any item called {0},Не найдена позиция с названием {0},
Diff Qty,Расхождение количества,
Difference Account,Счет расхождений,
"Difference Account must be a Asset/Liability type account, since this Stock Reconciliation is an Opening Entry","Счет расхождений должен быть счетом активов/пассивов, так как эта инвентаризация является входящим остатком",
Difference Amount,Сумма расхождения,
Difference Amount must be zero,Сумма расхождения должна быть равна нулю,
Different UOM for items will lead to incorrect (Total) Net Weight value. Make sure that Net Weight of each item is in the same UOM.,"Разные единицы измерения для позиций приведут к некорректному значению общего веса нетто. Убедитесь, что вес нетто каждой позиции указан в одинаковых единицах измерения.",
Direct Expenses,Прямые расходы,
Direct Income,Прямые доходы,
Disable,Отключить,
Disabled template must not be default template,Отключенный шаблон не может быть шаблоном по умолчанию,
Disburse Loan,Выдать кредит,
Disbursed,Выдано,
Disc,Скидка,
Discharge,Выписка,
Discount,Скидка,
Discount Percentage can be applied either against a Price List or for all Price List.,Процент скидки может применяться либо к конкретному прайс-листу либо ко всем прайс-листам.,
Discount must be less than 100,Скидка должна быть меньше 100,
Diseases & Fertilizers,Болезни и удобрения,
Dispatch,Отправка,
Dispatch Notification,Уведомление об отправке,
Dispatch State,Статус отправки,
Distance,Расстояние,
Distribution,Дистрибуция,
Distributor,Дистрибьютор,
Dividends Paid,Выплаченные дивиденды,
Do you really want to restore this scrapped asset?,Вы действительно хотите восстановить этот списанный актив?,
Do you really want to scrap this asset?,Вы действительно хотите списать этот актив?,
Do you want to notify all the customers by email?,Вы хотите уведомить всех клиентов по электронной почте?,
Doc Date,Дата документа,
Doc Name,Название документа,
Doc Type,Тип документа,
Docs Search,Поиск документов,
Document Name,Название документа,
Document Type,Тип документа,
Domain,Домен,
Domains,Домены,
Done,Готово,
Donor,Донор,
Donor Type information.,Информация о типе донора.,
Donor information.,Информация о доноре.,
Download JSON,Скачать JSON,
Draft,Черновик,
Drop Ship,Прямая поставка,
Drug,Лекарственное средство,
Due / Reference Date cannot be after {0},Срок оплаты / контрольная дата не может быть позже {0},
Due Date cannot be before Posting / Supplier Invoice Date,Срок оплаты не может быть раньше даты проводки / даты счета поставщика,
Due Date is mandatory,Срок оплаты обязателен,
Duplicate Entry. Please check Authorization Rule {0},Дублирующаяся запись. Проверьте правило авторизации {0},
Duplicate Serial No entered for Item {0},Введен дублирующийся серийный номер для позиции {0},
Duplicate customer group found in the cutomer group table,Найдена дублирующаяся группа клиентов в таблице групп клиентов,
Duplicate entry,Дублирующаяся запись,
Duplicate item group found in the item group table,Найдена дублирующаяся группа номенклатуры в таблице групп номенклатуры,
Duplicate roll number for student {0},Дублирующийся номер для учащегося {0},
Duplicate row {0} with same {1},Дублирующаяся строка {0} с тем же {1},
Duplicate {0} found in the table,В таблице найден дубликат {0},
Duration in Days,Продолжительность в днях,
Duties and Taxes,Пошлины и налоги,
E-Invoicing Information Missing,Отсутствует информация об электронном выставлении счетов,
ERPNext Demo,Демо ERPNext,
ERPNext Settings,Настройки ERPNext,
Earliest,Самый ранний,
Earnest Money,Задаток,
Edit,Редактировать,
Edit Publishing Details,Редактировать информацию о публикации,
"Edit in full page for more options like assets, serial nos, batches etc.","Редактируйте на полной странице для дополнительных параметров: основные средства, серийные номера, партии и т.д.",
Education,Образование,
Either location or employee must be required,Необходимо указать местоположение или сотрудника,
Either target qty or target amount is mandatory,Необходимо указать целевое количество или целевую сумму,
Either target qty or target amount is mandatory.,Необходимо указать целевое количество или целевую сумму.,
Electrical,Электрооборудование,
Electronic Equipments,Электронное оборудование,
Electronics,Электроника,
Eligible ITC,Допустимый налоговый вычет,
Email Account,Учетная запись электронной почты,
Email Address,Адрес электронной почты,
"Email Address must be unique, already exists for {0}","Адрес электронной почты должен быть уникальным, уже существует для {0}",
Email Digest: ,Email-дайджест:,
Email Reminders will be sent to all parties with email contacts,Напоминания будут отправлены по электронной почте всем участникам с email-контактами,
Email Sent,Письмо отправлено,
Email Template,Шаблон электронного письма,
Email not found in default contact,Адрес электронной почты не найден в контакте по умолчанию,
Email sent to {0},Письмо отправлено на адрес {0},
Employee,Сотрудник,
Employee Advances,Авансы сотрудникам,
Employee ID,Табельный номер,
Employee Lifecycle,Жизненный цикл сотрудника,
Employee Name,ФИО сотрудника,
Employee Promotion cannot be submitted before Promotion Date,Повышение не может быть проведено до даты повышения,
Employee Transfer cannot be submitted before Transfer Date,Перевод не может быть проведен до даты перевода,
Employee cannot report to himself.,Сотрудник не может быть подчинен самому себе.,
Employee {0} has already applied for {1} between {2} and {3} : ,Сотрудник {0} уже подал заявку на {1} в период с {2} по {3}:,
Employee {0} of grade {1} have no default leave policy,У сотрудника {0} грейда {1} не установлена политика отпусков по умолчанию,
Enable / disable currencies.,Включить/отключить валюты.,
Enabled,Включено,
"Enabling 'Use for Shopping Cart', as Shopping Cart is enabled and there should be at least one Tax Rule for Shopping Cart","Включается 'Использовать для корзины', так как корзина активна и должно быть хотя бы одно налоговое правило для корзины",
End Date,Дата окончания,
End Date can not be less than Start Date,Дата окончания не может быть раньше даты начала,
End Date cannot be before Start Date.,Дата окончания не может быть раньше даты начала.,
End Year,Год окончания,
End Year cannot be before Start Year,Год окончания не может быть раньше года начала,
End on,Окончание,
Ends On date cannot be before Next Contact Date.,Дата окончания не может быть раньше даты следующего контакта.,
Energy,Энергетика,
Engineer,Инженер,
Enough Parts to Build,Достаточно комплектующих для сборки,
Enroll,Зачислить,
Enrolling student,Зачисление учащегося,
Enrolling students,Зачисление учащихся,
Enter depreciation details,Введите данные об амортизации,
Enter the Bank Guarantee Number before submittting.,Введите номер банковской гарантии перед отправкой.,
Enter the name of the Beneficiary before submittting.,Введите имя получателя перед отправкой.,
Enter the name of the bank or lending institution before submittting.,Введите название банка или кредитной организации перед отправкой.,
Enter value betweeen {0} and {1},Введите значение между {0} и {1},
Entertainment & Leisure,Развлечения и досуг,
Entertainment Expenses,Представительские расходы,
Equity,Собственный капитал,
Error Log,Журнал ошибок,
Error evaluating the criteria formula,Ошибка при вычислении формулы критериев,
Error in formula or condition: {0},Ошибка в формуле или условии: {0},
Error: Not a valid id?,Ошибка: Недействительный ID?,
Estimated Cost,Предварительная стоимость,
"Even if there are multiple Pricing Rules with highest priority, then following internal priorities are applied:","Даже если существует несколько правил ценообразования с наивысшим приоритетом, применяются следующие внутренние приоритеты:",
Exchange Gain/Loss,Прибыль/убыток от курсовой разницы,
Exchange Rate Revaluation master.,Справочник переоценки обменных курсов.,
Exchange Rate must be same as {0} {1} ({2}),Обменный курс должен совпадать с {0} {1} ({2}),
Excise Invoice,Акцизная накладная,
Execution,Исполнение,
Executive Search,Поиск руководителей,
Expand All,Развернуть все,
Expected Delivery Date,Ожидаемая дата доставки,
Expected Delivery Date should be after Sales Order Date,Ожидаемая дата доставки должна быть позже даты заказа на продажу,
Expected End Date,Ожидаемая дата завершения,
Expected Hrs,Ожидаемые часы,
Expected Start Date,Ожидаемая дата начала,
Expense,Расход,
Expense / Difference account ({0}) must be a 'Profit or Loss' account,Счет расходов/разницы ({0}) должен быть счетом прибылей и убытков,
Expense Account,Счет расходов,
Expense Claim,Авансовый отчет,
Expense Claims,Авансовые отчеты,
Expense account is mandatory for item {0},Счет расходов обязателен для позиции {0},
Expenses,Расходы,
Expenses Included In Asset Valuation,Расходы включенные в стоимость основных средств,
Expenses Included In Valuation,Расходы включенные в оценку стоимости,
Expired Batches,Просроченные партии,
Expires On,Срок действия до,
Expiring On,Истекает,
Expiry (In Days),Срок действия (в днях),
Explore,Обзор,
Export E-Invoices,Экспорт электронных счетов,
Extra Large,Очень большой,
Extra Small,Очень маленький,
Fail,Ошибка,
Failed,Не выполнено,
Failed to create website,Не удалось создать веб-сайт,
Failed to install presets,Не удалось установить предустановки,
Failed to login,Не удалось войти в систему,
Failed to setup company,Не удалось настроить компанию,
Failed to setup defaults,Не удалось установить значения по умолчанию,
Failed to setup post company fixtures,Не удалось настроить дополнительные параметры компании,
Fax,Факс,
Fee,Сбор,
Fee Created,Сбор создан,
Fee Creation Failed,Не удалось создать сбор,
Fee Creation Pending,Создание сбора в ожидании,
Fee Records Created - {0},Создано записей сборов - {0},
Feedback,Обратная связь,
Fees,Сборы,
Female,Женский,
Fetch Data,Получить данные,
Fetch Subscription Updates,Получить обновления подписки,
Fetch exploded BOM (including sub-assemblies),Получить развернутую спецификацию (включая подсборки),
Fetching records......,Получение записей......,
Field Name,Название поля,
Fieldname,Название поля,
Fields,Поля,
"Filter Fields Row #{0}: Fieldname <b>{1}</b> must be of type ""Link"" or ""Table MultiSelect""","Строка полей фильтра #{0}: поле <b>{1}</b> должно иметь тип ""Ссылка"" или ""Множественный выбор из таблицы""",
Filter Total Zero Qty,Фильтровать позиции с нулевым количеством,
Finance Book,Финансовая книга,
Financial / accounting year.,Финансовый/отчетный год.,
Financial Services,Финансовые услуги,
Financial Statements,Финансовая отчетность,
Financial Year,Финансовый год,
Finish,Завершить,
Finished Good,Готовая продукция,
Finished Good Item Code,Код готовой продукции,
Finished Goods,Готовая продукция,
Finished Item {0} must be entered for Manufacture type entry,Готовая продукция {0} должна быть указана для производственной операции,
Finished product quantity <b>{0}</b> and For Quantity <b>{1}</b> cannot be different,Количество готовой продукции <b>{0}</b> и количество для производства <b>{1}</b> не могут различаться,
First Name,Имя,
"Fiscal Regime is mandatory, kindly set the fiscal regime in the company {0}",Необходимо указать налоговый режим для компании {0},
Fiscal Year,Финансовый год,
Fiscal Year End Date should be one year after Fiscal Year Start Date,Дата окончания финансового года должна быть через год после даты начала финансового года,
Fiscal Year Start Date and Fiscal Year End Date are already set in Fiscal Year {0},Даты начала и окончания финансового года уже установлены для финансового года {0},
Fiscal Year Start Date should be one year earlier than Fiscal Year End Date,Дата начала финансового года должна быть на год раньше даты окончания финансового года,
Fiscal Year {0} does not exist,Финансовый год {0} не существует,
Fiscal Year {0} is required,Требуется указать финансовый год {0},
Fixed Asset,Основное средство,
Fixed Asset Item must be a non-stock item.,Основное средство должно быть неcкладской позицией.,
Fixed Assets,Основные средства,
Following Material Requests have been raised automatically based on Item's re-order level,Следующие заявки на материалы были созданы автоматически на основе точки заказа,
Following accounts might be selected in GST Settings:,В настройках НДС можно выбрать следующие счета:,
Following course schedules were created,Созданы следующие расписания курсов,
Following item {0} is not marked as {1} item. You can enable them as {1} item from its Item master,Позиция {0} не отмечена как {1}. Вы можете включить этот признак в карточке номенклатуры,
Following items {0} are not marked as {1} item. You can enable them as {1} item from its Item master,Позиции {0} не отмечены как {1}. Вы можете включить этот признак в карточках номенклатуры,
"Food, Beverage & Tobacco","Продукты питания, напитки и табак",
For,Для,
"For 'Product Bundle' items, Warehouse, Serial No and Batch No will be considered from the 'Packing List' table. If Warehouse and Batch No are same for all packing items for any 'Product Bundle' item, those values can be entered in the main Item table, values will be copied to 'Packing List' table.","Для позиций типа 'Набор' склад, серийный номер и номер партии будут взяты из таблицы 'Упаковочный лист'. Если склад и номер партии одинаковы для всех позиций набора, эти значения можно ввести в основной таблице позиций, они будут скопированы в таблицу 'Упаковочный лист'.",
For Quantity (Manufactured Qty) is mandatory,Количество для производства обязательно для заполнения,
For Supplier,Для поставщика,
For Warehouse,Для склада,
For Warehouse is required before Submit,Необходимо указать склад перед проведением,
"For an item {0}, quantity must be negative number",Для позиции {0} количество должно быть отрицательным числом,
"For an item {0}, quantity must be positive number",Для позиции {0} количество должно быть положительным числом,
"For job card {0}, you can only make the 'Material Transfer for Manufacture' type stock entry",Для производственного задания {0} можно создать только складскую операцию типа 'Передача материалов в производство',
"For row {0} in {1}. To include {2} in Item rate, rows {3} must also be included",Для строки {0} в {1}. Чтобы включить {2} в цену позиции строки {3} также должны быть включены,
For row {0}: Enter Planned Qty,Для строки {0}: введите планируемое количество,
"For {0}, only credit accounts can be linked against another debit entry",Для {0} только кредитовые счета могут быть связаны с дебетовой проводкой,
"For {0}, only debit accounts can be linked against another credit entry",Для {0} только дебетовые счета могут быть связаны с кредитовой проводкой,
Forum Activity,Активность на форуме,
Free item code is not selected,Не выбран код бесплатной позиции,
Freight and Forwarding Charges,Транспортные и экспедиторские расходы,
Frequency,Периодичность,
Friday,Пятница,
From,От,
From Address 1,Адрес отправителя 1,
From Address 2,Адрес отправителя 2,
From Currency and To Currency cannot be same,Исходная и целевая валюты не могут совпадать,
From Date and To Date lie in different Fiscal Year,Начальная и конечная даты относятся к разным финансовым годам,
From Date cannot be greater than To Date,Начальная дата не может быть позже конечной даты,
From Date must be before To Date,Начальная дата должна быть раньше конечной даты,
From Date should be within the Fiscal Year. Assuming From Date = {0},Начальная дата должна быть в пределах финансового года. Предполагаемая начальная дата = {0},
From Datetime,Начальные дата и время,
From Delivery Note,Из накладной,
From Fiscal Year,Из финансового года,
From GSTIN,Из GSTIN,
From Party Name,От контрагента,
From Pin Code,Из почтового индекса,
From Place,Из места,
From Range has to be less than To Range,Начальный диапазон должен быть меньше конечного диапазона,
From State,Из региона,
From Time,Время начала,
From Time Should Be Less Than To Time,Время начала должно быть меньше времени окончания,
From Time cannot be greater than To Time.,Время начала не может быть позже времени окончания.,
"From a supplier under composition scheme, Exempt and Nil rated","От поставщика на упрощенной системе налогообложения, освобожденного от налогов или с нулевой ставкой",
From and To dates required,Требуются начальная и конечная даты,
From value must be less than to value in row {0},Начальное значение должно быть меньше конечного значения в строке {0},
From {0} | {1} {2},С {0} | {1} {2},
Fulfillment,Исполнение,
Full Name,Полное имя,
Fully Depreciated,Полностью самортизировано,
Furnitures and Fixtures,Мебель и оборудование,
"Further accounts can be made under Groups, but entries can be made against non-Groups","Дополнительные счета можно создавать в группах, но проводки можно делать только по элементам",
Further cost centers can be made under Groups but entries can be made against non-Groups,"Дополнительные центры затрат можно создавать в группах, но проводки можно делать только по элементам",
Further nodes can be only created under 'Group' type nodes,Дополнительные узлы можно создавать только под узлами типа 'Группа',
GSTIN,GSTIN,
GSTR3B-Form,Форма GSTR3B,
Gain/Loss on Asset Disposal,Прибыль/убыток от выбытия основных средств,
Gantt Chart,Диаграмма Ганта,
Gantt chart of all tasks.,Диаграмма Ганта всех задач.,
Gender,Пол,
General,Общие,
General Ledger,Главная книга,
Generate Material Requests (MRP) and Work Orders.,Создать заявки на материалы (MRP) и производственные заказы.,
Generate Secret,Создать секретный ключ,
Get Invocies,Получить счета,
Get Invoices,Получить счета,
Get Invoices based on Filters,Получить счета по фильтрам,
Get Items from BOM,Получить позиции из спецификации,
Get Items from Healthcare Services,Получить позиции из медицинских услуг,
Get Items from Prescriptions,Получить позиции из рецептов,
Get Items from Product Bundle,Получить позиции из набора,
Get Suppliers,Получить поставщиков,
Get Suppliers By,Получить поставщиков по,
Get Updates,Получить обновления,
Get customers from,Получить клиентов из,
Get from Patient Encounter,Получить из приема пациента,
Getting Started,Начало работы,
GitHub Sync ID,ID синхронизации GitHub,
Global settings for all manufacturing processes.,Глобальные настройки для всех производственных процессов.,
Go to the Desktop and start using ERPNext,Перейдите на рабочий стол и начните использовать ERPNext,
GoCardless SEPA Mandate,Мандат SEPA GoCardless,
GoCardless payment gateway settings,Настройки платежного шлюза GoCardless,
Goal and Procedure,Цель и процедура,
Goals cannot be empty,Цели не могут быть пустыми,
Goods In Transit,Товары в пути,
Goods Transferred,Товары переданы,
Goods and Services Tax (GST India),Налог на товары и услуги (GST Индия),
Goods are already received against the outward entry {0},Товары уже получены по исходящей записи {0},
Government,Государственный сектор,
Grand Total,Итого,
Grant,Грант,
Grant Application,Заявка на грант,
Grant Leaves,Предоставить отпуска,
Grant information.,Информация о гранте.,
Grocery,Продукты питания,
Gross Profit,Валовая прибыль,
Gross Profit %,Процент валовой прибыли,
Gross Profit / Loss,Валовая прибыль/убыток,
Gross Purchase Amount,Валовая сумма закупки,
Gross Purchase Amount is mandatory,Валовая сумма закупки обязательна для заполнения,
Group by Account,Группировать по счетам,
Group by Party,Группировать по контрагентам,
Group by Voucher,Группировать по документам,
Group by Voucher (Consolidated),Группировать по документам (консолидировано),
Group node warehouse is not allowed to select for transactions,Склад типа 'Группа' нельзя выбрать для операций,
Group to Non-Group,Преобразовать группу в элемент,
Group your students in batches,Сгруппируйте учащихся по группам,
Groups,Группы,
Guardian1 Email ID,Email опекуна 1,
Guardian1 Mobile No,Мобильный телефон опекуна 1,
Guardian1 Name,ФИО опекуна 1,
Guardian2 Email ID,Email опекуна 2,
Guardian2 Mobile No,Мобильный телефон опекуна 2,
Guardian2 Name,ФИО опекуна 2,
HR Manager,Руководитель отдела кадров,
HSN,HSN,
HSN/SAC,HSN/SAC,
Half Yearly,Полугодовой,
Half-Yearly,Полугодовой,
Hardware,Оборудование,
Head of Marketing and Sales,Руководитель отдела маркетинга и продаж,
Health Care,Здравоохранение,
Healthcare,Здравоохранение,
Healthcare (beta),Здравоохранение (бета),
Healthcare Practitioner,Медицинский специалист,
Healthcare Practitioner not available on {0},Медицинский специалист недоступен {0},
Healthcare Practitioner {0} not available on {1},Медицинский специалист {0} недоступен {1},
Healthcare Service Unit,Медицинское подразделение,
Healthcare Service Unit Tree,Структура медицинских подразделений,
Healthcare Service Unit Type,Тип медицинского подразделения,
Healthcare Services,Медицинские услуги,
Healthcare Settings,Настройки здравоохранения,
Help Results for,Результаты поиска справки для,
High,Высокий,
High Sensitivity,Высокая чувствительность,
Hold,Приостановить,
Hold Invoice,Приостановить счет,
Holiday,Праздничный день,
Holiday List,Список праздничных дней,
Hotel Rooms of type {0} are unavailable on {1},Гостиничные номера типа {0} недоступны на {1},
Hotels,Гостиницы,
Hourly,Почасовой,
Hours,Часы,
How Pricing Rule is applied?,Как применяется правило ценообразования?,
Hub Category,Категория хаба,
Hub Sync ID,ID синхронизации хаба,
Human Resource,Управление персоналом,
Human Resources,Управление персоналом,
IGST Amount,Сумма IGST,
IP Address,IP-адрес,
ITC Available (whether in full op part),Доступный налоговый вычет (полный или частичный),
ITC Reversed,Отмененный налоговый вычет,
Identifying Decision Makers,Определение лиц принимающих решения,
"If Auto Opt In is checked, then the customers will be automatically linked with the concerned Loyalty Program (on save)","Если включено автоматическое подключение, клиенты будут автоматически привязаны к соответствующей программе лояльности (при сохранении)",
"If multiple Pricing Rules continue to prevail, users are asked to set Priority manually to resolve conflict.","Если действует несколько правил ценообразования, пользователям необходимо вручную установить приоритеты для разрешения конфликта.",
"If selected Pricing Rule is made for 'Rate', it will overwrite Price List. Pricing Rule rate is the final rate, so no further discount should be applied. Hence, in transactions like Sales Order, Purchase Order etc, it will be fetched in 'Rate' field, rather than 'Price List Rate' field.","Если правило ценообразования создано для 'Цены', оно перезапишет прайс-лист. Цена из правила ценообразования является окончательной, поэтому дополнительные скидки не применяются. В документах типа заказа на продажу, заказа на закупку и т.д. она будет отображаться в поле 'Цена', а не в поле 'Цена из прайс-листа'.",
"If two or more Pricing Rules are found based on the above conditions, Priority is applied. Priority is a number between 0 to 20 while default value is zero (blank). Higher number means it will take precedence if there are multiple Pricing Rules with same conditions.","Если найдено два или более правил ценообразования на основе указанных условий, применяется приоритет. Приоритет - это число от 0 до 20, значение по умолчанию - ноль (пусто). Большее число означает более высокий приоритет при наличии нескольких правил ценообразования с одинаковыми условиями.",
"If unlimited expiry for the Loyalty Points, keep the Expiry Duration empty or 0.",Для бессрочного действия баллов лояльности оставьте срок действия пустым или укажите 0.,
"If you have any questions, please get back to us.","Если у вас есть вопросы, пожалуйста, свяжитесь с нами.",
Ignore Existing Ordered Qty,Игнорировать уже заказанное количество,
Image,Изображение,
Image View,Просмотр изображения,
Import Data,Импорт данных,
Import Day Book Data,Импорт данных журнала операций,
Import Log,Журнал импорта,
Import Master Data,Импорт основных данных,
Import in Bulk,Массовый импорт,
Import of goods,Импорт товаров,
Import of services,Импорт услуг,
Importing Items and UOMs,Импорт номенклатуры и единиц измерения,
Importing Parties and Addresses,Импорт контрагентов и адресов,
In Maintenance,На обслуживании,
In Production,В производстве,
In Qty,Количество входящих,
In Stock Qty,Количество в наличии,
In Stock: ,В наличии: ,
In Value,В суммовом выражении,
"In the case of multi-tier program, Customers will be auto assigned to the concerned tier as per their spent",В случае многоуровневой программы клиенты будут автоматически распределены по уровням в соответствии с их расходами,
Inactive,Неактивный,
Incentives,Стимулирование,
Include Default FB Entries,Включить стандартные записи финансовой книги,
Include Exploded Items,Включить развернутые позиции,
Include POS Transactions,Включить операции через POS,
Include UOM,Включить единицу измерения,
Included in Gross Profit,Включено в валовую прибыль,
Income,Доходы,
Income Account,Счет доходов,
Income Tax,Налог на прибыль,
Incoming,Входящий,
Incoming Rate,Входящая цена,
Incorrect number of General Ledger Entries found. You might have selected a wrong Account in the transaction.,"Найдено неверное количество проводок в главной книге. Возможно, в операции выбран неверный счет.",
Increment cannot be 0,Приращение не может быть 0,
Increment for Attribute {0} cannot be 0,Приращение для атрибута {0} не может быть 0,
Indirect Expenses,Косвенные расходы,
Indirect Income,Косвенные доходы,
Individual,Физическое лицо,
Ineligible ITC,Недопустимый налоговый вычет,
Initiated,Инициировано,
Inpatient Record,Карта стационарного больного,
Installation Note,Акт установки,
Installation Note {0} has already been submitted,Акт установки {0} уже проведен,
Installation date cannot be before delivery date for Item {0},Дата установки не может быть раньше даты доставки для позиции {0},
Installing presets,Установка предустановок,
Institute Abbreviation,Сокращенное название учреждения,
Institute Name,Название учреждения,
Instructor,Инструктор,
Insufficient Stock,Недостаточно запасов,
Insurance Start date should be less than Insurance End date,Дата начала страхования должна быть раньше даты окончания страхования,
Integrated Tax,Интегрированный налог,
Inter-State Supplies,Межрегиональные поставки,
Internet Publishing,Интернет-публикации,
Intra-State Supplies,Внутрирегиональные поставки,
Introduction,Введение,
Invalid Attribute,Недопустимый атрибут,
Invalid Blanket Order for the selected Customer and Item,Недопустимый рамочный договор для выбранного клиента и позиции,
Invalid Company for Inter Company Transaction.,Недопустимая компания для внутригрупповой операции.,
Invalid GSTIN! A GSTIN must have 15 characters.,Недопустимый GSTIN! GSTIN должен содержать 15 символов.,
Invalid GSTIN! First 2 digits of GSTIN should match with State number {0}.,Недопустимый GSTIN! Первые 2 цифры GSTIN должны совпадать с кодом региона {0}.,
Invalid GSTIN! The input you've entered doesn't match the format of GSTIN.,Недопустимый GSTIN! Введенное значение не соответствует формату GSTIN.,
Invalid Posting Time,Недопустимое время проводки,
Invalid attribute {0} {1},Недопустимый атрибут {0} {1},
Invalid quantity specified for item {0}. Quantity should be greater than 0.,Указано недопустимое количество для позиции {0}. Количество должно быть больше 0.,
Invalid reference {0} {1},Недопустимая ссылка {0} {1},
Invalid {0},Недопустимый {0},
Invalid {0} for Inter Company Transaction.,Недопустимый {0} для внутригрупповой операции.,
Invalid {0}: {1},Недопустимый {0}: {1},
Inventory,Складской учет,
Investment Banking,Инвестиционно-банковская деятельность,
Investments,Инвестиции,
Invoice,Счет,
Invoice Created,Счет создан,
Invoice Discounting,Дисконтирование счета,
Invoice Patient Registration,Регистрация пациента по счету,
Invoice Posting Date,Дата проводки счета,
Invoice Type,Тип счета,
Invoice already created for all billing hours,Счет уже создан для всех оплачиваемых часов,
Invoice can't be made for zero billing hour,Невозможно создать счет для нулевого количества оплачиваемых часов,
Invoice {0} no longer exists,Счет {0} больше не существует,
Invoiced,Выставлен счет,
Invoiced Amount,Сумма выставленных счетов,
Invoices,Счета,
Invoices for Costumers.,Счета клиентам.,
Inward supplies from ISD,Входящие поставки от ISD,
Inward supplies liable to reverse charge (other than 1 & 2 above),Входящие поставки с обратным начислением (кроме пунктов 1 и 2 выше),
Is Active,Активен,
Is Default,По умолчанию,
Is Existing Asset,Является существующим активом,
Is Frozen,Заблокирован,
Is Group,Является группой,
Issue,Проблема,
Issue Material,Выдача материалов,
Issued,Выдано,
Issues,Проблемы,
It is needed to fetch Item Details.,Необходимо получить информацию о позиции.,
Item,Номенклатура,
Item 1,Позиция 1,
Item 2,Позиция 2,
Item 3,Позиция 3,
Item 4,Позиция 4,
Item 5,Позиция 5,
Item Cart,Корзина,
Item Code,Код номенклатуры,
Item Code cannot be changed for Serial No.,Код номенклатуры нельзя изменить для серийного номера,
Item Code required at Row No {0},Требуется код номенклатуры в строке № {0},
Item Description,Описание номенклатуры,
Item Group,Номенклатурная группа,
Item Group Tree,Дерево номенклатурных групп,
Item Group not mentioned in item master for item {0},Номенклатурная группа не указана в карточке номенклатуры для позиции {0},
Item Name,Наименование номенклатуры,
Item Price added for {0} in Price List {1},Цена для номенклатуры {0} добавлена в прайс-лист {1},
"Item Price appears multiple times based on Price List, Supplier/Customer, Currency, Item, UOM, Qty and Dates.","Цена номенклатуры отображается несколько раз на основе прайс-листа, поставщика/клиента, валюты, номенклатуры, единицы измерения, количества и дат.",
Item Price updated for {0} in Price List {1},Цена для номенклатуры {0} обновлена в прайс-листе {1},
Item Row {0}: {1} {2} does not exist in above '{1}' table,Строка {0}: {1} {2} не существует в таблице '{1}' выше,
Item Tax Row {0} must have account of type Tax or Income or Expense or Chargeable,Строка налога {0} должна иметь счет типа Налог/Доход/Расход/Начисление,
Item Template,Шаблон номенклатуры,
Item Variant Settings,Настройки вариантов номенклатуры,
Item Variant {0} already exists with same attributes,Вариант номенклатуры {0} с такими атрибутами уже существует,
Item Variants,Варианты номенклатуры,
Item Variants updated,Варианты номенклатуры обновлены,
Item has variants.,Номенклатура имеет варианты.,
Item must be added using 'Get Items from Purchase Receipts' button,Номенклатуру необходимо добавить с помощью кнопки 'Получить позиции из приходных накладных',
Item valuation rate is recalculated considering landed cost voucher amount,Ставка оценки номенклатуры пересчитана с учетом суммы документа по дополнительным расходам,
Item variant {0} exists with same attributes,Вариант номенклатуры {0} с такими атрибутами уже существует,
Item {0} does not exist,Номенклатура {0} не существует,
Item {0} does not exist in the system or has expired,Номенклатура {0} не существует в системе или срок действия истек,
Item {0} has already been returned,Номенклатура {0} уже возвращена,
Item {0} has been disabled,Номенклатура {0} отключена,
Item {0} has reached its end of life on {1},Срок годности номенклатуры {0} истек {1},
Item {0} ignored since it is not a stock item,Номенклатура {0} пропущена так как не является складской позицией,
"Item {0} is a template, please select one of its variants","Номенклатура {0} является шаблоном, выберите один из её вариантов",
Item {0} is cancelled,Номенклатура {0} отменена,
Item {0} is disabled,Номенклатура {0} отключена,
Item {0} is not a serialized Item,Номенклатура {0} не является серийной позицией,
Item {0} is not a stock Item,Номенклатура {0} не является складской позицией,
Item {0} is not active or end of life has been reached,Номенклатура {0} неактивна или срок годности истек,
Item {0} is not setup for Serial Nos. Check Item master,Номенклатура {0} не настроена для серийных номеров. Проверьте карточку номенклатуры,
Item {0} is not setup for Serial Nos. Column must be blank,Номенклатура {0} не настроена для серийных номеров. Колонка должна быть пустой,
Item {0} must be a Fixed Asset Item,Номенклатура {0} должна быть основным средством,
Item {0} must be a Sub-contracted Item,Номенклатура {0} должна быть позицией для субподряда,
Item {0} must be a non-stock item,Номенклатура {0} должна быть нескладской позицией,
Item {0} must be a stock Item,Номенклатура {0} должна быть складской позицией,
Item {0} not found,Номенклатура {0} не найдена,
Item {0} not found in 'Raw Materials Supplied' table in Purchase Order {1},Номенклатура {0} не найдена в таблице 'Поставляемые материалы' в заказе на закупку {1},
Item {0}: Ordered qty {1} cannot be less than minimum order qty {2} (defined in Item).,Номенклатура {0}: Заказанное количество {1} не может быть меньше минимального количества заказа {2} (указанного в карточке номенклатуры).,
Item: {0} does not exist in the system,Номенклатура: {0} не существует в системе,
Items,Номенклатура,
Items Filter,Фильтр номенклатуры,
Items and Pricing,Номенклатура и цены,
Items for Raw Material Request,Номенклатура для заявки на сырье,
Job Card,Производственное задание,
Job card {0} created,Производственное задание {0} создано,
Join,Присоединиться,
Journal Entries {0} are un-linked,Проводки {0} отвязаны,
Journal Entry,Проводка,
Journal Entry {0} does not have account {1} or already matched against other voucher,Проводка {0} не имеет счета {1} или уже сопоставлена с другим документом,
Kanban Board,Канбан-доска,
Key Reports,Ключевые отчеты,
LMS Activity,Активность в LMS,
Lab Test,Лабораторный тест,
Lab Test Report,Отчет о лабораторном тесте,
Lab Test Sample,Образец для лабораторного теста,
Lab Test Template,Шаблон лабораторного теста,
Lab Test UOM,Единица измерения лабораторного теста,
Lab Tests and Vital Signs,Лабораторные тесты и показатели жизнедеятельности,
Lab result datetime cannot be before testing datetime,Дата и время результата не могут быть раньше даты и времени тестирования,
Lab testing datetime cannot be before collection datetime,Дата и время тестирования не могут быть раньше даты и времени сбора,
Label,Метка,
Laboratory,Лаборатория,
Large,Большой,
Last Communication,Последний контакт,
Last Communication Date,Дата последнего контакта,
Last Name,Фамилия,
Last Order Amount,Сумма последнего заказа,
Last Order Date,Дата последнего заказа,
Last Purchase Price,Последняя цена закупки,
Last Purchase Rate,Последняя цена закупки,
Latest,Последние,
Latest price updated in all BOMs,Последняя цена обновлена во всех спецификациях,
Lead,Лид,
Lead Count,Количество лидов,
Lead Owner,Ответственный за лид,
Lead Owner cannot be same as the Lead,Ответственным за лид не может быть сам лид,
Lead Time Days,Срок поставки (дней),
Lead to Quotation,Преобразовать лид в коммерческое предложение,
"Leads help you get business, add all your contacts and more as your leads","Лиды помогают развивать бизнес, добавляйте все свои контакты как лиды",
Learn,Обучение,
Leave Management,Управление отпусками,
Leave and Attendance,Отпуска и посещаемость,
Leave application {0} already exists against the student {1},Заявление на отпуск {0} уже существует для учащегося {1},
Leaves has been granted sucessfully,Отпуска успешно предоставлены,
Leaves must be allocated in multiples of 0.5,"Отпуска должны предоставляться кратно 0,5",
Ledger,Книга учета,
Legal,Юридический,
Legal Expenses,Юридические расходы,
Letter Head,Фирменный бланк,
Letter Heads for print templates.,Фирменные бланки для шаблонов печати.,
Level,Уровень,
Liability,Обязательства,
Limit Crossed,Лимит превышен,
Link to Material Request,Ссылка на заявку на материалы,
List of all share transactions,Список всех операций с акциями,
List of available Shareholders with folio numbers,Список акционеров с номерами лицевых счетов,
Loading Payment System,Загрузка платежной системы,
Loan,Кредит,
Loan Start Date and Loan Period are mandatory to save the Invoice Discounting,Дата начала и срок кредита обязательны для сохранения дисконтирования счета,
Loans (Liabilities),Кредиты (обязательства),
Loans and Advances (Assets),Кредиты и авансы (активы),
Local,Локальный,
Logs for maintaining sms delivery status,Журналы статуса доставки SMS,
Lost,Проигранные,
Lost Reasons,Причины проигрыша,
Low,Низкий,
Low Sensitivity,Низкая чувствительность,
Lower Income,Низкий доход,
Loyalty Amount,Сумма баллов лояльности,
Loyalty Point Entry,Начисление баллов лояльности,
Loyalty Points,Баллы лояльности,
"Loyalty Points will be calculated from the spent done (via the Sales Invoice), based on collection factor mentioned.",Баллы лояльности будут рассчитаны на основе потраченных средств (через счет продажи) с учетом указанного коэффициента накопления.,
Loyalty Points: {0},Баллы лояльности: {0},
Loyalty Program,Программа лояльности,
Main,Основное,
Maintenance,Обслуживание,
Maintenance Log,Журнал обслуживания,
Maintenance Manager,Руководитель службы обслуживания,
Maintenance Schedule,График обслуживания,
Maintenance Schedule is not generated for all the items. Please click on 'Generate Schedule',График обслуживания создан не для всех позиций. Нажмите 'Создать график',
Maintenance Schedule {0} exists against {1},График обслуживания {0} уже существует для {1},
Maintenance Schedule {0} must be cancelled before cancelling this Sales Order,График обслуживания {0} должен быть отменен перед отменой этого заказа на продажу,
Maintenance Status has to be Cancelled or Completed to Submit,Для проведения статус обслуживания должен быть 'Отменен' или 'Завершен',
Maintenance User,Специалист по обслуживанию,
Maintenance Visit,Визит для обслуживания,
Maintenance Visit {0} must be cancelled before cancelling this Sales Order,Визит для обслуживания {0} должен быть отменен перед отменой этого заказа на продажу,
Maintenance start date can not be before delivery date for Serial No {0},Дата начала обслуживания не может быть раньше даты поставки для серийного номера {0},
Make,Создать,
Make Payment,Создать платеж,
Make project from a template.,Создать проект из шаблона.,
Making Stock Entries,Создание складских операций,
Male,Мужской,
Manage Customer Group Tree.,Управление иерархией групп клиентов.,
Manage Sales Partners.,Управление партнерами по продажам.,
Manage Sales Person Tree.,Управление иерархией менеджеров по продажам.,
Manage Territory Tree.,Управление иерархией территорий.,
Manage your orders,Управление заказами,
Management,Руководство,
Manager,Руководитель,
Managing Projects,Управление проектами,
Managing Subcontracting,Управление субподрядом,
Mandatory,Обязательно,
Mandatory field - Academic Year,Обязательное поле - Учебный год,
Mandatory field - Get Students From,Обязательное поле - Источник учащихся,
Mandatory field - Program,Обязательное поле - Программа,
Manufacture,Производство,
Manufacturer,Производитель,
Manufacturer Part Number,Артикул производителя,
Manufacturing,Производство,
Manufacturing Quantity is mandatory,Производственное количество обязательно для заполнения,
Mapping,Сопоставление,
Mapping Type,Тип сопоставления,
Mark Absent,Отметить отсутствие,
Mark Half Day,Отметить неполный день,
Mark Present,Отметить присутствие,
Marketing,Маркетинг,
Marketing Expenses,Маркетинговые расходы,
Marketplace,Торговая площадка,
Marketplace Error,Ошибка торговой площадки,
Masters,Справочники,
Match Payments with Invoices,Сопоставить платежи со счетами,
Match non-linked Invoices and Payments.,Сопоставьте несвязанные счета и платежи.,
Material,Материал,
Material Consumption,Расход материалов,
Material Consumption is not set in Manufacturing Settings.,Расход материалов не настроен в параметрах производства.,
Material Receipt,Приход материалов,
Material Request,Заявка на материалы,
Material Request Date,Дата заявки на материалы,
Material Request No,Заявка на материалы №,
"Material Request not created, as quantity for Raw Materials already available.","Заявка на материалы не создана, так как необходимое количество сырья уже доступно.",
Material Request of maximum {0} can be made for Item {1} against Sales Order {2},Максимум {0} заявок на материалы может быть создано для номенклатуры {1} по заказу на продажу {2},
Material Request to Purchase Order,Создать заказ на закупку из заявки на материалы,
Material Request {0} is cancelled or stopped,Заявка на материалы {0} отменена или остановлена,
Material Request {0} submitted.,Заявка на материалы {0} отправлена.,
Material Transfer,Перемещение материалов,
Material Transferred,Материалы перемещены,
Material to Supplier,Материалы поставщику,
Max discount allowed for item: {0} is {1}%,Максимальная разрешенная скидка для номенклатуры: {0} составляет {1}%,
Max: {0},Макс.: {0},
Maximum Samples - {0} can be retained for Batch {1} and Item {2}.,Максимальное количество образцов - {0} может быть сохранено для партии {1} и номенклатуры {2}.,
Maximum Samples - {0} have already been retained for Batch {1} and Item {2} in Batch {3}.,Максимальное количество образцов - {0} уже сохранено для партии {1} и номенклатуры {2} в партии {3}.,
Maximum discount for Item {0} is {1}%,Максимальная скидка для номенклатуры {0} составляет {1}%,
Medical Code,Медицинский код,
Medical Code Standard,Стандарт медицинского кодирования,
Medical Department,Медицинское отделение,
Medical Record,Медицинская карта,
Medium,Средний,
Member Activity,Активность участника,
Member ID,ID участника,
Member Name,Имя участника,
Member information.,Информация об участнике.,
Membership,Членство,
Membership Details,Детали членства,
Membership ID,ID членства,
Membership Type,Тип членства,
Memebership Details,Детали членства,
Memebership Type Details,Детали типа членства,
Merge,Объединить,
Merge Account,Объединить счет,
Merge with Existing Account,Объединить с существующим счетом,
"Merging is only possible if following properties are same in both records. Is Group, Root Type, Company","Объединение возможно только если следующие свойства одинаковы в обоих записях: Является группой, Корневой тип, Компания",
Message Examples,Примеры сообщений,
Message Sent,Сообщение отправлено,
Method,Метод,
Middle Income,Средний доход,
Middle Name,Отчество,
Middle Name (Optional),Отчество (необязательно),
Min Amt can not be greater than Max Amt,Минимальная сумма не может быть больше максимальной,
Min Qty can not be greater than Max Qty,Минимальное количество не может быть больше максимального,
Minimum Lead Age (Days),Минимальный возраст лида (дней),
Miscellaneous Expenses,Прочие расходы,
Missing Currency Exchange Rates for {0},Отсутствуют курсы обмена валют для {0},
Missing email template for dispatch. Please set one in Delivery Settings.,Отсутствует шаблон email для отправки. Настройте его в параметрах доставки.,
"Missing value for Password, API Key or Shopify URL","Отсутствует значение для пароля, API-ключа или URL Shopify",
Mode of Payment,Способ оплаты,
Mode of Payments,Способы оплаты,
Mode of Transport,Вид транспорта,
Mode of Transportation,Способ транспортировки,
Model,Модель,
Moderate Sensitivity,Умеренная чувствительность,
Monday,Понедельник,
Monthly,Ежемесячно,
Monthly Distribution,Ежемесячное распределение,
More,Еще,
More Information,Дополнительная информация,
More...,Еще...,
Motion Picture & Video,Кино и видео,
Move,Переместить,
Move Item,Переместить номенклатуру,
Multi Currency,Мультивалютный учет,
Multiple Item prices.,Множественные цены номенклатуры.,
Multiple Loyalty Program found for the Customer. Please select manually.,Для клиента найдено несколько программ лояльности. Выберите вручную.,
"Multiple Price Rules exists with same criteria, please resolve conflict by assigning priority. Price Rules: {0}","Существует несколько правил цен с одинаковыми критериями. Разрешите конфликт, назначив приоритеты. Правила цен: {0}",
Multiple Variants,Несколько вариантов,
Multiple fiscal years exist for the date {0}. Please set company in Fiscal Year,Для даты {0} существует несколько финансовых годов. Укажите компанию в настройках финансового года,
Music,Музыка,
Name error: {0},Ошибка в имени: {0},
Name of new Account. Note: Please don't create accounts for Customers and Suppliers,Название нового счета. Примечание: Не создавайте счета для клиентов и поставщиков,
Name or Email is mandatory,Имя или email обязательны для заполнения,
Nature Of Supplies,Характер поставок,
Navigating,Навигация,
Needs Analysis,Анализ потребностей,
Negative Quantity is not allowed,Отрицательное количество недопустимо,
Negative Valuation Rate is not allowed,Отрицательная ставка оценки недопустима,
Negotiation/Review,Переговоры/Рассмотрение,
Net Asset value as on,Чистая стоимость активов на,
Net Cash from Financing,Чистый денежный поток от финансовой деятельности,
Net Cash from Investing,Чистый денежный поток от инвестиционной деятельности,
Net Cash from Operations,Чистый денежный поток от операционной деятельности,
Net Change in Accounts Payable,Чистое изменение кредиторской задолженности,
Net Change in Accounts Receivable,Чистое изменение дебиторской задолженности,
Net Change in Cash,Чистое изменение денежных средств,
Net Change in Equity,Чистое изменение собственного капитала,
Net Change in Fixed Asset,Чистое изменение основных средств,
Net Change in Inventory,Чистое изменение запасов,
Net ITC Available(A) - (B),Чистый доступный НДС к зачету (A) - (B),
Net Profit,Чистая прибыль,
Net Total,Итого,
New Account Name,Новое название счета,
New Address,Новый адрес,
New BOM,Новая спецификация,
New Batch ID (Optional),Новый ID партии (необязательно),
New Batch Qty,Новое количество в партии,
New Company,Новая компания,
New Cost Center Name,Название нового центра затрат,
New Customer Revenue,Выручка от новых клиентов,
New Customers,Новые клиенты,
New Department,Новый отдел,
New Employee,Новый сотрудник,
New Location,Новое местоположение,
New Quality Procedure,Новая процедура контроля качества,
New Sales Invoice,Новый счет на продажу,
New Sales Person Name,Имя нового менеджера по продажам,
New Serial No cannot have Warehouse. Warehouse must be set by Stock Entry or Purchase Receipt,Новый серийный номер не может иметь склад. Склад должен быть установлен через складскую операцию или приходную накладную,
New Warehouse Name,Новое название склада,
New credit limit is less than current outstanding amount for the customer. Credit limit has to be atleast {0},Новый кредитный лимит меньше текущей задолженности клиента. Кредитный лимит должен быть не менее {0},
New task,Новая задача,
New {0} pricing rules are created,Созданы новые правила ценообразования {0},
Newspaper Publishers,Издательства газет,
Next,Далее,
Next Contact By cannot be same as the Lead Email Address,Email следующего контактного лица не может совпадать с email лида,
Next Contact Date cannot be in the past,Дата следующего контакта не может быть в прошлом,
Next Steps,Следующие шаги,
No Action,Нет действий,
No Customers yet!,Клиентов пока нет!,
No Data,Нет данных,
No Delivery Note selected for Customer {},Не выбрана накладная на доставку для клиента {},
No Item with Barcode {0},Нет номенклатуры со штрих-кодом {0},
No Item with Serial No {0},Нет номенклатуры с серийным номером {0},
No Items available for transfer,Нет номенклатуры для перемещения,
No Items selected for transfer,Не выбрана номенклатура для перемещения,
No Items to pack,Нет номенклатуры для упаковки,
No Items with Bill of Materials to Manufacture,Нет номенклатуры со спецификациями для производства,
No Items with Bill of Materials.,Нет номенклатуры со спецификациями.,
No Permission,Нет разрешения,
No Remarks,Нет примечаний,
No Result to submit,Нет результатов для отправки,
No Student Groups created.,Не создано групп учащихся.,
No Students in,Нет учащихся в,
No Tax Withholding data found for the current Fiscal Year.,Не найдены данные по налоговым удержаниям за текущий финансовый год.,
No Work Orders created,Нет производственных заказов,
No accounting entries for the following warehouses,Нет проводок для следующих складов,
No contacts with email IDs found.,Не найдено контактов с email.,
No data for this period,Нет данных за этот период,
No description given,Описание не указано,
No employees for the mentioned criteria,Нет сотрудников по указанным критериям,
No gain or loss in the exchange rate,Нет прибыли или убытка по курсовой разнице,
No items listed,Нет списка номенклатуры,
No items to be received are overdue,Нет просроченных позиций к получению,
No material request created,Нет созданных заявок на материалы,
No of Interactions,Количество взаимодействий,
No of Shares,Количество акций,
No pending Material Requests found to link for the given items.,Не найдено ожидающих заявок на материалы для указанной номенклатуры.,
No products found,Номенклатура не найдена,
No products found.,Номенклатура не найдена.,
No record found,Записи не найдены,
No records found in the Invoice table,В таблице счетов не найдено записей,
No records found in the Payment table,В таблице платежей не найдено записей,
No tasks,Нет задач,
No time sheets,Нет табелей учета времени,
No values,Нет значений,
No {0} found for Inter Company Transactions.,Не найдено {0} для внутригрупповых операций.,
Non GST Inward Supplies,Входящие поставки без НДС,
Non Profit,Некоммерческая организация,
Non Profit (beta),Некоммерческая организация (бета),
Non-GST outward supplies,Исходящие поставки без НДС,
Non-Group to Group,Из элемента в группу,
None,Нет,
None of the items have any change in quantity or value.,Ни у одной позиции не изменилось количество или стоимость.,
Nos,Количество,
Not Available,Недоступно,
Not Marked,Не отмечено,
Not Paid and Not Delivered,Не оплачено и не доставлено,
Not Permitted,Не разрешено,
Not Started,Не начато,
Not active,Неактивно,
Not allow to set alternative item for the item {0},Не разрешено установить альтернативную номенклатуру для позиции {0},
Not allowed to update stock transactions older than {0},Не разрешено обновлять складские операции старше {0},
Not authorized to edit frozen Account {0},Нет прав на редактирование замороженного счета {0},
Not authroized since {0} exceeds limits,"Не авторизовано, так как {0} превышает лимиты",
Not permitted for {0},Не разрешено для {0},
"Not permitted, configure Lab Test Template as required","Не разрешено, настройте шаблон лабораторного теста как требуется",
Not permitted. Please disable the Service Unit Type,Не разрешено. Отключите тип сервисной единицы,
Note: Due / Reference Date exceeds allowed customer credit days by {0} day(s),Примечание: Дата оплаты / Дата документа превышает разрешенный кредитный период клиента на {0} дн.,
Note: Item {0} entered multiple times,Примечание: Номенклатура {0} введена несколько раз,
Note: Payment Entry will not be created since 'Cash or Bank Account' was not specified,"Примечание: Платежная операция не будет создана, так как не указан 'Кассовый или банковский счет'",
Note: System will not check over-delivery and over-booking for Item {0} as quantity or amount is 0,Примечание: Система не будет проверять перепоставку и перерезервирование для номенклатуры {0}, так как количество или сумма равны 0,
Note: There is not enough leave balance for Leave Type {0},Примечание: Недостаточно остатка отпускных дней для типа отпуска {0},
Note: This Cost Center is a Group. Cannot make accounting entries against groups.,Примечание: Этот центр затрат является группой. Нельзя создавать проводки по группам.,
Note: {0},Примечание: {0},
Notes,Примечания,
Nothing is included in gross,Ничего не включено в валовую сумму,
Nothing more to show.,Больше нечего показать.,
Notify Customers via Email,Уведомлять клиентов по email,
Number,Номер,
Number of Depreciations Booked cannot be greater than Total Number of Depreciations,Количество проведенных амортизаций не может быть больше общего количества амортизаций,
Number of Interaction,Количество взаимодействий,
Number of Order,Номер заказа,
"Number of new Account, it will be included in the account name as a prefix","Номер нового счета, будет добавлен к названию счета как префикс",
"Number of new Cost Center, it will be included in the cost center name as a prefix","Номер нового центра затрат, будет добавлен к названию центра затрат как префикс",
Number of root accounts cannot be less than 4,Количество корневых счетов не может быть меньше 4,
Odometer,Одометр,
Office Equipments,Офисное оборудование,
Office Maintenance Expenses,Расходы на обслуживание офиса,
Office Rent,Аренда офиса,
On Hold,На удержании,
On Net Total,На чистую сумму,
One customer can be part of only single Loyalty Program.,Один клиент может участвовать только в одной программе лояльности.,
Online Auctions,Онлайн-аукционы,
"Only the Student Applicant with the status ""Approved"" will be selected in the table below.",В таблице ниже будут отображены только абитуриенты со статусом 'Одобрен'.,
Only users with {0} role can register on Marketplace,Только пользователи с ролью {0} могут зарегистрироваться на торговой площадке,
Open BOM {0},Открыть спецификацию {0},
Open Item {0},Открыть номенклатуру {0},
Open Notifications,Открытые уведомления,
Open Orders,Открытые заказы,
Open a new ticket,Создать новую заявку,
Opening,Открытие,
Opening (Cr),Начальное сальдо (кредит),
Opening (Dr),Начальное сальдо (дебет),
Opening Accounting Balance,Начальное сальдо по счету,
Opening Accumulated Depreciation,Начальная накопленная амортизация,
Opening Accumulated Depreciation must be less than equal to {0},Начальная накопленная амортизация должна быть меньше или равна {0},
Opening Balance,Начальное сальдо,
Opening Balance Equity,Начальное сальдо по собственному капиталу,
Opening Date and Closing Date should be within same Fiscal Year,Дата открытия и дата закрытия должны быть в одном финансовом году,
Opening Date should be before Closing Date,Дата открытия должна быть раньше даты закрытия,
Opening Entry Journal,Журнал начальных остатков,
Opening Invoice Creation Tool,Инструмент создания начальных счетов,
Opening Invoice Item,Позиция начального счета,
Opening Invoices,Начальные счета,
Opening Invoices Summary,Сводка по начальным счетам,
Opening Qty,Начальное количество,
Opening Stock,Начальные остатки,
Opening Stock Balance,Начальное сальдо по складу,
Opening Value,Начальная стоимость,
Opening {0} Invoice created,Создан начальный счет {0},
Operation,Операция,
Operation Time must be greater than 0 for Operation {0},Время операции должно быть больше 0 для операции {0},
"Operation {0} longer than any available working hours in workstation {1}, break down the operation into multiple operations","Операция {0} превышает доступное рабочее время на рабочем центре {1}, разбейте операцию на несколько",
Operations,Операции,
Operations cannot be left blank,Операции не могут быть пустыми,
Opp Count,Количество сделок,
Opp/Lead %,Конверсия лидов в сделки (%),
Opportunities,Сделки,
Opportunities by lead source,Сделки по источнику лидов,
Opportunity,Сделка,
Opportunity Amount,Сумма сделки,
"Optional. Sets company's default currency, if not specified.","Необязательно. Устанавливает валюту компании по умолчанию, если не указана.",
Optional. This setting will be used to filter in various transactions.,Необязательно. Эта настройка будет использоваться для фильтрации в различных операциях.,
Options,Параметры,
Order Count,Количество заказов,
Order Entry,Ввод заказа,
Order Value,Сумма заказа,
Order rescheduled for sync,Заказ перепланирован для синхронизации,
Order/Quot %,Конверсия предложений в заказы (%),
Ordered,Заказано,
Ordered Qty,Заказанное количество,
"Ordered Qty: Quantity ordered for purchase, but not received.","Заказанное количество: количество заказано для закупки, но не получено.",
Orders,Заказы,
Orders released for production.,Заказы запущены в производство.,
Organization,Организация,
Organization Name,Название организации,
Other,Прочее,
Other Reports,Прочие отчеты,
"Other outward supplies(Nil rated,Exempted)","Прочие исходящие поставки (нулевая ставка, освобождены)",
Out Qty,Исходящее количество,
Out Value,Исходящая стоимость,
Out of Order,Неисправен,
Outgoing,Исходящие,
Outstanding,Задолженность,
Outstanding Amount,Сумма задолженности,
Outstanding Amt,Сумма задолженности,
Outstanding Cheques and Deposits to clear,Неоплаченные чеки и депозиты к погашению,
Outstanding for {0} cannot be less than zero ({1}),Задолженность для {0} не может быть меньше нуля ({1}),
Outward taxable supplies(zero rated),Исходящие налогооблагаемые поставки (нулевая ставка),
Overdue,Просрочено,
Overlap in scoring between {0} and {1},Пересечение в оценке между {0} и {1},
Overlapping conditions found between:,Найдены пересекающиеся условия между:,
Owner,Владелец,
PAN,ИНН,
POS,Касса,
POS Profile,Профиль кассы,
POS Profile is required to use Point-of-Sale,Для использования кассы требуется профиль кассы,
POS Profile required to make POS Entry,Для создания кассовой операции требуется профиль кассы,
POS Settings,Настройки кассы,
Packed quantity must equal quantity for Item {0} in row {1},Упакованное количество должно соответствовать количеству номенклатуры {0} в строке {1},
Packing Slip,Упаковочный лист,
Packing Slip(s) cancelled,Упаковочные листы отменены,
Paid,Оплачено,
Paid Amount,Оплаченная сумма,
Paid Amount cannot be greater than total negative outstanding amount {0},Оплаченная сумма не может быть больше общей отрицательной задолженности {0},
Paid amount + Write Off Amount can not be greater than Grand Total,Оплаченная сумма + сумма списания не могут быть больше итоговой суммы,
Paid and Not Delivered,Оплачено и не доставлено,
Parameter,Параметр,
Parent Item {0} must not be a Stock Item,Родительская номенклатура {0} не должна быть складской позицией,
Parents Teacher Meeting Attendance,Посещаемость родительских собраний,
Partially Depreciated,Частично амортизировано,
Partially Received,Частично получено,
Party,Контрагент,
Party Name,Наименование контрагента,
Party Type,Тип контрагента,
Party Type and Party is mandatory for {0} account,Тип и наименование контрагента обязательны для счета {0},
Party Type is mandatory,Тип контрагента обязателен,
Party is mandatory,Контрагент обязателен,
Past Due Date,Просроченная дата,
Patient,Пациент,
Patient Appointment,Прием пациента,
Patient Encounter,Посещение пациента,
Patient not found,Пациент не найден,
Pay Remaining,Оплатить остаток,
Pay {0} {1},Оплатить {0} {1},
Payable,К оплате,
Payable Account,Счет кредиторской задолженности,
Payment,Оплата,
Payment Cancelled. Please check your GoCardless Account for more details,Платеж отменен. Проверьте вашу учетную запись GoCardless для получения подробностей,
Payment Confirmation,Подтверждение оплаты,
Payment Document,Платежный документ,
Payment Due Date,Срок оплаты,
Payment Entries {0} are un-linked,Платежные операции {0} отвязаны,
Payment Entry,Платежная операция,
Payment Entry already exists,Платежная операция уже существует,
Payment Entry has been modified after you pulled it. Please pull it again.,Платежная операция была изменена после того как вы ее получили. Пожалуйста получите ее снова.,
Payment Entry is already created,Платежная операция уже создана,
Payment Failed. Please check your GoCardless Account for more details,Платеж не выполнен. Проверьте вашу учетную запись GoCardless для получения подробностей,
Payment Gateway,Платежный шлюз,
"Payment Gateway Account not created, please create one manually.",Счет платежного шлюза не создан. Создайте его вручную.,
Payment Gateway Name,Название платежного шлюза,
Payment Mode,Способ оплаты,
Payment Receipt Note,Примечание к платежному документу,
Payment Request,Запрос на оплату,
Payment Request for {0},Запрос на оплату для {0},
Payment Tems,Условия оплаты,
Payment Term,Условие оплаты,
Payment Terms,Условия оплаты,
Payment Terms Template,Шаблон условий оплаты,
Payment Terms based on conditions,Условия оплаты на основе условий,
Payment Type,Тип платежа,
"Payment Type must be one of Receive, Pay and Internal Transfer","Тип платежа должен быть одним из: Получение, Оплата или Внутренний перевод",
Payment against {0} {1} cannot be greater than Outstanding Amount {2},Оплата по {0} {1} не может превышать сумму задолженности {2},
Payment request {0} created,Запрос на оплату {0} создан,
Payments,Платежи,
Payroll Payable,Задолженность по заработной плате,
Payslip,Расчетный лист,
Pending Activities,Ожидающие действия,
Pending Amount,Ожидающая сумма,
Pending Leaves,Ожидающие отпуска,
Pending Qty,Ожидающее количество,
Pending Quantity,Ожидающее количество,
Pending Review,Ожидает проверки,
Pending activities for today,Ожидающие действия на сегодня,
Pension Funds,Пенсионные фонды,
Percentage Allocation should be equal to 100%,Процентное распределение должно быть равно 100%,
Perception Analysis,Анализ восприятия,
Period,Период,
Period Closing Entry,Закрывающая проводка периода,
Period Closing Voucher,Закрывающий документ периода,
Periodicity,Периодичность,
Personal Details,Личные данные,
Pharmaceutical,Фармацевтический,
Pharmaceuticals,Фармацевтика,
Physician,Врач,
Place Of Supply (State/UT),Место поставки (регион),
Place Order,Разместить заказ,
Plan Name,Название плана,
Plan for maintenance visits.,План технического обслуживания.,
Planned Qty,Планируемое количество,
"Planned Qty: Quantity, for which, Work Order has been raised, but is pending to be manufactured.","Планируемое количество: количество, на которое создан производственный заказ, но еще не произведено.",
Planning,Планирование,
Plants and Machineries,Оборудование и машины,
Please Set Supplier Group in Buying Settings.,Укажите группу поставщиков в настройках закупок.,
Please add a Temporary Opening account in Chart of Accounts,Добавьте временный начальный счет в план счетов,
Please add the account to root level Company -,Добавьте счет на корневой уровень компании -,
Please check Multi Currency option to allow accounts with other currency,Включите опцию мультивалютности для разрешения счетов в других валютах,
Please click on 'Generate Schedule',Нажмите 'Создать график',
Please click on 'Generate Schedule' to fetch Serial No added for Item {0},Нажмите 'Создать график' для получения серийных номеров добавленных для номенклатуры {0},
Please click on 'Generate Schedule' to get schedule,Нажмите 'Создать график' для получения графика,
Please create purchase receipt or purchase invoice for the item {0},Создайте приходную накладную или счет на покупку для номенклатуры {0},
Please define grade for Threshold 0%,Определите уровень для порога 0%,
Please enable Applicable on Booking Actual Expenses,Включите 'Применимо при учете фактических расходов',
Please enable Applicable on Purchase Order and Applicable on Booking Actual Expenses,Включите 'Применимо к заказу на закупку' и 'Применимо при учете фактических расходов',
Please enable pop-ups,Включите всплывающие окна,
Please enter 'Is Subcontracted' as Yes or No,Укажите 'Является субподрядом' как Да или Нет,
Please enter API Consumer Key,Введите ключ потребителя API,
Please enter API Consumer Secret,Введите секретный ключ потребителя API,
Please enter Account for Change Amount,Введите счет для сдачи,
Please enter Approving Role or Approving User,Введите утверждающую роль или утверждающего пользователя,
Please enter Cost Center,Введите центр затрат,
Please enter Delivery Date,Введите дату доставки,
Please enter Employee Id of this sales person,Введите ID сотрудника для этого менеджера по продажам,
Please enter Expense Account,Введите счет расходов,
Please enter Item Code to get Batch Number,Введите код номенклатуры для получения номера партии,
Please enter Item Code to get batch no,Введите код номенклатуры для получения номера партии,
Please enter Item first,Сначала введите номенклатуру,
Please enter Maintaince Details first,Сначала введите детали обслуживания,
Please enter Planned Qty for Item {0} at row {1},Введите планируемое количество для номенклатуры {0} в строке {1},
Please enter Preferred Contact Email,Введите предпочтительный контактный email,
Please enter Production Item first,Сначала введите производственную номенклатуру,
Please enter Purchase Receipt first,Сначала введите приходную накладную,
Please enter Receipt Document,Введите документ прихода,
Please enter Reference date,Введите дату документа,
Please enter Reqd by Date,Введите требуемую дату,
Please enter Woocommerce Server URL,Введите URL-адрес сервера Woocommerce,
Please enter Write Off Account,Введите счет списания,
Please enter atleast 1 invoice in the table,Введите как минимум 1 счет в таблицу,
Please enter company first,Сначала введите компанию,
Please enter company name first,Сначала введите название компании,
Please enter default currency in Company Master,Введите валюту по умолчанию в карточке компании,
Please enter message before sending,Введите сообщение перед отправкой,
Please enter parent cost center,Введите родительский центр затрат,
Please enter quantity for Item {0},Введите количество для номенклатуры {0},
Please enter relieving date.,Введите дату увольнения.,
Please enter valid Financial Year Start and End Dates,Введите корректные даты начала и окончания финансового года,
Please enter valid email address,Введите корректный email-адрес,
Please enter {0} first,Сначала введите {0},
Please fill in all the details to generate Assessment Result.,Заполните все данные для формирования результата оценки.,
Please identify/create Account (Group) for type - {0},Укажите/создайте счет (группу) для типа - {0},
Please identify/create Account (Ledger) for type - {0},Укажите/создайте счет (регистр) для типа - {0},
Please login as another user to register on Marketplace,Войдите под другим пользователем для регистрации на торговой площадке,
Please make sure you really want to delete all the transactions for this company. Your master data will remain as it is. This action cannot be undone.,Убедитесь что вы действительно хотите удалить все операции для этой компании. Ваши основные данные останутся без изменений. Это действие нельзя отменить.,
Please mention Basic and HRA component in Company,Укажите базовый компонент и компонент HRA в компании,
Please mention Round Off Account in Company,Укажите счет округления в компании,
Please mention Round Off Cost Center in Company,Укажите центр затрат для округления в компании,
Please mention no of visits required,Укажите необходимое количество посещений,
Please mention the Lead Name in Lead {0},Укажите имя лида в карточке лида {0},
Please pull items from Delivery Note,Получите позиции из накладной на доставку,
Please register the SIREN number in the company information file,Зарегистрируйте номер SIREN в информации о компании,
Please remove this Invoice {0} from C-Form {1},Удалите счет {0} из формы C-Form {1},
Please save the patient first,Сначала сохраните пациента,
Please save the report again to rebuild or update,Сохраните отчет еще раз для перестроения или обновления,
"Please select Allocated Amount, Invoice Type and Invoice Number in atleast one row",Выберите распределенную сумму тип счета и номер счета как минимум в одной строке,
Please select Apply Discount On,Выберите к чему применить скидку,
Please select BOM against item {0},Выберите спецификацию для номенклатуры {0},
Please select BOM for Item in Row {0},Выберите спецификацию для номенклатуры в строке {0},
Please select BOM in BOM field for Item {0},Выберите спецификацию в поле спецификации для номенклатуры {0},
Please select Category first,Сначала выберите категорию,
Please select Charge Type first,Сначала выберите тип сбора,
Please select Company,Выберите компанию,
Please select Company and Posting Date to getting entries,Выберите компанию и дату проводки для получения записей,
Please select Company first,Сначала выберите компанию,
Please select Completion Date for Completed Asset Maintenance Log,Выберите дату завершения для завершенного журнала обслуживания актива,
Please select Completion Date for Completed Repair,Выберите дату завершения для выполненного ремонта,
Please select Course,Выберите курс,
Please select Drug,Выберите препарат,
Please select Existing Company for creating Chart of Accounts,Выберите существующую компанию для создания плана счетов,
Please select Healthcare Service,Выберите медицинскую услугу,
"Please select Item where ""Is Stock Item"" is ""No"" and ""Is Sales Item"" is ""Yes"" and there is no other Product Bundle","Выберите номенклатуру, где """"Складская позиция"""" - """"Нет"""", """"Позиция для продажи"""" - """"Да"""" и нет связи с набором продуктов",
Please select Maintenance Status as Completed or remove Completion Date,Выберите статус обслуживания 'Завершено' или удалите дату завершения,
Please select Party Type first,Сначала выберите тип контрагента,
Please select Patient,Выберите пациента,
Please select Patient to get Lab Tests,Выберите пациента для получения лабораторных тестов,
Please select Posting Date before selecting Party,Выберите дату проводки перед выбором контрагента,
Please select Posting Date first,Сначала выберите дату проводки,
Please select Price List,Выберите прайс-лист,
Please select Program,Выберите программу,
Please select Qty against item {0},Выберите количество для номенклатуры {0},
Please select Sample Retention Warehouse in Stock Settings first,Сначала выберите склад хранения образцов в настройках склада,
Please select Start Date and End Date for Item {0},Выберите дату начала и окончания для номенклатуры {0},
Please select Student Admission which is mandatory for the paid student applicant,Выберите прием студента который обязателен для оплатившего абитуриента,
Please select a BOM,Выберите спецификацию,
Please select a Batch for Item {0}. Unable to find a single batch that fulfills this requirement,Выберите партию для номенклатуры {0}. Не удалось найти партию удовлетворяющую требованиям,
Please select a Company,Выберите компанию,
Please select a batch,Выберите партию,
Please select a field to edit from numpad,Выберите поле для редактирования с цифровой клавиатуры,
Please select a table,Выберите таблицу,
Please select a valid Date,Выберите корректную дату,
Please select a value for {0} quotation_to {1},Выберите значение для {0} предложение_для {1},
Please select a warehouse,Выберите склад,
Please select at least one domain.,Выберите хотя бы один домен.,
Please select correct account,Выберите правильный счет,
Please select date,Выберите дату,
Please select item code,Выберите код номенклатуры,
Please select month and year,Выберите месяц и год,
Please select the Company,Выберите компанию,
Please select the Multiple Tier Program type for more than one collection rules.,Выберите тип многоуровневой программы для нескольких правил сбора.,
Please select the assessment group other than 'All Assessment Groups',Выберите группу оценки отличную от 'Все группы оценки',
Please select the document type first,Сначала выберите тип документа,
Please select weekly off day,Выберите выходной день недели,
Please select {0},Выберите {0},
Please select {0} first,Сначала выберите {0},
Please set 'Apply Additional Discount On',Установите 'Применить дополнительную скидку к',
Please set 'Asset Depreciation Cost Center' in Company {0},Установите 'Центр затрат амортизации активов' в компании {0},
Please set 'Gain/Loss Account on Asset Disposal' in Company {0},Установите 'Счет прибылей/убытков от выбытия активов' в компании {0},
Please set Account in Warehouse {0} or Default Inventory Account in Company {1},Установите счет для склада {0} или счет запасов по умолчанию в компании {1},
Please set B2C Limit in GST Settings.,Установите лимит B2C в настройках НДС.,
Please set Company,Установите компанию,
Please set Company filter blank if Group By is 'Company',Очистите фильтр по компании если группировка по 'Компании',
Please set Default Payroll Payable Account in Company {0},Установите счет зарплаты к выплате по умолчанию в компании {0},
Please set Depreciation related Accounts in Asset Category {0} or Company {1},Установите счета связанные с амортизацией в категории активов {0} или компании {1},
Please set GST Accounts in GST Settings,Установите счета НДС в настройках НДС,
Please set Hotel Room Rate on {},Установите тариф для номера отеля {},
Please set Number of Depreciations Booked,Установите количество проведенных амортизаций,
Please set Unrealized Exchange Gain/Loss Account in Company {0},Установите счет нереализованных курсовых разниц в компании {0},
Please set User ID field in an Employee record to set Employee Role,Установите поле ID пользователя в карточке сотрудника для установки роли сотрудника,
Please set a default Holiday List for Employee {0} or Company {1},Установите список праздников по умолчанию для сотрудника {0} или компании {1},
Please set account in Warehouse {0},Установите счет для склада {0},
Please set an active menu for Restaurant {0},Установите активное меню для ресторана {0},
Please set associated account in Tax Withholding Category {0} against Company {1},Установите соответствующий счет в категории налоговых удержаний {0} для компании {1},
Please set at least one row in the Taxes and Charges Table,Добавьте хотя бы одну строку в таблицу налогов и сборов,
Please set default Cash or Bank account in Mode of Payment {0},Установите кассу или банковский счет по умолчанию для способа оплаты {0},
Please set default account in Salary Component {0},Установите счет по умолчанию в компоненте зарплаты {0},
Please set default customer in Restaurant Settings,Установите клиента по умолчанию в настройках ресторана,
Please set default {0} in Company {1},Установите {0} по умолчанию в компании {1},
Please set filter based on Item or Warehouse,Установите фильтр по номенклатуре или складу,
Please set leave policy for employee {0} in Employee / Grade record,Установите политику отпусков для сотрудника {0} в карточке сотрудника/грейда,
Please set recurring after saving,Установите повторение после сохранения,
Please set the Customer Address,Укажите адрес клиента,
Please set the Default Cost Center in {0} company.,Установите центр затрат по умолчанию в компании {0}.,
Please set the Email ID for the Student to send the Payment Request,Укажите email учащегося для отправки запроса на оплату,
Please set the Item Code first,Сначала укажите код номенклатуры,
Please set the Payment Schedule,Установите график платежей,
Please set {0} for address {1},Установите {0} для адреса {1},
Please setup Students under Student Groups,Распределите учащихся по группам,
Please specify Company,Укажите компанию,
Please specify Company to proceed,Укажите компанию для продолжения,
Please specify a valid 'From Case No.',Укажите корректный номер дела,
Please specify a valid Row ID for row {0} in table {1},Укажите корректный ID строки для строки {0} в таблице {1},
Please specify at least one attribute in the Attributes table,Укажите как минимум один атрибут в таблице атрибутов,
Please specify currency in Company,Укажите валюту в компании,
Please specify either Quantity or Valuation Rate or both,Укажите количество или ставку оценки или оба значения,
Please specify from/to range,Укажите диапазон от/до,
Please supply the specified items at the best possible rates,Укажите наилучшие возможные цены для перечисленных позиций,
Please wait 3 days before resending the reminder.,Подождите 3 дня перед повторной отправкой напоминания.,
Point of Sale,Точка продаж,
Point-of-Sale,Точка продаж,
Point-of-Sale Profile,Профиль точки продаж,
Portal,Портал,
Possible Supplier,Потенциальный поставщик,
Postal Expenses,Почтовые расходы,
Posting Date,Дата проводки,
Posting Date cannot be future date,Дата проводки не может быть будущей датой,
Posting Time,Время проводки,
Posting date and posting time is mandatory,Дата и время проводки обязательны,
Posting timestamp must be after {0},Время проводки должно быть позже {0},
Potential opportunities for selling.,Потенциальные возможности для продаж.,
Practitioner Schedule,Расписание специалиста,
Pre Sales,Предпродажная подготовка,
Preference,Предпочтение,
Prescribed Procedures,Назначенные процедуры,
Prescription,Рецепт,
Prescription Dosage,Дозировка по рецепту,
Prescription Duration,Срок действия рецепта,
Prescriptions,Рецепты,
Prev,Предыдущий,
Preview,Предпросмотр,
Previous Financial Year is not closed,Предыдущий финансовый год не закрыт,
Price,Цена,
Price List,Прайс-лист,
Price List Currency not selected,Не выбрана валюта прайс-листа,
Price List Rate,Цена по прайс-листу,
Price List master.,Справочник прайс-листов.,
Price List must be applicable for Buying or Selling,Прайс-лист должен быть применим для покупок или продаж,
Price List {0} is disabled or does not exist,Прайс-лист {0} отключен или не существует,
Price or product discount slabs are required,Требуются ценовые диапазоны или диапазоны скидок,
Pricing,Ценообразование,
Pricing Rule,Правило ценообразования,
"Pricing Rule is first selected based on 'Apply On' field, which can be Item, Item Group or Brand.","Правило ценообразования сначала выбирается на основе поля 'Применить к', которое может быть Номенклатурой, Группой номенклатуры или Брендом.",
"Pricing Rule is made to overwrite Price List / define discount percentage, based on some criteria.",Правило ценообразования создается для переопределения прайс-листа / установки процента скидки на основе определенных критериев.,
Pricing Rule {0} is updated,Правило ценообразования {0} обновлено,
Pricing Rules are further filtered based on quantity.,Правила ценообразования дополнительно фильтруются по количеству.,
Primary Address Details,Основные данные адреса,
Primary Contact Details,Основные контактные данные,
Print Format,Формат печати,
Print IRS 1099 Forms,Печать форм IRS 1099,
Print Report Card,Печать табеля успеваемости,
Print Settings,Настройки печати,
Print and Stationery,Печать и канцтовары,
Print settings updated in respective print format,Настройки печати обновлены в соответствующем формате печати,
Print taxes with zero amount,Печатать налоги с нулевой суммой,
Printing and Branding,Печать и брендинг,
Private Equity,Частный акционерный капитал,
Procedure,Процедура,
Process Day Book Data,Обработка данных дневника операций,
Process Master Data,Обработка основных данных,
Processing Chart of Accounts and Parties,Обработка плана счетов и контрагентов,
Processing Items and UOMs,Обработка номенклатуры и единиц измерения,
Processing Party Addresses,Обработка адресов контрагентов,
Processing Vouchers,Обработка документов,
Procurement,Закупки,
Produced Qty,Произведенное количество,
Product,Продукт,
Product Bundle,Набор продуктов,
Product Search,Поиск продуктов,
Production,Производство,
Production Item,Производственная номенклатура,
Products,Продукты,
Profit and Loss,Прибыли и убытки,
Profit for the year,Прибыль за год,
Program,Программа,
Program in the Fee Structure and Student Group {0} are different.,Программа в структуре оплаты и группе учащихся {0} различаются.,
Program {0} does not exist.,Программа {0} не существует.,
Program: ,Программа: ,
Progress % for a task cannot be more than 100.,Процент выполнения задачи не может превышать 100.,
Project Collaboration Invitation,Приглашение к совместной работе над проектом,
Project Id,ID проекта,
Project Manager,Руководитель проекта,
Project Name,Название проекта,
Project Start Date,Дата начала проекта,
Project Status,Статус проекта,
Project Summary for {0},Сводка по проекту для {0},
Project Update.,Обновление проекта.,
Project Value,Стоимость проекта,
Project activity / task.,Активность и задача проекта.,
Project master.,Руководитель проекта.,
Project-wise data is not available for Quotation,Данные по проекту недоступны для коммерческого предложения,
Projected,Прогнозируемый,
Projected Qty,Прогнозируемое кол-во,
Projected Quantity Formula,Формула расчета прогнозируемого количества,
Projects,Проекты,
Proposal Writing,Составление предложения,
Proposal/Price Quote,Коммерческое предложение и расценка,
Prospecting,Поиск клиентов,
Provisional Profit / Loss (Credit),Предварительная прибыль и убыток (кредит),
Publications,Публикации,
Publish Items on Website,Опубликовать товары на веб-сайте,
Published,Опубликовано,
Publishing,Публикация,
Purchase,Закупка,
Purchase Amount,Сумма закупки,
Purchase Date,Дата закупки,
Purchase Invoice,Счет на закупку,
Purchase Invoice {0} is already submitted,Счет на закупку {0} уже проведен,
Purchase Manager,Менеджер по закупкам,
Purchase Master Manager,Руководитель отдела закупок,
Purchase Order,Заказ на закупку,
Purchase Order Amount,Сумма заказа на закупку,
Purchase Order Amount(Company Currency),Сумма заказа на закупку в валюте компании,
Purchase Order Date,Дата заказа на закупку,
Purchase Order Items not received on time,Позиции заказа на закупку не получены вовремя,
Purchase Order number required for Item {0},Требуется номер заказа на закупку для позиции {0},
Purchase Order to Payment,От заказа до оплаты,
Purchase Order {0} is not submitted,Заказ на закупку {0} не проведен,
Purchase Orders are not allowed for {0} due to a scorecard standing of {1}.,Заказы на закупку не разрешены для {0} из-за оценки {1}.,
Purchase Orders given to Suppliers.,Заказы выданные поставщикам.,
Purchase Price List,Прайс-лист закупок,
Purchase Receipt,Приходная накладная,
Purchase Receipt {0} is not submitted,Приходная накладная {0} не проведена,
Purchase Tax Template,Шаблон налога на закупку,
Purchase User,Пользователь закупок,
Purchase orders help you plan and follow up on your purchases,Заказы помогают планировать и отслеживать закупки,
Purchasing,Закупки,
Purpose must be one of {0},Назначение должно быть одним из {0},
Qty,Кол-во,
Qty To Manufacture,Кол-во для производства,
Qty Total,Общее кол-во,
Qty for {0},Кол-во для {0},
Qualification,Квалификация,
Quality,Качество,
Quality Action,Действие по качеству,
Quality Goal.,Цель по качеству.,
Quality Inspection,Контроль качества,
Quality Inspection: {0} is not submitted for the item: {1} in row {2},Контроль качества: {0} не проведен для позиции {1} в строке {2},
Quality Management,Управление качеством,
Quality Meeting,Совещание по качеству,
Quality Procedure,Процедура контроля качества,
Quality Procedure.,Процедура контроля качества.,
Quality Review,Проверка качества,
Quantity,Количество,
Quantity for Item {0} must be less than {1},Количество для позиции {0} должно быть меньше {1},
Quantity in row {0} ({1}) must be same as manufactured quantity {2},Количество в строке {0} ({1}) должно совпадать с произведенным {2},
Quantity must be less than or equal to {0},Количество должно быть меньше или равно {0},
Quantity must not be more than {0},Количество не должно превышать {0},
Quantity required for Item {0} in row {1},Требуемое количество для позиции {0} в строке {1},
Quantity should be greater than 0,Количество должно быть больше 0,
Quantity to Make,Количество для изготовления,
Quantity to Manufacture must be greater than 0.,Количество для производства должно быть больше 0.,
Quantity to Produce,Количество для производства,
Quantity to Produce can not be less than Zero,Количество для производства не может быть меньше нуля,
Query Options,Параметры запроса,
Queued for replacing the BOM. It may take a few minutes.,В очереди на замену спецификации. Это может занять несколько минут.,
Queued for updating latest price in all Bill of Materials. It may take a few minutes.,В очереди на обновление цен во всех спецификациях. Это может занять несколько минут.,
Quick Journal Entry,Быстрая запись в журнал,
Quot Count,Количество предложений,
Quot/Lead %,Конверсия предложений и лидов %,
Quotation,Коммерческое предложение,
Quotation {0} is cancelled,Коммерческое предложение {0} отменено,
Quotation {0} not of type {1},Коммерческое предложение {0} не относится к типу {1},
Quotations,Коммерческие предложения,
"Quotations are proposals, bids you have sent to your customers",Коммерческие предложения и заявки отправленные клиентам,
Quotations received from Suppliers.,Коммерческие предложения полученные от поставщиков.,
Quotations: ,Коммерческие предложения:,
Quotes to Leads or Customers.,Предложения для лидов и клиентов.,
RFQs are not allowed for {0} due to a scorecard standing of {1},Запросы цен не разрешены для {0} из-за оценки {1},
Range,Диапазон,
Rate,Ставка,
Rate:,Ставка:,
Rating,Рейтинг,
Raw Material,Сырье,
Raw Materials,Сырье и материалы,
Raw Materials cannot be blank.,Поле сырья и материалов не может быть пустым.,
Re-open,Возобновить,
Read blog,Читать блог,
Read the ERPNext Manual,Ознакомьтесь с руководством ERPNext,
Reading Uploaded File,Чтение загруженного файла,
Real Estate,Недвижимость,
Reason For Putting On Hold,Причина приостановки,
Reason for Hold,Причина приостановки,
Reason for hold: ,Причина приостановки: ,
Receipt,Приходный документ,
Receipt document must be submitted,Приходный документ должен быть проведен,
Receivable,Дебиторская задолженность,
Receivable Account,Счет дебиторской задолженности,
Received,Получено,
Received On,Дата получения,
Received Quantity,Полученное количество,
Received Stock Entries,Полученные складские записи,
Receiver List is empty. Please create Receiver List,Список получателей пуст. Создайте список получателей,
Recipients,Получатели,
Reconcile,Сверить,
"Record of all communications of type email, phone, chat, visit, etc.",Учет всех видов коммуникации: email телефон чат визиты и др.,
Records,Записи,
Redirect URL,URL перенаправления,
Ref,Ссылка,
Ref Date,Дата ссылки,
Reference,Ссылка,
Reference #{0} dated {1},Ссылка №{0} от {1},
Reference Date,Дата ссылки,
Reference Doctype must be one of {0},Тип документа должен быть одним из {0},
Reference Document,Документ-основание,
Reference Document Type,Тип документа-основания,
Reference No & Reference Date is required for {0},Номер и дата ссылки обязательны для {0},
Reference No and Reference Date is mandatory for Bank transaction,Номер и дата ссылки обязательны для банковской операции,
Reference No is mandatory if you entered Reference Date,Номер ссылки обязателен при указании даты ссылки,
Reference No.,Номер ссылки,
Reference Number,Номер ссылки,
Reference Type,Тип ссылки,
"Reference: {0}, Item Code: {1} and Customer: {2}",Ссылка: {0} | Код: {1} | Клиент: {2},
References,Ссылки,
Refresh Token,Токен обновления,
Register,Зарегистрировать,
Rejected,Отклонено,
Related,Связанные,
Relation with Guardian1,Отношение к опекуну 1,
Relation with Guardian2,Отношение к опекуну 2,
Release Date,Дата выпуска,
Reload Linked Analysis,Обновить связанный анализ,
Remaining,Остаток,
Remaining Balance,Остаток баланса,
Remarks,Примечания,
Reminder to update GSTIN Sent,Отправлено напоминание об обновлении GSTIN,
Remove item if charges is not applicable to that item,Удалить позицию если сборы к ней не применяются,
Removed items with no change in quantity or value.,Удалены позиции без изменений в количестве или стоимости.,
Reopen,Возобновить,
Reorder Level,Уровень для дозаказа,
Reorder Qty,Количество для дозаказа,
Repeat Customer Revenue,Выручка от постоянных клиентов,
Repeat Customers,Постоянные клиенты,
Replace BOM and update latest price in all BOMs,Заменить спецификацию и обновить цены во всех спецификациях,
Replied,Отвечено,
Report,Отчет,
Report Type,Тип отчета,
Report Type is mandatory,Тип отчета обязателен,
Reports,Отчеты,
Reqd By Date,Требуется к дате,
Reqd Qty,Требуемое кол-во,
Request for Quotation,Запрос коммерческого предложения,
Request for Quotations,Запросы коммерческих предложений,
Request for Raw Materials,Запрос на сырье,
Request for purchase.,Заявка на закупку.,
Request for quotation.,Запрос коммерческого предложения.,
Requested Qty,Запрошенное кол-во,
"Requested Qty: Quantity requested for purchase, but not ordered.",Запрошенное кол-во: количество запрошенное для закупки но не заказанное.,
Requesting Site,Запрашивающий сайт,
Requesting payment against {0} {1} for amount {2},Запрос оплаты по {0} {1} на сумму {2},
Requestor,Инициатор запроса,
Required On,Требуется на дату,
Required Qty,Требуемое кол-во,
Required Quantity,Требуемое количество,
Reschedule,Перепланировать,
Research,Исследования,
Research & Development,Исследования и разработки,
Researcher,Исследователь,
Resend Payment Email,Повторно отправить email об оплате,
Reserve Warehouse,Резервный склад,
Reserved Qty,Зарезервированное кол-во,
Reserved Qty for Production,Зарезервированное кол-во для производства,
Reserved Qty for Production: Raw materials quantity to make manufacturing items.,Зарезервированное кол-во для производства: количество сырья для производства.,
"Reserved Qty: Quantity ordered for sale, but not delivered.",Зарезервированное кол-во: заказано для продажи но не доставлено.,
Reserved Warehouse is mandatory for Item {0} in Raw Materials supplied,Резервный склад обязателен для позиции {0} в поставляемом сырье,
Reserved for manufacturing,Зарезервировано для производства,
Reserved for sale,Зарезервировано для продажи,
Reserved for sub contracting,Зарезервировано для субподряда,
Resistant,Устойчивый,
Resolve error and upload again.,Исправьте ошибку и загрузите снова.,
Rest Of The World,Остальной мир,
Restart Subscription,Перезапустить подписку,
Restaurant,Ресторан,
Result Date,Дата результата,
Result already Submitted,Результат уже отправлен,
Resume,Продолжить,
Retail,Розничная торговля,
Retail & Wholesale,Розничная и оптовая торговля,
Retail Operations,Розничные операции,
Retained Earnings,Нераспределенная прибыль,
Retention Stock Entry,Запись удержанных запасов,
Retention Stock Entry already created or Sample Quantity not provided,Запись удержанных запасов уже создана или не указано количество образцов,
Return,Возврат,
Return / Credit Note,Возврат или кредит-нота,
Return / Debit Note,Возврат или дебет-нота,
Returns,Возвраты,
Reverse Journal Entry,Сторнирующая запись в журнале,
Review Invitation Sent,Приглашение на рассмотрение отправлено,
Review and Action,Проверка и действие,
Rooms Booked,Забронированные номера,
Root Company,Головная компания,
Root Type,Корневой тип,
Root Type is mandatory,Корневой тип обязателен,
Root cannot be edited.,Корневой элемент нельзя редактировать.,
Root cannot have a parent cost center,Корневой элемент не может иметь родительский ЦФО,
Round Off,Округление,
Rounded Total,Итого с округлением,
Route,Маршрут,
Row # {0}: ,Строка № {0}: ,
Row # {0}: Batch No must be same as {1} {2},Строка № {0}: Номер партии должен совпадать с {1} {2},
Row # {0}: Cannot return more than {1} for Item {2},Строка № {0}: Нельзя вернуть больше {1} для позиции {2},
Row # {0}: Rate cannot be greater than the rate used in {1} {2},Строка № {0}: Ставка не может быть выше ставки в {1} {2},
Row # {0}: Serial No is mandatory,Строка № {0}: Серийный номер обязателен,
Row # {0}: Serial No {1} does not match with {2} {3},Строка № {0}: Серийный номер {1} не соответствует {2} {3},
Row #{0} (Payment Table): Amount must be negative,Строка №{0} (таблица платежей): Сумма должна быть отрицательной,
Row #{0} (Payment Table): Amount must be positive,Строка №{0} (таблица платежей): Сумма должна быть положительной,
Row #{0}: Account {1} does not belong to company {2},Строка №{0}: Счет {1} не принадлежит компании {2},
Row #{0}: Allocated Amount cannot be greater than outstanding amount.,Строка №{0}: Распределенная сумма не может превышать остаток.,
"Row #{0}: Asset {1} cannot be submitted, it is already {2}",Строка №{0}: Актив {1} нельзя провести - он уже {2},
Row #{0}: Cannot set Rate if amount is greater than billed amount for Item {1}.,Строка №{0}: Нельзя установить ставку если сумма больше суммы счета для позиции {1}.,
Row #{0}: Clearance date {1} cannot be before Cheque Date {2},Строка №{0}: Дата клиринга {1} не может быть раньше даты чека {2},
Row #{0}: Duplicate entry in References {1} {2},Строка №{0}: Дублирующаяся запись в ссылках {1} {2},
Row #{0}: Expected Delivery Date cannot be before Purchase Order Date,Строка №{0}: Ожидаемая дата поставки не может быть раньше даты заказа,
Row #{0}: Item added,Строка №{0}: Позиция добавлена,
Row #{0}: Journal Entry {1} does not have account {2} or already matched against another voucher,Строка №{0}: Проводка {1} не имеет счета {2} или уже сопоставлена с другим документом,
Row #{0}: Not allowed to change Supplier as Purchase Order already exists,Строка №{0}: Нельзя изменить поставщика - заказ уже существует,
Row #{0}: Please set reorder quantity,Строка №{0}: Укажите количество для дозаказа,
Row #{0}: Please specify Serial No for Item {1},Строка №{0}: Укажите серийный номер для позиции {1},
Row #{0}: Qty increased by 1,Строка №{0}: Количество увеличено на 1,
Row #{0}: Rate must be same as {1}: {2} ({3} / {4}),Строка №{0}: Ставка должна совпадать с {1}: {2} ({3} / {4}),
Row #{0}: Reference Document Type must be one of Expense Claim or Journal Entry,Строка №{0}: Тип документа-основания должен быть Авансовый отчет или Проводка,
"Row #{0}: Reference Document Type must be one of Purchase Order, Purchase Invoice or Journal Entry",Строка №{0}: Тип документа-основания должен быть Заказ на закупку | Счет на закупку | Проводка,
Row #{0}: Rejected Qty can not be entered in Purchase Return,Строка №{0}: Отклоненное количество нельзя вводить в возврат закупки,
Row #{0}: Rejected Warehouse is mandatory against rejected Item {1},Строка №{0}: Склад брака обязателен для отклоненной позиции {1},
Row #{0}: Reqd by Date cannot be before Transaction Date,Строка №{0}: Требуемая дата не может быть раньше даты операции,
Row #{0}: Set Supplier for item {1},Строка №{0}: Укажите поставщика для позиции {1},
Row #{0}: Status must be {1} for Invoice Discounting {2},Строка №{0}: Статус должен быть {1} для дисконтирования счета {2},
"Row #{0}: The batch {1} has only {2} qty. Please select another batch which has {3} qty available or split the row into multiple rows, to deliver/issue from multiple batches",Строка №{0}: В партии {1} только {2} шт. Выберите другую партию с доступным количеством {3} или разделите строку для отгрузки из разных партий,
Row #{0}: Timings conflicts with row {1},Строка №{0}: Время конфликтует со строкой {1},
Row #{0}: {1} can not be negative for item {2},Строка №{0}: {1} не может быть отрицательным для позиции {2},
Row No {0}: Amount cannot be greater than Pending Amount against Expense Claim {1}. Pending Amount is {2},Строка №{0}: Сумма не может превышать остаток по авансовому отчету {1}. Остаток: {2},
Row {0} : Operation is required against the raw material item {1},Строка {0}: Требуется операция для сырья {1},
Row {0}# Item {1} cannot be transferred more than {2} against Purchase Order {3},Строка {0}# Позицию {1} нельзя передать больше {2} по заказу {3},
Row {0}: Activity Type is mandatory.,Строка {0}: Тип активности обязателен.,
Row {0}: Advance against Customer must be credit,Строка {0}: Аванс от клиента должен быть по кредиту,
Row {0}: Advance against Supplier must be debit,Строка {0}: Аванс поставщику должен быть по дебету,
Row {0}: Allocated amount {1} must be less than or equals to Payment Entry amount {2},Строка {0}: Распределенная сумма {1} должна быть меньше или равна сумме платежа {2},
Row {0}: Allocated amount {1} must be less than or equals to invoice outstanding amount {2},Строка {0}: Распределенная сумма {1} должна быть меньше или равна остатку по счету {2},
Row {0}: An Reorder entry already exists for this warehouse {1},Строка {0}: Запись о дозаказе уже существует для склада {1},
Row {0}: Bill of Materials not found for the Item {1},Строка {0}: Спецификация не найдена для позиции {1},
Row {0}: Conversion Factor is mandatory,Строка {0}: Коэффициент пересчета обязателен,
Row {0}: Cost center is required for an item {1},Строка {0}: ЦФО обязателен для позиции {1},
Row {0}: Credit entry can not be linked with a {1},Строка {0}: Кредитовая проводка не может быть связана с {1},
Row {0}: Currency of the BOM #{1} should be equal to the selected currency {2},Строка {0}: Валюта спецификации №{1} должна совпадать с выбранной валютой {2},
Row {0}: Debit entry can not be linked with a {1},Строка {0}: Дебетовая проводка не может быть связана с {1},
Row {0}: Depreciation Start Date is required,Строка {0}: Дата начала амортизации обязательна,
Row {0}: Enter location for the asset item {1},Строка {0}: Укажите местоположение для актива {1},
Row {0}: Exchange Rate is mandatory,Строка {0}: Обменный курс обязателен,
Row {0}: Expected Value After Useful Life must be less than Gross Purchase Amount,Строка {0}: Ожидаемая стоимость после срока службы должна быть меньше общей суммы покупки,
Row {0}: From Time and To Time is mandatory.,Строка {0}: Время начала и окончания обязательны.,
Row {0}: From Time and To Time of {1} is overlapping with {2},Строка {0}: Время начала и окончания {1} пересекается с {2},
Row {0}: From time must be less than to time,Строка {0}: Время начала должно быть меньше времени окончания,
Row {0}: Hours value must be greater than zero.,Строка {0}: Количество часов должно быть больше нуля.,
Row {0}: Invalid reference {1},Строка {0}: Недопустимая ссылка {1},
Row {0}: Party / Account does not match with {1} / {2} in {3} {4},Строка {0}: Контрагент/счет не соответствует {1} / {2} в {3} {4},
Row {0}: Party Type and Party is required for Receivable / Payable account {1},Строка {0}: Тип и наименование контрагента обязательны для счета деб./кред. задолженности {1},
Row {0}: Payment against Sales/Purchase Order should always be marked as advance,Строка {0}: Платеж по заказу на продажу/закупку должен быть отмечен как авансовый,
Row {0}: Please check 'Is Advance' against Account {1} if this is an advance entry.,Строка {0}: Отметьте 'Авансовый платеж' для счета {1} если это авансовая проводка.,
Row {0}: Please set at Tax Exemption Reason in Sales Taxes and Charges,Строка {0}: Укажите причину освобождения от налогов в разделе налогов и сборов,
Row {0}: Please set the Mode of Payment in Payment Schedule,Строка {0}: Укажите способ оплаты в графике платежей,
Row {0}: Please set the correct code on Mode of Payment {1},Строка {0}: Укажите правильный код для способа оплаты {1},
Row {0}: Qty is mandatory,Строка {0}: Количество обязательно,
Row {0}: Quality Inspection rejected for item {1},Строка {0}: Контроль качества не пройден для позиции {1},
Row {0}: UOM Conversion Factor is mandatory,Строка {0}: Коэффициент пересчета единиц измерения обязателен,
Row {0}: select the workstation against the operation {1},Строка {0}: Выберите рабочий центр для операции {1},
Row {0}: {1} Serial numbers required for Item {2}. You have provided {3}.,Строка {0}: Требуется {1} серийных номеров для позиции {2}. Вы указали {3}.,
Row {0}: {1} must be greater than 0,Строка {0}: {1} должно быть больше 0,
Row {0}: {1} {2} does not match with {3},Строка {0}: {1} {2} не соответствует {3},
Row {0}:Start Date must be before End Date,Строка {0}: Дата начала должна быть раньше даты окончания,
Rows with duplicate due dates in other rows were found: {0},Найдены строки с дублирующимися сроками: {0},
Rules for adding shipping costs.,Правила добавления стоимости доставки.,
Rules for applying pricing and discount.,Правила применения цен и скидок.,
S.O. No.,№ заказа,
SGST Amount,Сумма SGST,
SO Qty,Количество по заказу,
Safety Stock,Страховой запас,
Salary,Зарплата,
Salary Slip submitted for period from {0} to {1},Расчетный лист подан за период с {0} по {1},
Salary Structure must be submitted before submission of Tax Ememption Declaration,Структура зарплаты должна быть подана до подачи декларации об освобождении от налогов,
Sales,Продажи,
Sales Account,Счет продаж,
Sales Expenses,Расходы на продажи,
Sales Funnel,Воронка продаж,
Sales Invoice,Счет на продажу,
Sales Invoice {0} has already been submitted,Счет на продажу {0} уже проведен,
Sales Invoice {0} must be cancelled before cancelling this Sales Order,Счет {0} должен быть отменен до отмены заказа на продажу,
Sales Manager,Менеджер по продажам,
Sales Master Manager,Руководитель отдела продаж,
Sales Order,Заказ на продажу,
Sales Order Item,Позиция заказа на продажу,
Sales Order required for Item {0},Требуется заказ на продажу для позиции {0},
Sales Order to Payment,От заказа к оплате,
Sales Order {0} is not submitted,Заказ на продажу {0} не проведен,
Sales Order {0} is not valid,Заказ на продажу {0} недействителен,
Sales Order {0} is {1},Заказ на продажу {0} имеет статус {1},
Sales Orders,Заказы на продажу,
Sales Partner,Партнер по продажам,
Sales Pipeline,Воронка продаж,
Sales Price List,Прайс-лист продаж,
Sales Return,Возвраты продаж,
Sales Summary,Сводка по продажам,
Sales Tax Template,Шаблон налога с продаж,
Sales Team,Отдел продаж,
Sales User,Менеджер по продажам,
Sales and Returns,Продажи и возвраты,
Sales campaigns.,Маркетинговые кампании.,
Sales orders are not available for production,Заказы на продажу недоступны для производства,
Salutation,Обращение,
Same Company is entered more than once,Компания указана более одного раза,
Same item cannot be entered multiple times.,Одну позицию нельзя указывать несколько раз.,
Same supplier has been entered multiple times,Поставщик указан несколько раз,
Sample Collection,Сбор образцов,
Sample quantity {0} cannot be more than received quantity {1},Количество образцов {0} не может превышать полученное количество {1},
Sanctioned,Утвержденные,
Sand,Песок,
Saturday,Суббота,
Saving {0},Сохранение {0},
Scan Barcode,Сканировать штрихкод,
Schedule,График,
Schedule Admission,График приема,
Schedule Course,График курса,
Schedule Date,Плановая дата,
Schedule Discharge,График выписки,
Scheduled,Запланировано,
Scheduled Upto,Запланировано до,
"Schedules for {0} overlaps, do you want to proceed after skiping overlaped slots ?",Графики для {0} пересекаются. Продолжить пропустив пересекающиеся интервалы?,
Score cannot be greater than Maximum Score,Оценка не может превышать максимальный балл,
Scorecards,Оценочные карты,
Scrapped,Списанный,
Search,Поиск,
Search Results,Результаты поиска,
Search Sub Assemblies,Поиск подсборок,
"Search by item code, serial number, batch no or barcode",Поиск по коду позиции | серийному номеру | номеру партии | штрихкоду,
"Seasonality for setting budgets, targets etc.",Сезонность для настройки бюджетов и целей,
Secret Key,Секретный ключ,
Secretary,Секретарь,
Section Code,Код раздела,
Secured Loans,Обеспеченные кредиты,
Securities & Commodity Exchanges,Фондовые и товарные биржи,
Securities and Deposits,Ценные бумаги и депозиты,
See All Articles,Показать все статьи,
See all open tickets,Показать все открытые заявки,
See past orders,Показать прошлые заказы,
See past quotations,Показать прошлые предложения,
Select,Выбрать,
Select Alternate Item,Выбрать альтернативную позицию,
Select Attribute Values,Выбрать значения атрибутов,
Select BOM,Выбрать спецификацию,
Select BOM and Qty for Production,Выбрать спецификацию и количество для производства,
"Select BOM, Qty and For Warehouse",Выбрать спецификацию | количество | склад,
Select Batch,Выбрать партию,
Select Batch Numbers,Выбрать номера партий,
Select Brand...,Выбрать бренд...,
Select Company,Выбрать организацию,
Select Company...,Выбрать организацию...,
Select Customer,Выбрать клиента,
Select Days,Выбрать дни,
Select Default Supplier,Выбрать поставщика по умолчанию,
Select DocType,Выбрать тип документа,
Select Fiscal Year...,Выбрать финансовый год...,
Select Item (optional),Выбрать позицию (необязательно),
Select Items based on Delivery Date,Выбрать позиции по дате доставки,
Select Items to Manufacture,Выбрать позиции для производства,
Select Loyalty Program,Выбрать программу лояльности,
Select Patient,Выбрать пациента,
Select Possible Supplier,Выбрать возможного поставщика,
Select Quantity,Выбрать количество,
Select Serial Numbers,Выбрать серийные номера,
Select Target Warehouse,Выбрать целевой склад,
Select Warehouse...,Выбрать склад...,
Select an account to print in account currency,Выбрать счет для печати в валюте счета,
Select at least one value from each of the attributes.,Выберите минимум одно значение для каждого атрибута.,
Select change amount account,Выбрать счет изменения суммы,
Select company first,Сначала выберите организацию,
Select students manually for the Activity based Group,Выбрать студентов вручную для группы по видам деятельности,
Select the customer or supplier.,Выберите клиента или поставщика.,
Select the nature of your business.,Выберите направление вашего бизнеса.,
Select the program first,Сначала выберите программу,
Select to add Serial Number.,Выберите для добавления серийного номера.,
Select your Domains,Выберите ваши сферы деятельности,
Selected Price List should have buying and selling fields checked.,В выбранном прайс-листе должны быть отмечены поля покупки и продажи.,
Sell,Продать,
Selling,Продажи,
Selling Amount,Сумма продажи,
Selling Price List,Прайс-лист продаж,
Selling Rate,Цена продажи,
"Selling must be checked, if Applicable For is selected as {0}",Продажа должна быть отмечена если выбрано Применимо для {0},
Send Grant Review Email,Отправить email о рассмотрении гранта,
Send Now,Отправить сейчас,
Send SMS,Отправить SMS,
Send mass SMS to your contacts,Отправить массовую SMS-рассылку контактам,
Sensitivity,Чувствительность,
Sent,Отправлено,
Serial No and Batch,Серийный номер и партия,
Serial No is mandatory for Item {0},Серийный номер обязателен для позиции {0},
Serial No {0} does not belong to Batch {1},Серийный номер {0} не принадлежит партии {1},
Serial No {0} does not belong to Delivery Note {1},Серийный номер {0} не принадлежит накладной {1},
Serial No {0} does not belong to Item {1},Серийный номер {0} не принадлежит позиции {1},
Serial No {0} does not belong to Warehouse {1},Серийный номер {0} не принадлежит складу {1},
Serial No {0} does not belong to any Warehouse,Серийный номер {0} не принадлежит ни одному складу,
Serial No {0} does not exist,Серийный номер {0} не существует,
Serial No {0} has already been received,Серийный номер {0} уже получен,
Serial No {0} is under maintenance contract upto {1},Серийный номер {0} находится на сервисном обслуживании до {1},
Serial No {0} is under warranty upto {1},Серийный номер {0} на гарантии до {1},
Serial No {0} not found,Серийный номер {0} не найден,
Serial No {0} not in stock,Серийный номер {0} отсутствует на складе,
Serial No {0} quantity {1} cannot be a fraction,Количество {1} для серийного номера {0} не может быть дробным,
Serial Nos Required for Serialized Item {0},Требуются серийные номера для позиции {0},
Serial Number: {0} is already referenced in Sales Invoice: {1},Серийный номер {0} уже используется в счете {1},
Serial Numbers,Серийные номера,
Serial Numbers in row {0} does not match with Delivery Note,Серийные номера в строке {0} не соответствуют накладной,
Serial no {0} has been already returned,Серийный номер {0} уже возвращен,
Serial number {0} entered more than once,Серийный номер {0} введен более одного раза,
Serialized Inventory,Серийный учет,
Series Updated,Нумерация обновлена,
Series Updated Successfully,Нумерация успешно обновлена,
Series is mandatory,Нумерация обязательна,
Service,Услуга,
Service Level Agreement,Соглашение об уровне сервиса,
Service Level Agreement.,Соглашение об уровне сервиса.,
Service Level.,Уровень сервиса.,
Service Stop Date cannot be after Service End Date,Дата остановки не может быть позже даты окончания услуги,
Service Stop Date cannot be before Service Start Date,Дата остановки не может быть раньше даты начала услуги,
Services,Услуги,
"Set Default Values like Company, Currency, Current Fiscal Year, etc.",Установить значения по умолчанию: организация | валюта | финансовый год,
Set Details,Указать детали,
Set New Release Date,Установить новую дату выпуска,
Set Project and all Tasks to status {0}?,Установить проекту и всем задачам статус {0}?,
Set Status,Установить статус,
Set Tax Rule for shopping cart,Установить налоговое правило для корзины,
Set as Closed,Установить статус Закрыт,
Set as Completed,Установить статус Завершен,
Set as Lost,Установить статус Потерян,
Set as Open,Установить статус Открыт,
Set default inventory account for perpetual inventory,Установить счет по умолчанию для непрерывного учета,
Set this if the customer is a Public Administration company.,Отметьте если клиент является государственным учреждением.,
Set {0} in asset category {1} or company {2},Установите {0} в категории активов {1} или организации {2},
"Setting Events to {0}, since the Employee attached to the below Sales Persons does not have a User ID{1}",Установка событий для {0}: сотрудник привязанный к указанным менеджерам не имеет ID пользователя {1},
Setting defaults,Установка значений по умолчанию,
Setting up Email,Настройка email,
Setting up Email Account,Настройка учетной записи email,
Setting up Employees,Настройка сотрудников,
Setting up Taxes,Настройка налогов,
Setting up company,Настройка организации,
Settings,Настройки,
"Settings for online shopping cart such as shipping rules, price list etc.",Настройки интернет-магазина: правила доставки | прайс-лист,
Settings for website homepage,Настройки главной страницы сайта,
Settings for website product listing,Настройки каталога товаров на сайте,
Settled,Урегулировано,
Setup Gateway accounts.,Настройка платежных шлюзов.,
Setup SMS gateway settings,Настройка SMS-шлюза,
Setup cheque dimensions for printing,Настройка размеров печати чеков,
Setup default values for POS Invoices,Настройка значений по умолчанию для чеков ККМ,
Setup mode of POS (Online / Offline),Режим работы ККМ (онлайн/офлайн),
Setup your Institute in ERPNext,Настройка вашей организации в ERPNext,
Share Balance,Баланс акций,
Share Ledger,Журнал операций с акциями,
Share Management,Управление акциями,
Share Transfer,Передача акций,
Share Type,Тип акций,
Shareholder,Акционер,
Ship To State,Регион доставки,
Shipments,Отгрузки,
Shipping Address,Адрес доставки,
"Shipping Address does not have country, which is required for this Shipping Rule",В адресе доставки не указана страна необходимая для данного правила,
Shipping rule only applicable for Buying,Правило доставки применимо только для закупок,
Shipping rule only applicable for Selling,Правило доставки применимо только для продаж,
Shopify Supplier,Поставщик Shopify,
Shopping Cart,Корзина,
Shopping Cart Settings,Настройки корзины,
Short Name,Краткое наименование,
Shortage Qty,Количество нехватки,
Show Completed,Показать завершенные,
Show Cumulative Amount,Показать накопительный итог,
Show Open,Показать открытые,
Show Opening Entries,Показать начальные остатки,
Show Payment Details,Показать детали платежа,
Show Return Entries,Показать возвраты,
Show Variant Attributes,Показать атрибуты вариантов,
Show Variants,Показать варианты,
Show closed,Показать закрытые,
Show exploded view,Показать развернутый вид,
Show only POS,Показать только ККМ,
Show unclosed fiscal year's P&L balances,Показать баланс ОПУ незакрытого финансового года,
Show zero values,Показать нулевые значения,
Silt,Ил,
Single Variant,Единственный вариант,
Single unit of an Item.,Единица измерения позиции.,
"Skipping Leave Allocation for the following employees, as Leave Allocation records already exists against them. {0}",Пропуск распределения отпусков: записи уже существуют для следующих сотрудников {0},
Slideshow,Слайд-шоу,
Slots for {0} are not added to the schedule,Интервалы для {0} не добавлены в расписание,
Small,Малый,
Soap & Detergent,Моющие средства,
Software,Программное обеспечение,
Software Developer,Разработчик ПО,
Softwares,Программное обеспечение,
Soil compositions do not add up to 100,Состав почвы в сумме не равен 100,
Sold,Продано,
Some emails are invalid,Некоторые email-адреса некорректны,
Some information is missing,Отсутствует часть информации,
Something went wrong!,Произошла ошибка!,
"Sorry, Serial Nos cannot be merged",Серийные номера нельзя объединить,
Source,Источник,
Source Name,Наименование источника,
Source Warehouse,Склад-источник,
Source and Target Location cannot be same,Исходное и целевое местоположение должны различаться,
Source and target warehouse cannot be same for row {0},Склад-источник и склад-получатель должны различаться в строке {0},
Source and target warehouse must be different,Склад-источник и склад-получатель должны различаться,
Source of Funds (Liabilities),Источники финансирования (обязательства),
Source warehouse is mandatory for row {0},Склад-источник обязателен для строки {0},
Specified BOM {0} does not exist for Item {1},Спецификация {0} не существует для позиции {1},
Split,Разделить,
Split Batch,Разделить партию,
Split Issue,Разделить выпуск,
Sports,Спорт,
Standard Buying,Стандартная закупка,
Standard Selling,Стандартная продажа,
Standard contract terms for Sales or Purchase.,Стандартные условия договоров купли-продажи.,
Start Date,Дата начала,
Start Date of Agreement can't be greater than or equal to End Date.,Дата начала договора не может быть позже или равна дате окончания.,
Start Year,Год начала,
Start date should be less than end date for Item {0},Дата начала должна быть раньше даты окончания для позиции {0},
Start date should be less than end date for task {0},Дата начала должна быть раньше даты окончания для задачи {0},
Start day is greater than end day in task '{0}',Дата начала позже даты окончания в задаче '{0}',
Start on,Начать с,
State,Регион,
State/UT Tax,Региональный налог,
Statement of Account,Выписка по счету,
Status must be one of {0},Статус должен быть одним из {0},
Stock,Склад,
Stock Adjustment,Корректировка запасов,
Stock Analytics,Складская аналитика,
Stock Assets,Складские активы,
Stock Available,В наличии,
Stock Balance,Остаток на складе,
Stock Entries already created for Work Order ,Складские операции уже созданы для производственного заказа,
Stock Entry,Складская операция,
Stock Entry {0} created,Создана складская операция {0},
Stock Entry {0} is not submitted,Складская операция {0} не проведена,
Stock Expenses,Складские расходы,
Stock In Hand,Товары в наличии,
Stock Items,Складские позиции,
Stock Ledger,Складской журнал,
Stock Ledger Entries and GL Entries are reposted for the selected Purchase Receipts,Складские и бухгалтерские проводки обновлены для выбранных приходных накладных,
Stock Levels,Уровни запасов,
Stock Liabilities,Складские обязательства,
Stock Qty,Складское кол-во,
Stock Received But Not Billed,Товары получены без счета,
Stock Reports,Складские отчеты,
Stock Summary,Сводка по складу,
Stock Transactions,Складские операции,
Stock UOM,Складская единица измерения,
Stock Value,Стоимость запасов,
Stock balance in Batch {0} will become negative {1} for Item {2} at Warehouse {3},Остаток в партии {0} станет отрицательным {1} для позиции {2} на складе {3},
Stock cannot be updated against Delivery Note {0},Нельзя обновить запасы по накладной {0},
Stock cannot be updated against Purchase Receipt {0},Нельзя обновить запасы по приходной накладной {0},
Stock cannot exist for Item {0} since has variants,Нельзя вести складской учет для позиции {0} с вариантами,
Stock transactions before {0} are frozen,Складские операции до {0} заблокированы,
Stop,Остановить,
Stopped,Остановлено,
"Stopped Work Order cannot be cancelled, Unstop it first to cancel",Остановленный производственный заказ нельзя отменить. Сначала возобновите его,
Stores,Магазины,
Student,Студент,
Student Activity,Активность студента,
Student Address,Адрес студента,
Student Admissions,Прием студентов,
Student Attendance,Посещаемость студента,
"Student Batches help you track attendance, assessments and fees for students",Группы студентов помогают отслеживать посещаемость оценки и оплату,
Student Email Address,Email студента,
Student Email ID,Email ID студента,
Student Group,Группа студентов,
Student Group Strength,Численность группы,
Student Group is already updated.,Группа студентов уже обновлена.,
Student Group: ,Группа студентов: ,
Student ID,ID студента,
Student ID: ,ID студента: ,
Student LMS Activity,Активность студента в LMS,
Student Mobile No.,Моб. телефон студента,
Student Name,Имя студента,
Student Name: ,Имя студента: ,
Student Report Card,Зачетная карточка студента,
Student is already enrolled.,Студент уже зачислен.,
Student {0} - {1} appears Multiple times in row {2} & {3},Студент {0} - {1} встречается несколько раз в строках {2} и {3},
Student {0} does not belong to group {1},Студент {0} не принадлежит группе {1},
Student {0} exist against student applicant {1},Студент {0} уже существует для абитуриента {1},
"Students are at the heart of the system, add all your students",Студенты - основа системы. Добавьте всех своих студентов,
Sub Assemblies,Подсборки,
Sub Type,Подтип,
Sub-contracting,Субподряд,
Subcontract,Субподряд,
Subject,Тема,
Submit,Провести,
Submit this Work Order for further processing.,Проведите производственный заказ для дальнейшей обработки.,
Subscription,Подписка,
Subscription Management,Управление подписками,
Subscriptions,Подписки,
Subtotal,Подытог,
Successful,Успешно,
Successfully Reconciled,Сверка выполнена успешно,
Successfully Set Supplier,Поставщик установлен успешно,
Successfully created payment entries,Платежные операции созданы успешно,
Successfully deleted all transactions related to this company!,Все операции связанные с этой организацией удалены успешно!,
Sum of Scores of Assessment Criteria needs to be {0}.,Сумма баллов по критериям оценки должна быть {0}.,
Sum of points for all goals should be 100. It is {0},Сумма баллов по всем целям должна быть 100. Сейчас: {0},
Summary,Сводка,
Summary for this month and pending activities,Сводка за месяц и ожидающие действия,
Summary for this week and pending activities,Сводка за неделю и ожидающие действия,
Sunday,Воскресенье,
Suplier,Поставщик,
Supplier,Поставщик,
Supplier Group,Группа поставщиков,
Supplier Group master.,Справочник групп поставщиков.,
Supplier Id,ID поставщика,
Supplier Invoice Date cannot be greater than Posting Date,Дата счета поставщика не может быть позже даты проводки,
Supplier Invoice No,№ счета поставщика,
Supplier Invoice No exists in Purchase Invoice {0},Номер счета поставщика уже существует в счете на закупку {0},
Supplier Name,Наименование поставщика,
Supplier Part No,Артикул поставщика,
Supplier Quotation,Коммерческое предложение поставщика,
Supplier Scorecard,Оценочная карта поставщика,
Supplier Warehouse mandatory for sub-contracted Purchase Receipt,Склад поставщика обязателен для приходной накладной по субподряду,
Supplier database.,База данных поставщиков.,
Supplier {0} not found in {1},Поставщик {0} не найден в {1},
Supplier(s),Поставщики,
Supplies made to UIN holders,Поставки держателям UIN,
Supplies made to Unregistered Persons,Поставки незарегистрированным лицам,
Suppliies made to Composition Taxable Persons,Поставки плательщикам единого налога,
Supply Type,Тип поставки,
Support,Поддержка,
Support Analytics,Аналитика поддержки,
Support Settings,Настройки поддержки,
Support Tickets,Заявки в поддержку,
Support queries from customers.,Запросы в поддержку от клиентов.,
Susceptible,Подверженный,
Sync has been temporarily disabled because maximum retries have been exceeded,Синхронизация временно отключена из-за превышения лимита попыток,
Syntax error in condition: {0},Ошибка синтаксиса в условии: {0},
Syntax error in formula or condition: {0},Ошибка синтаксиса в формуле или условии: {0},
System Manager,Системный администратор,
TDS Rate %,Ставка TDS %,
Tap items to add them here,Нажмите на позиции для добавления,
Target,Цель,
Target ({}),Цель ({}),
Target On,Цель на,
Target Warehouse,Склад-получатель,
Target warehouse is mandatory for row {0},Склад-получатель обязателен для строки {0},
Task,Задача,
Tasks,Задачи,
Tasks have been created for managing the {0} disease (on row {1}),Созданы задачи для контроля заболевания {0} (строка {1}),
Tax,Налог,
Tax Assets,Налоговые активы,
Tax Category,Налоговая категория,
Tax Category for overriding tax rates.,Налоговая категория для переопределения ставок.,
"Tax Category has been changed to ""Total"" because all the Items are non-stock items",Налоговая категория изменена на 'Итого' т.к. все позиции неcкладские,
Tax ID,ИНН,
Tax Id: ,ИНН: ,
Tax Rate,Ставка налога,
Tax Rule Conflicts with {0},Налоговое правило конфликтует с {0},
Tax Rule for transactions.,Налоговое правило для операций.,
Tax Template is mandatory.,Шаблон налогов обязателен.,
Tax Withholding rates to be applied on transactions.,Ставки налоговых удержаний для операций.,
Tax template for buying transactions.,Шаблон налогов для закупок.,
Tax template for item tax rates.,Шаблон налоговых ставок для позиций.,
Tax template for selling transactions.,Шаблон налогов для продаж.,
Taxable Amount,Налогооблагаемая сумма,
Taxes,Налоги,
Technology,Технологии,
Telecommunications,Телекоммуникации,
Telephone Expenses,Расходы на телефонию,
Television,Телевидение,
Template Name,Название шаблона,
Template of terms or contract.,Шаблон условий или договора.,
Templates of supplier scorecard criteria.,Шаблоны критериев оценки поставщиков.,
Templates of supplier scorecard variables.,Шаблоны показателей оценки поставщиков.,
Templates of supplier standings.,Шаблоны рейтингов поставщиков.,
Temporarily on Hold,Временно приостановлено,
Temporary,Временный,
Temporary Accounts,Временные счета,
Temporary Opening,Временное открытие,
Terms and Conditions,Условия и положения,
Terms and Conditions Template,Шаблон условий и положений,
Territory,Территория,
Thank you for your business!,Благодарим за сотрудничество!,
The 'From Package No.' field must neither be empty nor it's value less than 1.,Поле 'Начиная с упаковки №' должно быть заполнено и быть больше 0.,
The Brand,Бренд,
The Item {0} cannot have Batch,Позиция {0} не может иметь партию,
The Loyalty Program isn't valid for the selected company,Программа лояльности недействительна для выбранной организации,
The Payment Term at row {0} is possibly a duplicate.,Условие оплаты в строке {0} возможно дублируется.,
The Term End Date cannot be earlier than the Term Start Date. Please correct the dates and try again.,Дата окончания не может быть раньше даты начала. Исправьте даты и попробуйте снова.,
The Term End Date cannot be later than the Year End Date of the Academic Year to which the term is linked (Academic Year {}). Please correct the dates and try again.,Дата окончания семестра не может быть позже даты окончания учебного года {0}. Исправьте даты и попробуйте снова.,
The Term Start Date cannot be earlier than the Year Start Date of the Academic Year to which the term is linked (Academic Year {}). Please correct the dates and try again.,Дата начала семестра не может быть раньше даты начала учебного года {0}. Исправьте даты и попробуйте снова.,
The Year End Date cannot be earlier than the Year Start Date. Please correct the dates and try again.,Дата окончания года не может быть раньше даты начала. Исправьте даты и попробуйте снова.,
The amount of {0} set in this payment request is different from the calculated amount of all payment plans: {1}. Make sure this is correct before submitting the document.,Сумма {0} в платежном запросе отличается от расчетной суммы всех планов платежей: {1}. Проверьте корректность перед отправкой документа.,
The field From Shareholder cannot be blank,Поле 'От акционера' не может быть пустым,
The field To Shareholder cannot be blank,Поле 'Акционеру' не может быть пустым,
The fields From Shareholder and To Shareholder cannot be blank,Поля 'От акционера' и 'Акционеру' не могут быть пустыми,
The folio numbers are not matching,Номера фолио не совпадают,
The holiday on {0} is not between From Date and To Date,Праздник {0} не попадает в интервал между начальной и конечной датами,
The name of the institute for which you are setting up this system.,Название учреждения для которого настраивается система.,
The name of your company for which you are setting up this system.,Название организации для которой настраивается система.,
The number of shares and the share numbers are inconsistent,Количество акций не соответствует номерам акций,
The payment gateway account in plan {0} is different from the payment gateway account in this payment request,Платежный шлюз в плане {0} отличается от платежного шлюза в этом платежном запросе,
The selected BOMs are not for the same item,Выбранные спецификации относятся к разным позициям,
The selected item cannot have Batch,Выбранная позиция не может иметь партию,
The seller and the buyer cannot be the same,Продавец и покупатель не могут совпадать,
The shareholder does not belong to this company,Акционер не принадлежит этой организации,
The shares already exist,Акции уже существуют,
The shares don't exist with the {0},Акции не существуют для {0},
"The task has been enqueued as a background job. In case there is any issue on processing in background, the system will add a comment about the error on this Stock Reconciliation and revert to the Draft stage",Задача поставлена в очередь. При возникновении ошибок система добавит комментарий к сверке запасов и вернет ее в ст��тус черновика.,
"Then Pricing Rules are filtered out based on Customer, Customer Group, Territory, Supplier, Supplier Type, Campaign, Sales Partner etc.",Правила ценообразования фильтруются по клиенту | группе клиентов | территории | поставщику | типу поставщика | кампании | партнеру.,
"There are inconsistencies between the rate, no of shares and the amount calculated",Несоответствие между ставкой количеством акций и расчетной суммой,
There can be multiple tiered collection factor based on the total spent. But the conversion factor for redemption will always be same for all the tier.,Коэффициент накопления может зависеть от суммы покупок. Коэффициент для погашения одинаков для всех уровней.,
There can only be 1 Account per Company in {0} {1},В {0} {1} может быть только 1 счет для организации,
"There can only be one Shipping Rule Condition with 0 or blank value for ""To Value""",Может быть только одно правило доставки с нулевым или пустым значением для поля 'До',
There is not enough leave balance for Leave Type {0},Недостаточно дней отпуска типа {0},
There is nothing to edit.,Нет данных для редактирования.,
There isn't any item variant for the selected item,Нет вариантов для выбранной позиции,
"There seems to be an issue with the server's GoCardless configuration. Don't worry, in case of failure, the amount will get refunded to your account.",Возможны проблемы с настройкой GoCardless. При ошибке сумма будет возвращена на ваш счет.,
There were errors creating Course Schedule,Ошибки при создании расписания курса,
There were errors.,Возникли ошибки.,
This Item is a Template and cannot be used in transactions. Item attributes will be copied over into the variants unless 'No Copy' is set,Это шаблон номенклатуры и не может использоваться в операциях. Атрибуты будут скопированы в варианты если не отмечено 'Не копировать',
This Item is a Variant of {0} (Template).,Это вариант номенклатуры {0} (шаблон).,
This Month's Summary,Сводка за текущий месяц,
This Week's Summary,Сводка за текущую неделю,
This action will stop future billing. Are you sure you want to cancel this subscription?,Это действие остановит будущие начисления. Отменить подписку?,
This covers all scorecards tied to this Setup,Включает все оценочные карты связанные с этой настройкой,
This document is over limit by {0} {1} for item {4}. Are you making another {3} against the same {2}?,Документ превышает лимит на {0} {1} для позиции {4}. Создать еще один {3} для того же {2}?,
This is a root account and cannot be edited.,Это корневой счет. Редактирование невозможно.,
This is a root customer group and cannot be edited.,Это корневая группа клиентов. Редактирование невозможно.,
This is a root department and cannot be edited.,Это корневой отдел. Редактирование невозможно.,
This is a root healthcare service unit and cannot be edited.,Это корневое медицинское подразделение. Редактирование невозможно.,
This is a root item group and cannot be edited.,Это корневая группа номенклатуры. Редактирование невозможно.,
This is a root sales person and cannot be edited.,Это корневой менеджер продаж. Редактирование невозможно.,
This is a root supplier group and cannot be edited.,Это корневая группа поставщиков. Редактирование невозможно.,
This is a root territory and cannot be edited.,Это корневая территория. Редактирование невозможно.,
This is an example website auto-generated from ERPNext,Это пример сайта автоматически созданного в ERPNext,
This is based on logs against this Vehicle. See timeline below for details,Основано на журнале операций с этим транспортным средством. Подробности в хронологии ниже,
This is based on stock movement. See {0} for details,Основано на движении запасов. Подробности в {0},
This is based on the Time Sheets created against this project,Основано на табелях учета времени по этому проекту,
This is based on the attendance of this Student,Основано на посещаемости этого студента,
This is based on transactions against this Customer. See timeline below for details,Основано на операциях с этим клиентом. Подробности в хронологии ниже,
This is based on transactions against this Healthcare Practitioner.,Основано на операциях с этим медицинским специалистом.,
This is based on transactions against this Patient. See timeline below for details,Основано на операциях с этим пациентом. Подробности в хронологии ниже,
This is based on transactions against this Sales Person. See timeline below for details,Основано на операциях этого менеджера продаж. Подробности в хронологии ниже,
This is based on transactions against this Supplier. See timeline below for details,Основано на операциях с этим поставщиком. Подробности в хронологии ниже,
This {0} conflicts with {1} for {2} {3},{0} конфликтует с {1} для {2} {3},
Time Sheet for manufacturing.,Табель учета времени для производства.,
Time Tracking,Учет рабочего времени,
"Time slot skiped, the slot {0} to {1} overlap exisiting slot {2} to {3}",Интервал пропущен: {0}-{1} пересекается с существующим интервалом {2}-{3},
Time slots added,Интервалы времени добавлены,
Time(in mins),Время (мин),
Timer,Таймер,
Timer exceeded the given hours.,Таймер превысил указанное время.,
Timesheet,Табель учета времени,
Timesheet for tasks.,Табель учета времени для задач.,
Timesheet {0} is already completed or cancelled,Табель {0} уже заполнен или отменен,
Timesheets,Табели учета времени,
"Timesheets help keep track of time, cost and billing for activites done by your team",Табели помогают отслеживать время затраты и оплату работы вашей команды,
Titles for print templates e.g. Proforma Invoice.,Заголовки для шаблонов печати (например счет-проформа).,
To,До,
To Address 1,Адрес доставки 1,
To Address 2,Адрес доставки 2,
To Bill,К оплате,
To Date,Дата окончания,
To Date cannot be before From Date,Дата окончания не может быть раньше даты начала,
To Date cannot be less than From Date,Дата окончания не может быть раньше даты начала,
To Date must be greater than From Date,Дата окончания должна быть позже даты начала,
To Date should be within the Fiscal Year. Assuming To Date = {0},Дата окончания должна быть в текущем фин. году. Принято: дата окончания = {0},
To Datetime,Дата и время окончания,
To Deliver,К доставке,
To Deliver and Bill,К доставке и оплате,
To Fiscal Year,Конечный фин. год,
To GSTIN,GSTIN получателя,
To Party Name,Наименование получателя,
To Pin Code,Индекс получателя,
To Place,Разместить,
To Receive,К получению,
To Receive and Bill,К получению и оплате,
To State,Регион получателя,
To Warehouse,Склад получения,
To create a Payment Request reference document is required,Для создания платежного запроса требуется документ-основание,
"To filter based on Party, select Party Type first",Для фильтрации по контрагенту сначала выберите тип контрагента,
"To get the best out of ERPNext, we recommend that you take some time and watch these help videos.",Для эффективной работы в ERPNext рекомендуем посмотреть обучающие видео.,
"To include tax in row {0} in Item rate, taxes in rows {1} must also be included",Для включения налога из строки {0} в цену позиции налоги из строк {1} тоже должны быть включены,
To make Customer based incentive schemes.,Для создания схем мотивации на основе клиентов.,
"To merge, following properties must be same for both items",Для объединения следующие свойства должны совпадать у обеих позиций,
"To not apply Pricing Rule in a particular transaction, all applicable Pricing Rules should be disabled.",Чтобы не применять правило ценообразования отключите все подходящие правила.,
"To set this Fiscal Year as Default, click on 'Set as Default'",Чтобы установить этот фин. год по умолчанию нажмите 'Установить по умолчанию',
To view logs of Loyalty Points assigned to a Customer.,Для просмотра истории начисления баллов лояльности клиенту.,
To {0},К {0},
To {0} | {1} {2},К {0} | {1} {2},
Toggle Filters,Переключить фильтры,
Too many columns. Export the report and print it using a spreadsheet application.,Слишком много столбцов. Экспортируйте отчет и распечатайте его в табличном редакторе.,
Tools,Инструменты,
Total (Credit),Итого (кредит),
Total (Without Tax),Итого (без налога),
Total Achieved,Итого достигнуто,
Total Actual,Итого фактически,
Total Amount,Итоговая сумма,
Total Amount Credited,Итого зачислено,
Total Applicable Charges in Purchase Receipt Items table must be same as Total Taxes and Charges,Итоговые применимые сборы в таблице позиций приходного ордера должны совпадать с суммой налогов и сборов,
Total Budget,Итоговый бюджет,
Total Collected: {0},Итого собрано: {0},
Total Commission,Итого комиссия,
Total Contribution Amount: {0},Итого сумма вклада: {0},
Total Credit/ Debit Amount should be same as linked Journal Entry,Итоговая сумма кредита/дебета должна совпадать со связанной проводкой,
Total Debit must be equal to Total Credit. The difference is {0},Итого по дебету должно быть равно итого по кредиту. Разница: {0},
Total Invoiced Amount,Итого сумма по счетам,
Total Order Considered,Итого учтено заказов,
Total Order Value,Итоговая стоимость заказа,
Total Outgoing,Итого исходящих,
Total Outstanding,Итого задолженность,
Total Outstanding Amount,Итоговая сумма задолженности,
Total Outstanding: {0},Итого задолженность: {0},
Total Paid Amount,Итого оплачено,
Total Payment Amount in Payment Schedule must be equal to Grand / Rounded Total,Итоговая сумма платежей в графике платежей должна быть равна общему/округленному итогу,
Total Payments,Итого платежей,
Total Qty,Итого количество,
Total Quantity,Общее количество,
Total Revenue,Общий доход,
Total Student,Всего студентов,
Total Target,Общий план,
Total Tax,Итого налог,
Total Taxable Amount,Итого налогооблагаемая сумма,
Total Taxable Value,Итого налогооблагаемая стоимость,
Total Unpaid: {0},Итого неоплачено: {0},
Total Variance,Общее отклонение,
Total Weightage of all Assessment Criteria must be 100%,Общий вес всех критериев оценки должен быть 100%,
Total advance ({0}) against Order {1} cannot be greater than the Grand Total ({2}),Сумма аванса ({0}) по заказу {1} не может превышать итоговую сумму ({2}),
Total advance amount cannot be greater than total claimed amount,Сумма аванса не может превышать общую заявленную сумму,
Total allocated leaves are more days than maximum allocation of {0} leave type for employee {1} in the period,Общее количество выделенных дней отпуска превышает максимальное распределение {0} типа отпуска для сотрудника {1} в периоде,
Total allocated leaves are more than days in the period,Общее количество выделенных дней отпуска превышает количество дней в периоде,
Total allocated percentage for sales team should be 100,Общий процент распределения для команды продаж должен быть равен 100,
Total cannot be zero,Итог не может быть нулевым,
Total contribution percentage should be equal to 100,Общий процент вклада должен быть равен 100,
Total hours: {0},Общее количество часов: {0},
Total {0} ({1}),Итого {0} ({1}),
"Total {0} for all items is zero, may be you should change 'Distribute Charges Based On'","Итого {0} для всех позиций равно нулю. Возможно, следует изменить 'Распределение расходов на основе'",
Total(Amt),Итого (сумма),
Total(Qty),Итого (кол-во),
Traceability,Прослеживаемость,
Track Leads by Lead Source.,Отслеживание лидов по источнику.,
Transaction,Операция,
Transaction Date,Дата операции,
Transaction Type,Тип операции,
Transaction currency must be same as Payment Gateway currency,Валюта операции должна совпадать с валютой платежного шлюза,
Transaction not allowed against stopped Work Order {0},Операция не разрешена для остановленного производственного заказа {0},
Transaction reference no {0} dated {1},Операция №{0} от {1},
Transactions,Операции,
Transactions can only be deleted by the creator of the Company,Операции могут быть удалены только создателем организации,
Transfer,Перемещение,
Transfer Material,Перемещение материала,
Transfer Type,Тип перемещения,
Transfer an asset from one warehouse to another,Перемещение актива с одного склада на другой,
Transfered,Перемещено,
Transferred Quantity,Перемещенное количество,
Transport Receipt Date,Дата транспортной накладной,
Transport Receipt No,№ транспортной накладной,
Transportation,Транспортировка,
Transporter ID,ID перевозчика,
Transporter Name,Наименование перевозчика,
Travel Expenses,Командировочные расходы,
Tree Type,Тип дерева,
Tree of Bill of Materials,Дерево спецификаций,
Tree of Item Groups.,Дерево групп номенклатуры.,
Tree of Procedures,Дерево процедур,
Tree of Quality Procedures.,Дерево процедур контроля качества.,
Tree of financial Cost Centers.,Дерево центров финансовой ответственности.,
Tree of financial accounts.,Дерево бухгалтерских счетов.,
Treshold {0}% appears more than once,Порог {0}% встречается более одного раза,
Trial Period End Date Cannot be before Trial Period Start Date,Дата окончания пробного периода не может быть раньше даты его начала,
Trialling,Тестирование,
Type of Business,Вид деятельности,
Types of activities for Time Logs,Типы активностей для учета времени,
UOM,Ед. изм.,
UOM Conversion factor is required in row {0},Коэффициент пересчета ед. изм. требуется в строке {0},
UOM coversion factor required for UOM: {0} in Item: {1},Требуется коэффициент пересчета для ед. изм.: {0} в позиции: {1},
URL,URL,
Unable to find exchange rate for {0} to {1} for key date {2}. Please create a Currency Exchange record manually,Не удалось найти курс обмена {0} к {1} на дату {2}. Создайте запись курса валют вручную.,
Unable to find score starting at {0}. You need to have standing scores covering 0 to 100,Не удалось найти оценку начиная с {0}. Необходимо иметь шкалу оценок от 0 до 100,
Unable to find variable: ,Не удалось найти переменную: ,
Unblock Invoice,Разблокировать счет,
Uncheck all,Снять все отметки,
Unclosed Fiscal Years Profit / Loss (Credit),Прибыль/убыток за незакрытые финансовые годы (кредит),
Unit,Единица,
Unit of Measure,Единица измерения,
Unit of Measure {0} has been entered more than once in Conversion Factor Table,Единица измерения {0} была введена более одного раза в таблицу коэффициентов пересчета,
Unknown,Неизвестно,
Unpaid,Неоплачено,
Unsecured Loans,Необеспеченные кредиты,
Unsubscribe from this Email Digest,Отписаться от email-рассылки,
Unsubscribed,Отписан,
Until,До,
Unverified Webhook Data,Непроверенные данные вебхука,
Update Account Name / Number,Обновить наименование / номер счета,
Update Account Number / Name,Обновить номер / наименование счета,
Update Cost,Обновить стоимость,
Update Items,Обновить позиции,
Update Print Format,Обновить формат печати,
Update bank payment dates with journals.,Обновить даты банковских платежей в журналах.,
Update in progress. It might take a while.,Выполняется обновление. Это может занять некоторое время.,
Update rate as per last purchase,Обновить цену согласно последней закупке,
Update stock must be enable for the purchase invoice {0},Обновление запасов должно быть включено для приходного счета {0},
Updating Variants...,Обновление вариантов...,
Upload your letter head and logo. (you can edit them later).,Загрузите фирменный бланк и логотип (их можно будет отредактировать позже).,
Upper Income,Высокий уровень дохода,
Use Sandbox,Использовать тестовый режим,
User,Пользователь,
User ID,ID пользователя,
User ID not set for Employee {0},ID пользователя не задан для сотрудника {0},
User Remark,Комментарий пользователя,
User has not applied rule on the invoice {0},Пользователь не применил правило к счету {0},
User {0} already exists,Пользователь {0} уже существует,
User {0} created,Пользователь {0} создан,
User {0} does not exist,Пользователь {0} не существует,
User {0} doesn't have any default POS Profile. Check Default at Row {1} for this User.,У пользователя {0} нет профиля POS по умолчанию. Проверьте значение по умолчанию в строке {1} для этого пользователя.,
User {0} is already assigned to Employee {1},Пользователь {0} уже назначен сотруднику {1},
User {0} is already assigned to Healthcare Practitioner {1},Пользователь {0} уже назначен медицинскому специалисту {1},
Users,Пользователи,
Utility Expenses,Коммунальные расходы,
Valid From Date must be lesser than Valid Upto Date.,Дата начала действия должна быть раньше даты окончания действия.,
Valid Till,Действует до,
Valid from and valid upto fields are mandatory for the cumulative,Поля 'Действует с' и 'Действует по' обязательны для накопительного расчета,
Valid from date must be less than valid upto date,Дата начала действия должна быть раньше даты окончания действия,
Valid till date cannot be before transaction date,Дата окончания действия не может быть раньше даты операции,
Validity,Срок действия,
Validity period of this quotation has ended.,Срок действия этого коммерческого предложения истек,
Valuation Rate,Оценочная стоимость,
Valuation Rate is mandatory if Opening Stock entered,Оценочная стоимость обязательна при вводе начальных остатков,
Valuation type charges can not marked as Inclusive,Оценочные сборы не могут быть отмечены как включенные,
Value Or Qty,Сумма или кол-во,
Value Proposition,Ценностное предложение,
Value for Attribute {0} must be within the range of {1} to {2} in the increments of {3} for Item {4},Значение атрибута {0} должно быть в диапазоне от {1} до {2} с шагом {3} для позиции {4},
Value must be between {0} and {1},Значение должно быть между {0} и {1},
"Values of exempt, nil rated and non-GST inward supplies",Значения освобожденных от налога поставок и поставок не облагаемых НДС,
Variance,Отклонение,
Variance ({}),Отклонение ({}),
Variant,Вариант,
Variant Attributes,Атрибуты варианта,
Variant Based On cannot be changed,Основа варианта не может быть изменена,
Variant Details Report,Отчет по вариантам,
Variant creation has been queued.,Создание вариантов поставлено в очередь.,
Vehicle Expenses,Транспортные расходы,
Vehicle No,№ транспортного средства,
Vehicle Type,Тип транспортного средства,
Vehicle/Bus Number,Номер транспортного средства/автобуса,
Venture Capital,Венчурный капитал,
View Chart of Accounts,Просмотр плана счетов,
View Fees Records,Просмотр записей об оплате,
View Form,Просмотр формы,
View Lab Tests,Просмотр лабораторных исследований,
View Leads,Просмотр лидов,
View Ledger,Просмотр проводок,
View Now,Просмотреть,
View a list of all the help videos,Просмотреть список обучающих видео,
View in Cart,Просмотр корзины,
Visit report for maintenance call.,Отчет о визите для сервисного обслуживания.,
Visit the forums,Перейти на форумы,
Vital Signs,Показатели жизнедеятельности,
Volunteer,Волонтер,
Volunteer Type information.,Информация о типе волонтера.,
Volunteer information.,Информация о волонтерах.,
Voucher #,Документ №,
Voucher No,№ документа,
Voucher Type,Тип документа,
WIP Warehouse,Склад незавершенного производства,
Warehouse can not be deleted as stock ledger entry exists for this warehouse.,Склад не может быть удален так как существуют складские проводки.,
Warehouse cannot be changed for Serial No.,Склад не может быть изменен для серийного номера,
Warehouse is mandatory,Склад обязателен для заполнения,
Warehouse is mandatory for stock Item {0} in row {1},Склад обязателен для складской позиции {0} в строке {1},
Warehouse not found in the system,Склад не найден в системе,
"Warehouse required at Row No {0}, please set default warehouse for the item {1} for the company {2}","Требуется склад в строке {0}, укажите склад по умолчанию для позиции {1} для организации {2}",
Warehouse required for stock Item {0},Требуется склад для складской позиции {0},
Warehouse {0} can not be deleted as quantity exists for Item {1},Склад {0} не может быть удален так как есть остатки по позиции {1},
Warehouse {0} does not belong to company {1},Склад {0} не принадлежит организации {1},
Warehouse {0} does not exist,Склад {0} не существует,
"Warehouse {0} is not linked to any account, please mention the account in  the warehouse record or set default inventory account in company {1}.","Склад {0} не связан со счетом учета, укажите счет в карточке склада или установите счет учета запасов по умолчанию в организации {1}.",
Warehouses with child nodes cannot be converted to ledger,Склады с подчиненными узлами нельзя преобразовать в счет учета,
Warehouses with existing transaction can not be converted to group.,Склады с существующими операциями нельзя преобразовать в группу.,
Warehouses with existing transaction can not be converted to ledger.,Склады с существующими операциями нельзя преобразовать в счет учета.,
Warning,Предупреждение,
Warning: Another {0} # {1} exists against stock entry {2},Внимание: Существует другой документ {0} № {1} для складской операции {2},
Warning: Invalid SSL certificate on attachment {0},Внимание: Недействительный SSL-сертификат для вложения {0},
Warning: Invalid attachment {0},Внимание: Недействительное вложение {0},
Warning: Material Requested Qty is less than Minimum Order Qty,Внимание: Запрошенное количество материала меньше минимального количества для заказа,
Warning: Sales Order {0} already exists against Customer's Purchase Order {1},Внимание: Заказ на продажу {0} уже существует для заказа на покупку клиента {1},
Warning: System will not check overbilling since amount for Item {0} in {1} is zero,Внимание: Система не будет проверять превышение суммы так как сумма для позиции {0} в {1} равна нулю,
Warranty,Гарантия,
Warranty Claim,Гарантийная рекламация,
Warranty Claim against Serial No.,Гарантийная рекламация по серийному номеру,
Website,Веб-сайт,
Website Image should be a public file or website URL,Изображение для веб-сайта должно быть публичным файлом или URL-адресом,
Website Image {0} attached to Item {1} cannot be found,Изображение {0} для веб-сайта прикрепленное к позиции {1} не найдено,
Website Manager,Менеджер веб-сайта,
Website Settings,Настройки веб-сайта,
Wednesday,Среда,
Week,Неделя,
Weekly,Еженедельно,
"Weight is mentioned,\nPlease mention ""Weight UOM"" too",Указан вес\nПожалуйста укажите также единицу измерения веса,
Welcome email sent,Приветственное письмо отправлено,
Welcome to ERPNext,Добро пожаловать в ERPNext,
What do you need help with?,Чем я могу помочь?,
What does it do?,Что это делает?,
Where manufacturing operations are carried.,Где выполняются производственные операции.,
White,Белый,
Wire Transfer,Банковский перевод,
WooCommerce Products,Товары WooCommerce,
Work In Progress,В работе,
Work Order,Производственный заказ,
Work Order already created for all items with BOM,Производственный заказ уже создан для всех позиций со спецификацией,
Work Order cannot be raised against a Item Template,Производственный заказ нельзя создать для шаблона номенклатуры,
Work Order has been {0},Производственный заказ был {0},
Work Order not created,Производственный заказ не создан,
Work Order {0} must be cancelled before cancelling this Sales Order,Производственный заказ {0} должен быть отменен до отмены этого заказа на продажу,
Work Order {0} must be submitted,Производственный заказ {0} должен быть проведен,
Work Orders Created: {0},Созданы производственные заказы: {0},
Work-in-Progress Warehouse is required before Submit,Перед проведением требуется указать склад незавершенного производства,
Working,В работе,
Working Hours,Рабочие часы,
Workstation,Рабочий центр,
Workstation is closed on the following dates as per Holiday List: {0},Рабочий центр закрыт в следующие даты согласно производственному календарю: {0},
Wrapping up,Завершение,
Wrong Password,Неверный пароль,
Year start date or end date is overlapping with {0}. To avoid please set company,Дата начала или окончания года пересекается с {0}. Во избежание этого укажите организацию,
You are not authorized to add or update entries before {0},У вас нет прав на добавление или изменение записей до {0},
You are not authorized to set Frozen value,У вас нет прав на установку замороженного значения,
You can not change rate if BOM mentioned agianst any item,Нельзя изменить цену если для позиции указана спецификация,
You can not enter current voucher in 'Against Journal Entry' column,Нельзя указать текущий документ в колонке 'Встречная проводка',
You can only have Plans with the same billing cycle in a Subscription,В подписке могут быть только планы с одинаковым расчетным периодом,
You can only redeem max {0} points in this order.,В этом заказе можно использовать максимум {0} баллов.,
You can only renew if your membership expires within 30 days,Продление возможно только если срок действия членства истекает в течение 30 дней,
You can only select a maximum of one option from the list of check boxes.,Можно выбрать только один вариант из списка.,
You can't redeem Loyalty Points having more value than the Grand Total.,Нельзя использовать баллы лояльности на сумму больше итоговой стоимости.,
You cannot credit and debit same account at the same time,Нельзя одновременно кредитовать и дебетовать один и тот же счет,
You cannot delete Fiscal Year {0}. Fiscal Year {0} is set as default in Global Settings,Нельзя удалить финансовый год {0}. Финансовый год {0} установлен по умолчанию в глобальных настройках,
You cannot delete Project Type 'External',Нельзя удалить тип проекта 'Внешний',
You cannot edit root node.,Нельзя редактировать корневой узел.,
You cannot restart a Subscription that is not cancelled.,Нельзя перезапустить подписку которая не была отменена.,
You don't have enough Loyalty Points to redeem,У вас недостаточно баллов лояльности для использования,
You have already assessed for the assessment criteria {}.,Вы уже провели оценку по критериям {}.,
You have already selected items from {0} {1},Вы уже выбрали позиции из {0} {1},
You have been invited to collaborate on the project: {0},Вас пригласили к совместной работе над проектом: {0},
You have entered duplicate items. Please rectify and try again.,Вы ввели повторяющиеся позиции. Исправьте и попробуйте снова.,
You need to be a user other than Administrator with System Manager and Item Manager roles to register on Marketplace.,Для регистрации на Marketplace необходимо быть пользователем (не Администратором) с ролями Системный менеджер и Менеджер по номенклатуре.,
You need to be a user with System Manager and Item Manager roles to add users to Marketplace.,Для добавления пользователей в Marketplace необходимо иметь роли Системный менеджер и Менеджер по номенклатуре.,
You need to be a user with System Manager and Item Manager roles to register on Marketplace.,Для регистрации на Marketplace необходимо иметь роли Системный менеджер и Менеджер по номенклатуре.,
You need to enable Shopping Cart,Необходимо включить корзину покупок,
You will lose records of previously generated invoices. Are you sure you want to restart this subscription?,Будут потеряны записи ранее созданных счетов. Вы уверены что хотите перезапустить эту подписку?,
Your Organization,Ваша организация,
Your cart is Empty,Ваша корзина пуста,
Your email address...,Ваш email...,
Your order is out for delivery!,Ваш заказ передан в доставку!,
Your tickets,Ваши заявки,
ZIP Code,Почтовый индекс,
[Error],[Ошибка],
[{0}](#Form/Item/{0}) is out of stock,[{0}](#Form/Item/{0}) нет в наличии,
`Freeze Stocks Older Than` should be smaller than %d days.,Параметр 'Заморозить остатки старше чем' должен быть меньше %d дней.,
based_on,на основе,
cannot be greater than 100,не может быть больше 100,
disabled user,отключенный пользователь,
"e.g. ""Build tools for builders""","например ""Инструменты для строителей""",
"e.g. ""Primary School"" or ""University""","например ""Начальная школа"" или ""Университет""",
"e.g. Bank, Cash, Credit Card",например Банк Касса Кредитная карта,
hidden,скрыто,
modified,изменено,
old_parent,старший элемент,
on,включено,
{0} '{1}' is disabled,{0} '{1}' отключен,
{0} '{1}' not in Fiscal Year {2},{0} '{1}' не входит в финансовый год {2},
{0} ({1}) cannot be greater than planned quantity ({2}) in Work Order {3},{0} ({1}) не может быть больше запланированного количества ({2}) в производственном заказе {3},
{0} - {1} is inactive student,{0} - {1} неактивный студент,
{0} - {1} is not enrolled in the Batch {2},{0} - {1} не включен в группу {2},
{0} - {1} is not enrolled in the Course {2},{0} - {1} не зачислен на курс {2},
{0} Budget for Account {1} against {2} {3} is {4}. It will exceed by {5},Бюджет {0} по счету {1} для {2} {3} составляет {4}. Превышение составит {5},
{0} Digest,Дайджест {0},
{0} Request for {1},Запрос {0} для {1},
{0} Result submittted,Результат {0} отправлен,
{0} Serial Numbers required for Item {1}. You have provided {2}.,Требуется {0} серийных номеров для позиции {1}. Вы указали {2}.,
{0} Student Groups created.,Создано {0} групп студентов.,
{0} Students have been enrolled,Зачислено {0} студентов,
{0} against Bill {1} dated {2},{0} по счету {1} от {2},
{0} against Purchase Order {1},{0} по заказу на закупку {1},
{0} against Sales Invoice {1},{0} по счету на продажу {1},
{0} against Sales Order {1},{0} по заказу на продажу {1},
{0} asset cannot be transferred,Актив {0} не может быть перемещен,
{0} can not be negative,{0} не может быть отрицательным,
{0} created,{0} создан,
"{0} currently has a {1} Supplier Scorecard standing, and Purchase Orders to this supplier should be issued with caution.","{0} имеет рейтинг поставщика {1}, заказы на закупку этому поставщику следует размещать с осторожностью.",
"{0} currently has a {1} Supplier Scorecard standing, and RFQs to this supplier should be issued with caution.","{0} имеет рейтинг поставщика {1}, запросы цен этому поставщику следует отправлять с осторожностью.",
{0} does not belong to Company {1},{0} не принадлежит компании {1},
{0} does not have a Healthcare Practitioner Schedule. Add it in Healthcare Practitioner master,{0} не имеет расписания медицинского специалиста. Добавьте его в справочник медицинских специалистов,
{0} entered twice in Item Tax,{0} дважды указан в налоге на товар,
{0} for {1},{0} для {1},
{0} has been submitted successfully,{0} успешно проведен,
{0} has fee validity till {1},{0} имеет действующий тариф до {1},
{0} hours,{0} ч.,
{0} in row {1},{0} в строке {1},
{0} is blocked so this transaction cannot proceed,"{0} заблокирован, транзакция не может быть выполнена",
{0} is mandatory,{0} обязательно для заполнения,
{0} is mandatory for Item {1},{0} обязательно для товара {1},
{0} is mandatory. Maybe Currency Exchange record is not created for {1} to {2}.,"{0} обязательно для заполнения. Возможно, не создан курс обмена валюты с {1} на {2}.",
{0} is not a stock Item,{0} не является складским товаром,
{0} is not a valid Batch Number for Item {1},{0} - недействительный номер партии для товара {1},
{0} is not added in the table,{0} не добавлен в таблицу,
{0} is now the default Fiscal Year. Please refresh your browser for the change to take effect.,"{0} установлен как текущий финансовый год. Обновите страницу браузера, чтобы изменения вступили в силу.",
{0} is on hold till {1},{0} приостановлен до {1},
{0} item found.,Найден {0} элемент.,
{0} items found.,Найдено элементов: {0}.,
{0} items in progress,{0} товаров в обработке,
{0} items produced,{0} товаров произведено,
{0} must appear only once,{0} должен встречаться только один раз,
{0} must be negative in return document,{0} должен быть отрицательным в документе возврата,
{0} not allowed to transact with {1}. Please change the Company.,{0} не имеет права проводить операции с {1}. Измените компанию.,
{0} not found for item {1},{0} не найден для товара {1},
{0} parameter is invalid,Параметр {0} недействителен,
{0} payment entries can not be filtered by {1},Платежные записи {0} не могут быть отфильтрованы по {1},
{0} should be a value between 0 and 100,{0} должно быть значением от 0 до 100,
{0} units of [{1}](#Form/Item/{1}) found in [{2}](#Form/Warehouse/{2}),{0} единиц [{1}](#Form/Item/{1}) найдено на складе [{2}](#Form/Warehouse/{2}),
{0} units of {1} needed in {2} on {3} {4} for {5} to complete this transaction.,Для завершения операции требуется {0} единиц {1} на складе {2} на {3} {4} для {5}.,
{0} units of {1} needed in {2} to complete this transaction.,Для завершения операции требуется {0} единиц {1} на складе {2}.,
{0} valid serial nos for Item {1},{0} действительных серийных номеров для товара {1},
{0} variants created.,Создано вариантов: {0}.,
{0} {1} created,{0} {1} создан,
{0} {1} does not exist,{0} {1} не существует,
{0} {1} has been modified. Please refresh.,"{0} {1} был изменен. Пожалуйста, обновите страницу.",
{0} {1} has not been submitted so the action cannot be completed,"{0} {1} не проведен, действие не может быть выполнено",
"{0} {1} is associated with {2}, but Party Account is {3}","{0} {1} связан с {2}, но счет контрагента - {3}",
{0} {1} is cancelled or closed,{0} {1} отменен или закрыт,
{0} {1} is cancelled or stopped,{0} {1} отменен или остановлен,
{0} {1} is cancelled so the action cannot be completed,"{0} {1} отменен, действие не может быть выполнено",
{0} {1} is closed,{0} {1} закрыт,
{0} {1} is disabled,{0} {1} отключен,
{0} {1} is frozen,{0} {1} заморожен,
{0} {1} is fully billed,{0} {1} полностью выставлен в счете,
{0} {1} is not active,{0} {1} неактивен,
{0} {1} is not associated with {2} {3},{0} {1} не связан с {2} {3},
{0} {1} is not present in the parent company,{0} {1} отсутствует в головной компании,
{0} {1} is not submitted,{0} {1} не проведен,
{0} {1} is {2},{0} {1} - {2},
{0} {1} must be submitted,{0} {1} должен быть проведен,
{0} {1} not in any active Fiscal Year.,{0} {1} не относится ни к одному активному финансовому году.,
{0} {1} status is {2},Статус {0} {1} - {2},
{0} {1}: 'Profit and Loss' type account {2} not allowed in Opening Entry,"{0} {1}: счет типа ""Прибыли и убытки"" {2} не допускается во входящем сальдо",
{0} {1}: Account {2} does not belong to Company {3},{0} {1}: Счет {2} не принадлежит компании {3},
{0} {1}: Account {2} is inactive,{0} {1}: Счет {2} неактивен,
{0} {1}: Accounting Entry for {2} can only be made in currency: {3},{0} {1}: Бухгалтерская проводка для {2} может быть создана только в валюте: {3},
{0} {1}: Cost Center is mandatory for Item {2},{0} {1}: Центр затрат обязателен для товара {2},
{0} {1}: Cost Center is required for 'Profit and Loss' account {2}. Please set up a default Cost Center for the Company.,{0} {1}: Центр затрат обязателен для счета прибылей и убытков {2}. Установите центр затрат по умолчанию для компании.,
{0} {1}: Cost Center {2} does not belong to Company {3},{0} {1}: Центр затрат {2} не принадлежит компании {3},
{0} {1}: Customer is required against Receivable account {2},{0} {1}: Требуется указать клиента для дебиторской задолженности {2},
{0} {1}: Either debit or credit amount is required for {2},{0} {1}: Необходимо указать сумму по дебету или кредиту для {2},
{0} {1}: Supplier is required against Payable account {2},{0} {1}: Требуется указать поставщика для кредиторской задолженности {2},
{0}% Billed,Выставлено счетов: {0}%,
{0}% Delivered,Доставлено: {0}%,
{0}: From {1},{0}: От {1},
{0}: {1} does not exists,{0}: {1} не существует,
{0}: {1} not found in Invoice Details table,{0}: {1} не найден в таблице деталей счета,
{} of {},{} из {},
Assigned To,Назначено,
Chat,Чат,
Completed By,Выполнено,
Day of Week,День недели,
"Dear System Manager,","Уважаемый системный администратор,",
Default Value,Значение по умолчанию,
Email Group,Группа рассылки,
Email Settings,Настройки электронной почты,
Email not sent to {0} (unsubscribed / disabled),Письмо не отправлено {0} (отписан / отключен),
Error Message,Сообщение об ошибке,
Fieldtype,Тип поля,
Help Articles,Справочные статьи,
ID,Идентификатор,
Import,Импорт,
Language,Язык,
Likes,"Отметки ""Нравится""",
Merge with existing,Объединить с существующим,
Orientation,Ориентация,
Parent,Родительский элемент,
Payment Failed,Ошибка платежа,
Personal,Личное,
Post,Опубликовать,
Postal Code,Почтовый индекс,
Provider,Поставщик услуг,
Read Only,Только для чтения,
Recipient,Получатель,
Reviews,Отзывы,
Sender,Отправитель,
There were errors while sending email. Please try again.,"При отправке письма произошли ошибки. Пожалуйста, попробуйте еще раз.",
Values Changed,Значения изменены,
or,или,
Ageing Range 4,Период старения 4,
Allocated amount cannot be greater than unadjusted amount,Распределенная сумма не может превышать нескорректированную сумму,
Allocated amount cannot be negative,Распределенная сумма не может быть отрицательной,
"Difference Account must be a Asset/Liability type account, since this Stock Entry is an Opening Entry","Счет разницы должен быть счетом типа Актив/Пассив, так как эта складская операция является входящим остатком",
Import Successful,Импорт успешно завершен,
Please save first,"Пожалуйста, сначала сохраните изменения",
Price not found for item {0} in price list {1},Цена не найдена для товара {0} в прайс-листе {1},
Warehouse Type,Тип склада,
'Date' is required,Поле 'Дата' обязательно для заполнения,
Budgets,Бюджеты,
Bundle Qty,Количество в комплекте,
Company GSTIN,GSTIN компании,
Company field is required,"Поле ""Компания"" обязательно для заполнения",
Creating Dimensions...,Создание аналитик...,
Duplicate entry against the item code {0} and manufacturer {1},Дублирующаяся запись для кода товара {0} и производителя {1},
Invalid GSTIN! The input you've entered doesn't match the GSTIN format for UIN Holders or Non-Resident OIDAR Service Providers,Неверный GSTIN! Введенные данные не соответствуют формату GSTIN для владельцев UIN или поставщиков услуг OIDAR-нерезидентов,
Invoice Grand Total,Итоговая сумма счета,
Last carbon check date cannot be a future date,Дата последней проверки выбросов не может быть будущей датой,
Make Stock Entry,Создать складскую операцию,
Quality Feedback,Оценка качества,
Quality Feedback Template,Шаблон оценки качества,
Rules for applying different promotional schemes.,Правила применения различных акционных программ.,
Show {0},Показать {0},
Target Details,Детали цели,
{0} already has a Parent Procedure {1}.,{0} уже имеет родительскую процедуру {1}.,
API,API,
Annual,Годовой,
Change,Изменить,
Contact Email,Контактный email,
From Date,Дата начала,
Group By,Группировать по,
Invalid URL,Недействительный URL,
Landscape,Альбомная,
Naming Series,Серия нумерации,
No data to export,Нет данных для экспорта,
Portrait,Книжная,
Print Heading,Заголовок печати,
Scheduler Inactive,Планировщик неактивен,
Scheduler is inactive. Cannot import data.,Планировщик неактивен. Импорт данных невозможен.,
Show Document,Показать документ,
Show Traceback,Показать трассировку,
Video,Видео,
% Of Grand Total,% от общей суммы,
<b>Company</b> is a mandatory filter.,Фильтр <b>Компания</b> обязателен.,
<b>From Date</b> is a mandatory filter.,Фильтр <b>Дата начала</b> обязателен.,
<b>From Time</b> cannot be later than <b>To Time</b> for {0},<b>Время начала</b> не может быть позже <b>времени окончания</b> для {0},
<b>To Date</b> is a mandatory filter.,Фильтр <b>Дата окончания</b> обязателен.,
A new appointment has been created for you with {0},Для вас создана новая встреча с {0},
Account Value,Значение счета,
Account is mandatory to get payment entries,Счет обязателен для получения платежных операций,
Account is not set for the dashboard chart {0},Не указан счет для диаграммы {0} на панели показателей,
Account {0} does not exists in the dashboard chart {1},Счет {0} отсутствует в диаграмме {1} на панели показателей,
Account: <b>{0}</b> is capital Work in progress and can not be updated by Journal Entry,Счет: <b>{0}</b> является незавершенным капитальным строительством и не может быть изменен через проводку в журнале,
Account: {0} is not permitted under Payment Entry,Счет: {0} не разрешен для платежной операции,
Accounting Dimension <b>{0}</b> is required for 'Balance Sheet' account {1}.,Аналитика <b>{0}</b> обязательна для балансового счета {1}.,
Accounting Dimension <b>{0}</b> is required for 'Profit and Loss' account {1}.,Аналитика <b>{0}</b> обязательна для счета прибылей и убытков {1}.,
Accounting Masters,Справочники бухгалтерского учета,
Accounting Period overlaps with {0},Учетный период пересекается с {0},
Activity,Активность,
Add / Manage Email Accounts.,Добавление/управление учетными записями email.,
Add Child,Добавить дочерний элемент,
Add Multiple,Добавить несколько,
Add Participants,Добавить участников,
Add to Featured Item,Добавить в рекомендуемые товары,
Add your review,Добавить ваш отзыв,
Add/Edit Coupon Conditions,Добавить/изменить условия купона,
Added to Featured Items,Добавлено в рекомендуемые товары,
Added {0} ({1}),Добавлено {0} ({1}),
Address Line 1,Адрес (строка 1),
Addresses,Адреса,
Admission End Date should be greater than Admission Start Date.,Дата окончания приема должна быть позже даты начала приема.,
All,Все,
All bank transactions have been created,Все банковские операции созданы,
All the depreciations has been booked,Все амортизационные отчисления проведены,
Allow Resetting Service Level Agreement from Support Settings.,Разрешить сброс соглашения об уровне обслуживания в настройках поддержки.,
Amount of {0} is required for Loan closure,Для закрытия кредита требуется сумма {0},
Applied Coupon Code,Примененный код купона,
Apply Coupon Code,Применить код купона,
Appointment Booking,Запись на прием,
"As there are existing transactions against item {0}, you can not change the value of {1}","Поскольку для товара {0} есть существующие операции, вы не можете изменить значение {1}",
Asset Id,ID актива,
Asset Value,Стоимость актива,
Asset Value Adjustment cannot be posted before Asset's purchase date <b>{0}</b>.,Корректировка стоимости актива не может быть проведена ранее даты его приобретения <b>{0}</b>.,
Asset {0} does not belongs to the custodian {1},Актив {0} не принадлежит материально-ответственному лицу {1},
Asset {0} does not belongs to the location {1},Актив {0} не находится в местоположении {1},
At least one of the Applicable Modules should be selected,Необходимо выбрать хотя бы один из применимых модулей,
Atleast one asset has to be selected.,Необходимо выбрать хотя бы один актив.,
Authentication Failed,Ошибка аутентификации,
Automatic Reconciliation,Автоматическая сверка,
Available For Use Date,Дата готовности к использованию,
Available Stock,Доступный остаток,
"Available quantity is {0}, you need {1}","Доступное количество: {0}, требуется: {1}",
BOM 1,Спецификация 1,
BOM 2,Спецификация 2,
BOM Comparison Tool,Инструмент сравнения спецификаций,
BOM recursion: {0} cannot be child of {1},Рекурсия в спецификации: {0} не может быть дочерним элементом {1},
BOM recursion: {0} cannot be parent or child of {1},Рекурсия в спецификации: {0} не может быть родительским или дочерним элементом {1},
Back to Messages,Вернуться к сообщениям,
Bank Data mapper doesn't exist,Сопоставитель банковских данных не существует,
Bank Details,Банковские реквизиты,
Bank account '{0}' has been synchronized,Банковский счет '{0}' синхронизирован,
Bank account {0} already exists and could not be created again,Банковский счет {0} уже существует и не может быть создан повторно,
Bank accounts added,Банковские счета добавлены,
Batch no is required for batched item {0},Номер партии обязателен для партионного товара {0},
Billing Date,Дата выставления счета,
Billing Interval Count cannot be less than 1,Количество интервалов выставления счетов не может быть меньше 1,
Blue,Синий,
Book,Книга,
Book Appointment,Записаться на прием,
Brand,Бренд,
Browse,Обзор,
Call Connected,Звонок подключен,
Call Disconnected,Звонок завершен,
Call Missed,Пропущенный звонок,
Call Summary,Сводка звонков,
Call Summary Saved,Сводка звонков сохранена,
Cancelled,Отменено,
Cannot Calculate Arrival Time as Driver Address is Missing.,Невозможно рассчитать время прибытия: отсутствует адрес водителя.,
Cannot Optimize Route as Driver Address is Missing.,Невозможно оптимизировать маршрут: отсутствует адрес водителя.,
Cannot complete task {0} as its dependant task {1} are not ccompleted / cancelled.,"Невозможно выполнить задачу {0}, так как зависимая задача {1} не завершена/не отменена.",
Cannot find a matching Item. Please select some other value for {0}.,"Не найден соответствующий товар. Пожалуйста, выберите другое значение для {0}.",
"Cannot overbill for Item {0} in row {1} more than {2}. To allow over-billing, please set allowance in Accounts Settings","Невозможно превысить сумму счета для товара {0} в строке {1} более чем на {2}. Чтобы разрешить превышение, установите допустимое отклонение в настройках учета",
"Capacity Planning Error, planned start time can not be same as end time",Ошибка планирования мощностей: запланированное время начала не может совпадать со временем окончания,
Categories,Категории,
Changes in {0},Изменения в {0},
Chart,График,
Choose a corresponding payment,Выберите соответствующий платеж,
Click on the link below to verify your email and confirm the appointment,"Нажмите на ссылку ниже, чтобы подтвердить ваш email и запись на прием",
Close,Закрыть,
Communication,Коммуникация,
Compact Item Print,Компактная печать товара,
Company,Компания,
Company of asset {0} and purchase document {1} doesn't matches.,Компания актива {0} не соответствует компании в документе покупки {1}.,
Compare BOMs for changes in Raw Materials and Operations,Сравнить спецификации на предмет изменений в сырье и операциях,
Compare List function takes on list arguments,Функция сравнения принимает аргументы в виде списка,
Complete,Завершить,
Completed,Завершено,
Completed Quantity,Завершенное количество,
Connect your Exotel Account to ERPNext and track call logs,Подключите учетную запись Exotel к ERPNext для отслеживания журнала звонков,
Connect your bank accounts to ERPNext,Подключите ваши банковские счета к ERPNext,
Contact Seller,Связаться с продавцом,
Continue,Продолжить,
Cost Center: {0} does not exist,Центр затрат: {0} не существует,
Couldn't Set Service Level Agreement {0}.,Не удалось установить соглашение об уровне обслуживания {0}.,
Country,Страна,
Country Code in File does not match with country code set up in the system,"Код страны в файле не соответствует коду страны, установленному в системе",
Create New Contact,Создать новый контакт,
Create New Lead,Создать новой лид,
Create Pick List,Создать комплектовочный лист,
Create Quality Inspection for Item {0},Создать контроль качества для товара {0},
Creating Accounts...,Создание счетов...,
Creating bank entries...,Создание банковских проводок...,
Credit limit is already defined for the Company {0},Кредитный лимит уже установлен для компании {0},
Ctrl + Enter to submit,Ctrl + Enter для проведения,
Ctrl+Enter to submit,Ctrl + Enter для проведения,
Currency,Валюта,
Current Status,Текущий статус,
Customer PO,Заказ на покупку клиента,
Daily,Ежедневно,
Date,Дата,
Date of Birth cannot be greater than Joining Date.,Дата рождения не может быть позже даты приема на работу.,
Dear,Уважаемый(ая),
Default,По умолчанию,
Define coupon codes.,Определить коды купонов.,
Delayed Days,Дни просрочки,
Delete,Удалить,
Delivered Quantity,Доставленное количество,
Delivery Notes,Накладные на доставку,
Depreciated Amount,Сумма амортизации,
Description,Описание,
Designation,Должность,
Difference Value,Значение разницы,
Dimension Filter,Фильтр по аналитике,
Disabled,Отключено,
Disbursement and Repayment,Выдача и погашение,
Distance cannot be greater than 4000 kms,Расстояние не может превышать 4000 км,
Do you want to submit the material request,Провести заявку на материалы?,
Doctype,Тип документа,
Document {0} successfully uncleared,Документ {0} успешно распроведен,
Download Template,Скачать шаблон,
Dr,Д-р,
Due Date,Срок исполнения,
Duplicate,Дублировать,
Duplicate Project with Tasks,Дублировать проект с задачами,
Duplicate project has been created,Дублированный проект создан,
E-Way Bill JSON can only be generated from a submitted document,E-Way Bill JSON может быть создан только из проведенного документа,
E-Way Bill JSON can only be generated from submitted document,E-Way Bill JSON может быть создан только из проведенного документа,
E-Way Bill JSON cannot be generated for Sales Return as of now,E-Way Bill JSON пока не может быть создан для возврата продаж,
ERPNext could not find any matching payment entry,ERPNext не может найти соответствующую платежную операцию,
Earliest Age,Минимальный возраст,
Edit Details,Редактировать детали,
Either GST Transporter ID or Vehicle No is required if Mode of Transport is Road,"Если способ транспортировки - автомобильный, требуется указать либо ID перевозчика GST, либо номер транспортного средства",
Email,Email,
Email Campaigns,Email-кампании,
Employee ID is linked with another instructor,ID сотрудника уже связан с другим инструктором,
Employee Tax and Benefits,Налоги и льготы сотрудника,
Employee is required while issuing Asset {0},При выдаче актива {0} необходимо указать сотрудника,
Employee {0} does not belongs to the company {1},Сотрудник {0} не принадлежит компании {1},
Enable Auto Re-Order,Включить автоматический дозаказ,
End Date of Agreement can't be less than today.,"Дата окончания соглашения не может быть раньше, чем сегодня.",
End Time,Время окончания,
Energy Point Leaderboard,Рейтинг по баллам активности,
Enter API key in Google Settings.,Введите API-ключ в настройках Google.,
Enter Supplier,Укажите поставщика,
Enter Value,Введите значение,
Entity Type,Тип сущности,
Error,Ошибка,
Error in Exotel incoming call,Ошибка во входящем звонке Exotel,
Error: {0} is mandatory field,Ошибка: поле {0} обязательно для заполнения,
Exception occurred while reconciling {0},Произошла ошибка при сверке {0},
Expected and Discharge dates cannot be less than Admission Schedule date,Ожидаемая дата и дата выписки не могут быть раньше даты поступления,
Expired,Срок действия истек,
Export,Экспорт,
Export not allowed. You need {0} role to export.,Экспорт запрещен. Для экспорта необходима роль {0}.,
Failed to add Domain,Не удалось добавить домен,
Fetch Items from Warehouse,Получить товары со склада,
Fetching...,Загрузка...,
Field,Поле,
Filters,Фильтры,
Finding linked payments,Поиск связанных платежей,
Fleet Management,Управление автопарком,
Following fields are mandatory to create address:,Следующие поля обязательны для создания адреса:,
For Month,За месяц,
"For item {0} at row {1}, count of serial numbers does not match with the picked quantity",Для товара {0} в строке {1} количество серийных номеров не соответствует выбранному количеству,
For operation {0}: Quantity ({1}) can not be greter than pending quantity({2}),Для операции {0}: количество ({1}) не может превышать ожидаемое количество ({2}),
For quantity {0} should not be greater than work order quantity {1},Количество {0} не должно превышать количество в производственном заказе {1},
Free item not set in the pricing rule {0},В правиле ценообразования {0} не указан бесплатный товар,
From Date and To Date are Mandatory,Даты начала и окончания обязательны для заполнения,
From employee is required while receiving Asset {0} to a target location,При получении актива {0} в целевое местоположение необходимо указать сотрудника-отправителя,
Future Payment Amount,Сумма будущего платежа,
Future Payment Ref,Ссылка на будущий платеж,
Future Payments,Будущие платежи,
GST HSN Code does not exist for one or more items,Код ТН ВЭД отсутствует для одного или нескольких товаров,
Generate E-Way Bill JSON,Создать электронную накладную в формате JSON,
Get Items,Получить товары,
Get Outstanding Documents,Получить неоплаченные документы,
Goal,Цель,
Greater Than Amount,Сумма больше чем,
Green,Зеленый,
Group,Группа,
Group By Customer,Группировать по клиенту,
Group By Supplier,Группировать по поставщику,
Group Node,Групповой узел,
Group Warehouses cannot be used in transactions. Please change the value of {0},"Групповые склады нельзя использовать в операциях. Пожалуйста, измените значение {0}",
Help,Справка,
Help Article,Справочная статья,
"Helps you keep tracks of Contracts based on Supplier, Customer and Employee","Помогает отслеживать договоры с поставщиками, клиентами и сотрудниками",
Helps you manage appointments with your leads,Помогает управлять встречами с потенциальными клиентами,
Home,Главная,
IBAN is not valid,Недействительный номер IBAN,
Import Data from CSV / Excel files.,Импорт данных из файлов CSV/Excel.,
In Progress,В работе,
Incoming call from {0},Входящий звонок от {0},
Incorrect Warehouse,Неверный склад,
Invalid Barcode. There is no Item attached to this barcode.,Неверный штрихкод. К этому штрихкоду не привязан ни один товар.,
Invalid credentials,Неверные учетные данные,
Issue Priority.,Приоритет обращения.,
Issue Type.,Тип обращения.,
"It seems that there is an issue with the server's stripe configuration. In case of failure, the amount will get refunded to your account.",Возникла проблема с настройкой платежного шлюза. В случае сбоя сумма будет возвращена на ваш счет.,
Item Reported,Товар отмечен,
Item listing removed,Список товаров удален,
Item quantity can not be zero,Количество товара не может быть нулевым,
Item taxes updated,Налоги на товары обновлены,
Item {0}: {1} qty produced.,Товар {0}: произведено {1} шт.,
Joining Date can not be greater than Leaving Date,Дата приема на работу не может быть позже даты увольнения,
Lab Test Item {0} already exist,Элемент лабораторного анализа {0} уже существует,
Last Issue,Последнее обращение,
Latest Age,Максимальный возраст,
Leaves Taken,Использовано отпусков,
Less Than Amount,Сумма меньше чем,
Liabilities,Обязательства,
Loading...,Загрузка...,
Loan Applications from customers and employees.,Заявки на кредит от клиентов и сотрудников.,
Loan Processes,Процессы кредитования,
Loan Type for interest and penalty rates,Тип кредита для процентных ставок и штрафов,
Loans,Кредиты,
Loans provided to customers and employees.,"Кредиты, выданные клиентам и сотрудникам.",
Location,Местоположение,
Looks like someone sent you to an incomplete URL. Please ask them to look into it.,"Похоже, вы перешли по неполному URL. Пожалуйста, попросите отправителя проверить ссылку.",
Make Journal Entry,Создать проводку в журнале,
Make Purchase Invoice,Создать счет на покупку,
Manufactured,Произведено,
Mark Work From Home,Отметить работу из дома,
Master,Справочник,
Max strength cannot be less than zero.,Максимальная прочность не может быть меньше нуля.,
Maximum attempts for this quiz reached!,Достигнуто максимальное количество попыток для этого теста!,
Message,Сообщение,
Missing Values Required,Отсутствуют обязательные значения,
Mobile No,Мобильный телефон,
Mobile Number,Номер мобильного телефона,
Month,Месяц,
Name,Наименование,
Near you,Рядом с вами,
Net Profit/Loss,Чистая прибыль/убыток,
New Expense,Новый расход,
New Invoice,Новый счет,
New Payment,Новый платеж,
New release date should be in the future,Новая дата выпуска должна быть в будущем,
No Account matched these filters: {},Не найдено счетов по заданным фильтрам: {},
No communication found.,Сообщения не найдены.,
No correct answer is set for {0},Не указан правильный ответ для {0},
No description,Нет описания,
No issue has been raised by the caller.,Обращение не создано звонящим.,
No items to publish,Нет элементов для публикации,
No outstanding invoices found,Неоплаченные счета не найдены,
No outstanding invoices found for the {0} {1} which qualify the filters you have specified.,"Не найдены неоплаченные счета для {0} {1}, соответствующие указанным фильтрам.",
No outstanding invoices require exchange rate revaluation,"Нет неоплаченных счетов, требующих переоценки по курсу",
No reviews yet,Отзывов пока нет,
No views yet,Просмотров пока нет,
Non stock items,Нескладские товары,
Not Allowed,Не разрешено,
Not allowed to create accounting dimension for {0},Создание аналитики для {0} не разрешено,
Not permitted. Please disable the Lab Test Template,"Действие запрещено. Пожалуйста, отключите шаблон лабораторного анализа",
Note,Примечание,
Notes: ,Примечания: ,
On Converting Opportunity,При конвертации сделки,
On Purchase Order Submission,При проведении заказа на закупку,
On Sales Order Submission,При проведении заказа на продажу,
On Task Completion,При завершении задачи,
On {0} Creation,При создании {0},
On Item Creation,При создании товара,
On Lead Creation,При создании лида,
On Supplier Creation,При создании поставщика,
On Customer Creation,При создании клиента,
Only .csv and .xlsx files are supported currently,В настоящее время поддерживаются только файлы форматов .csv и .xlsx,
Open,Открыто,
Open Contact,Открыть контакт,
Open Lead,Открыть лид,
Opening and Closing,Открытие и закрытие,
Operating Cost as per Work Order / BOM,Операционные затраты согласно производственному заказу/спецификации,
Order Amount,Сумма заказа,
Page {0} of {1},Страница {0} из {1},
Paid amount cannot be less than {0},Оплаченная сумма не может быть меньше {0},
Parent Company must be a group company,Головная компания должна быть компанией группы,
Passing Score value should be between 0 and 100,Проходной балл должен быть в диапазоне от 0 до 100,
Patient History,История пациента,
Pause,Пауза,
Pay,Оплатить,
Payment Document Type,Тип платежного документа,
Payment Name,Наименование платежа,
Pending,В ожидании,
Performance,Производительность,
Period based On,Период на основе,
Perpetual inventory required for the company {0} to view this report.,Для просмотра этого отчета требуется включить непрерывный учет запасов для компании {0},
Phone,Телефон,
Pick List,Комплектовочный лист,
Plaid authentication error,Ошибка аутентификации Plaid,
Plaid public token error,Ошибка публичного токена Plaid,
Plaid transactions sync error,Ошибка синхронизации транзакций Plaid,
Please check the error log for details about the import errors,Проверьте журнал ошибок для получения информации об ошибках импорта,
Please create <b>DATEV Settings</b> for Company <b>{}</b>.,Создайте <b>настройки DATEV</b> для компании <b>{}</b>.,
Please create adjustment Journal Entry for amount {0} ,Создайте корректировочную проводку на сумму {0},
Please do not create more than 500 items at a time,"Пожалуйста, не создавайте более 500 элементов одновременно",
Please enter <b>Difference Account</b> or set default <b>Stock Adjustment Account</b> for company {0},Укажите <b>счет отклонений</b> или установите <b>счет корректировки запасов</b> по умолчанию для компании {0},
Please enter GSTIN and state for the Company Address {0},Введите GSTIN и регион для адреса компании {0},
Please enter Item Code to get item taxes,Введите код товара для получения информации о налогах,
Please enter Warehouse and Date,Укажите склад и дату,
Please login as a Marketplace User to edit this item.,Для редактирования этого элемента войдите как пользователь Маркетплейса.,
Please login as a Marketplace User to report this item.,Для отправки сообщения об этом товаре войдите как пользователь Маркетплейса.,
Please select <b>Template Type</b> to download template,Выберите <b>тип шаблона</b> для скачивания,
Please select Customer first,Сначала выберите клиента,
Please select Item Code first,Сначала выберите код товара,
Please select a Delivery Note,Выберите накладную на доставку,
Please select a Sales Person for item: {0},Выберите менеджера по продажам для товара: {0},
Please select another payment method. Stripe does not support transactions in currency '{0}',Выберите другой способ оплаты. Stripe не поддерживает транзакции в валюте '{0}',
Please select the customer.,Выберите клиента.,
Please set a Supplier against the Items to be considered in the Purchase Order.,"Укажите поставщика для товаров, которые должны быть включены в заказ на закупку.",
Please set account heads in GST Settings for Compnay {0},Настройте счета в параметрах GST для компании {0},
Please set an email id for the Lead {0},Укажите email для лида {0},
Please set default UOM in Stock Settings,Установите единицу измерения по умолчанию в настройках склада,
Please set filter based on Item or Warehouse due to a large amount of entries.,Установите фильтр по товару или складу из-за большого количества записей.,
Please set up the Campaign Schedule in the Campaign {0},Настройте расписание для кампании {0},
Please set valid GSTIN No. in Company Address for company {0},Укажите действительный номер GSTIN в адресе компании {0},
Please set {0},Установите {0},
Please setup a default bank account for company {0},Настройте банковский счет по умолчанию для компании {0},
Please specify,"Пожалуйста, укажите",
Please specify a {0},Укажите {0},
Priority,Приоритет,
Priority has been changed to {0}.,Приоритет изменен на {0}.,
Priority {0} has been repeated.,Приоритет {0} повторяется.,
Processing XML Files,Обработка XML-файлов,
Profitability,Рентабельность,
Project,Проект,
Provide the academic year and set the starting and ending date.,Укажите учебный год и установите даты начала и окончания.,
Public token is missing for this bank,Отсутствует публичный токен для этого банка,
Publish 1 Item,Опубликовать 1 элемент,
Publish Items,Опубликовать элементы,
Publish More Items,Опубликовать больше элементов,
Publish Your First Items,Опубликуйте ваши первые элементы,
Publish {0} Items,Опубликовать элементов: {0},
Published Items,Опубликованные элементы,
Purchase Invoice cannot be made against an existing asset {0},Нельзя создать приходный счет для существующего актива {0},
Purchase Invoices,Приходные счета,
Purchase Orders,Заказы на закупку,
Purchase Receipt doesn't have any Item for which Retain Sample is enabled.,"В приходной накладной нет товаров, для которых включено сохранение образцов.",
Purchase Return,Возврат поставщику,
Qty of Finished Goods Item,Количество готовой продукции,
Quality Inspection required for Item {0} to submit,Для проведения товара {0} требуется контроль качества,
Quantity to Manufacture,Количество для производства,
Quantity to Manufacture can not be zero for the operation {0},Количество для производства не может быть нулевым для операции {0},
Quarterly,Ежеквартально,
Queued,В очереди,
Quick Entry,Быстрый ввод,
Quiz {0} does not exist,Тест {0} не существует,
Quotation Amount,Сумма предложения,
Rate or Discount is required for the price discount.,Для скидки необходимо указать ставку или процент.,
Reason,Причина,
Reconcile Entries,Сверить проводки,
Reconcile this account,Сверить этот счет,
Reconciled,Сверено,
Recruitment,Подбор персонала,
Red,Красный,
Release date must be in the future,Дата выпуска должна быть в будущем,
Relieving Date must be greater than or equal to Date of Joining,Дата увольнения должна быть позже или равна дате приема на работу,
Rename,Переименовать,
Rename Not Allowed,Переименование запрещено,
Report Item,Сообщить о товаре,
Report this Item,Сообщить об этом товаре,
Reserved Qty for Subcontract: Raw materials quantity to make subcontracted items.,Зарезервированное количество для субподряда: количество сырья для производства субподрядных изделий.,
Reset,Сбросить,
Reset Service Level Agreement,Сбросить соглашение об уровне обслуживания,
Resetting Service Level Agreement.,Сброс соглашения об уровне обслуживания.,
Return amount cannot be greater unclaimed amount,Сумма возврата не может превышать невостребованную сумму,
Review,Отзыв,
Room,Помещение,
Room Type,Тип помещения,
Row # ,Строка № ,
Row #{0}: Accepted Warehouse and Supplier Warehouse cannot be same,Строка №{0}: склад получения и склад поставщика не могут совпадать,
Row #{0}: Cannot delete item {1} which has already been billed.,"Строка №{0}: невозможно удалить товар {1}, по которому уже выставлен счет.",
Row #{0}: Cannot delete item {1} which has already been delivered,"Строка №{0}: невозможно удалить товар {1}, который уже доставлен",
Row #{0}: Cannot delete item {1} which has already been received,"Строка №{0}: невозможно удалить товар {1}, который уже получен",
Row #{0}: Cannot delete item {1} which has work order assigned to it.,"Строка №{0}: невозможно удалить товар {1}, для которого создан производственный заказ.",
Row #{0}: Cannot delete item {1} which is assigned to customer's purchase order.,"Строка №{0}: невозможно удалить товар {1}, который включен в заказ клиента.",
Row #{0}: Cannot select Supplier Warehouse while suppling raw materials to subcontractor,Строка №{0}: нельзя выбрать склад поставщика при отгрузке сырья субподрядчику,
Row #{0}: Cost Center {1} does not belong to company {2},Строка №{0}: центр затрат {1} не принадлежит компании {2},
Row #{0}: Operation {1} is not completed for {2} qty of finished goods in Work Order {3}. Please update operation status via Job Card {4}.,Строка №{0}: операция {1} не завершена для {2} единиц готовой продукции в производственном заказе {3}. Обновите статус операции через рабочую карту {4}.,
Row #{0}: Payment document is required to complete the transaction,Строка №{0}: для завершения операции требуется платежный документ,
Row #{0}: Serial No {1} does not belong to Batch {2},Строка №{0}: серийный номер {1} не принадлежит партии {2},
Row #{0}: Service End Date cannot be before Invoice Posting Date,Строка №{0}: дата окончания обслуживания не может быть раньше даты проведения счета,
Row #{0}: Service Start Date cannot be greater than Service End Date,Строка №{0}: дата начала обслуживания не может быть позже даты окончания обслуживания,
Row #{0}: Service Start and End Date is required for deferred accounting,Строка №{0}: для отложенного учета требуются даты начала и окончания обслуживания,
Row {0}: Invalid Item Tax Template for item {1},Строка {0}: неверный шаблон налога для товара {1},
Row {0}: Quantity not available for {4} in warehouse {1} at posting time of the entry ({2} {3}),Строка {0}: на момент проведения операции ({2} {3}) на складе {1} отсутствует требуемое количество для {4},
Row {0}: user has not applied the rule {1} on the item {2},Строка {0}: пользователь не применил правило {1} к товару {2},
Row {0}:Sibling Date of Birth cannot be greater than today.,Строка {0}: дата рождения брата/сестры не может быть позже текущей даты.,
Row({0}): {1} is already discounted in {2},Строка({0}): для {1} уже применена скидка в {2},
Rows Added in {0},Строки добавлены в {0},
Rows Removed in {0},Строки удалены из {0},
Save,Сохранить,
Save Item,Сохранить товар,
Saved Items,Сохраненные товары,
Search Items ...,Поиск товаров...,
Search for a payment,Поиск платежа,
Search for anything ...,Поиск...,
Search results for,Результаты поиска для,
Select Difference Account,Выберите счет отклонений,
Select a Default Priority.,Выберите приоритет по умолчанию.,
Select a company,Выберите компанию,
Select finance book for the item {0} at row {1},Выберите финансовую книгу для товара {0} в строке {1},
Select only one Priority as Default.,Выберите только один приоритет по умолчанию.,
Seller Information,Информация о продавце,
Send,Отправить,
Send a message,Отправить сообщение,
Sending,Отправка,
Sends Mails to lead or contact based on a Campaign schedule,Отправляет письма лидам или контактам по расписанию кампании,
Serial Number Created,Серийный номер создан,
Serial Numbers Created,Серийные номера созданы,
Serial no(s) required for serialized item {0},Требуются серийные номера для серийного товара {0},
Series,Серия номеров,
Server Error,Ошибка сервера,
Service Level Agreement has been changed to {0}.,Соглашение об уровне обслуживания изменено на {0}.,
Service Level Agreement was reset.,Соглашение об уровне обслуживания сброшено.,
Service Level Agreement with Entity Type {0} and Entity {1} already exists.,Соглашение об уровне обслуживания для типа объекта {0} и объекта {1} уже существует.,
Set Meta Tags,Установить метатеги,
Set {0} in company {1},Установить {0} в компании {1},
Setup,Настройка,
Shift Management,Управление сменами,
Show Future Payments,Показать будущие платежи,
Show Linked Delivery Notes,Показать связанные накладные,
Show Sales Person,Показать менеджера по продажам,
Show Stock Ageing Data,Показать данные по срокам хранения запасов,
Show Warehouse-wise Stock,Показать остатки по складам,
Size,Размер,
Something went wrong while evaluating the quiz.,При проверке теста произошла ошибка.,
Sr,№,
Start,Начать,
Start Date cannot be before the current date,Дата начала не может быть раньше текущей даты,
Start Time,Время начала,
Status,Статус,
Status must be Cancelled or Completed,"Статус должен быть ""Отменен"" или ""Завершен""",
Stock Balance Report,Отчет по остаткам запасов,
Stock Entry has been already created against this Pick List,Для этого комплектовочного листа уже создано складское перемещение,
Stock Ledger ID,ID складского регистра,
Stock Value ({0}) and Account Balance ({1}) are out of sync for account {2} and it's linked warehouses.,Стоимость запасов ({0}) и остаток по счету ({1}) не совпадают для счета {2} и связанных с ним складов.,
Stores - {0},Магазины - {0},
Student with email {0} does not exist,Студент с email {0} не существует,
Submit Review,Отправить отзыв,
Submitted,Проведен,
Supplier Addresses And Contacts,Адреса и контакты поставщика,
Synchronize this account,Синхронизировать этот счет,
Tag,Тег,
Target Location is required while receiving Asset {0} from an employee,При получении актива {0} от сотрудника необходимо указать целевое местоположение,
Target Location is required while transferring Asset {0},При перемещении актива {0} необходимо указать целевое местоположение,
Target Location or To Employee is required while receiving Asset {0},При получении актива {0} необходимо указать целевое местоположение или сотрудника-получателя,
Task's {0} End Date cannot be after Project's End Date.,Дата завершения задачи {0} не может быть позже даты завершения проекта.,
Task's {0} Start Date cannot be after Project's End Date.,Дата начала задачи {0} не может быть позже даты завершения проекта.,
Tax Account not specified for Shopify Tax {0},Не указан налоговый счет для налога Shopify {0},
Tax Total,Итого налогов,
Template,Шаблон,
The Campaign '{0}' already exists for the {1} '{2}',Кампания '{0}' уже существует для {1} '{2}',
The difference between from time and To Time must be a multiple of Appointment,Разница между временем начала и окончания должна быть кратна длительности приема,
The field Asset Account cannot be blank,"Поле ""Счет актива"" не может быть пустым",
The field Equity/Liability Account cannot be blank,"Поле ""Счет капитала/обязательств"" не может быть пустым",
The following serial numbers were created: <br><br> {0},Созданы следующие серийные номера: <br><br> {0},
The parent account {0} does not exists in the uploaded template,Родительский счет {0} отсутствует в загруженном шаблоне,
The question cannot be duplicate,Вопрос не может повторяться,
The selected payment entry should be linked with a creditor bank transaction,Выбранная платежная операция должна быть связана с банковской операцией по кредиту,
The selected payment entry should be linked with a debtor bank transaction,Выбранная платежная операция должна быть связана с банковской операцией по дебету,
The total allocated amount ({0}) is greated than the paid amount ({1}).,Общая распределенная сумма ({0}) превышает оплаченную сумму ({1}).,
This Service Level Agreement is specific to Customer {0},Это соглашение об уровне обслуживания относится только к клиенту {0},
This action will unlink this account from any external service integrating ERPNext with your bank accounts. It cannot be undone. Are you certain ?,"Это действие отвяжет этот счет от всех внешних сервисов, интегрирующих ERPNext с вашими банковскими счетами. Действие нельзя отменить. Вы уверены?",
This bank account is already synchronized,Этот банковский счет уже синхронизирован,
This bank transaction is already fully reconciled,Эта банковская операция уже полностью сверена,
This page keeps track of items you want to buy from sellers.,"Здесь отслеживаются товары, которые вы хотите купить у продавцов.",
This page keeps track of your items in which buyers have showed some interest.,"Здесь отслеживаются ваши товары, которыми интересовались покупатели.",
Thursday,Четверг,
Title,Заголовок,
"To allow over billing, update ""Over Billing Allowance"" in Accounts Settings or the Item.","Чтобы разрешить превышение суммы счета, обновите ""Допустимое превышение суммы"" в настройках учета или товара.",
"To allow over receipt / delivery, update ""Over Receipt/Delivery Allowance"" in Stock Settings or the Item.","Чтобы разрешить превышение при приемке/отгрузке, обновите ""Допустимое превышение при приемке/отгрузке"" в настройках склада или товара.",
Total,Итого,
Total Payment Request amount cannot be greater than {0} amount,Общая сумма платежного запроса не может превышать сумму {0},
Total payments amount can't be greater than {},Общая сумма платежей не может превышать {},
Totals,Итоги,
Transactions already retreived from the statement,Операции уже получены из выписки,
Transfer Material to Supplier,Передать материалы поставщику,
Transport Receipt No and Date are mandatory for your chosen Mode of Transport,Номер транспортной накладной и дата обязательны для выбранного способа транспортировки,
Tuesday,Вторник,
Type,Тип,
Unable to find the time slot in the next {0} days for the operation {1}.,Не удалось найти свободное время в ближайшие {0} дней для операции {1}.,
Unable to update remote activity,Не удалось обновить удаленную активность,
Unknown Caller,Неизвестный вызывающий,
Unlink external integrations,Отключить внешние интеграции,
Unpublish Item,Снять с публикации,
Unreconciled,Не сверено,
Unsupported GST Category for E-Way Bill JSON generation,Неподдерживаемая категория GST для создания электронной накладной,
Update,Обновить,
Update Taxes for Items,Обновить налоги для товаров,
"Upload a bank statement, link or reconcile a bank account","Загрузить банковскую выписку, привязать или сверить банковский счет",
Upload a statement,Загрузить выписку,
Use a name that is different from previous project name,"Используйте название, отличное от предыдущего названия проекта",
User {0} is disabled,Пользователь {0} отключен,
Users and Permissions,Пользователи и права доступа,
Valuation Rate required for Item {0} at row {1},Требуется указать ставку оценки для товара {0} в строке {1},
Values Out Of Sync,Значения рассинхронизированы,
Vehicle Type is required if Mode of Transport is Road,Тип транспортного средства обязателен при автомобильной перевозке,
Vendor Name,Наименование поставщика,
Verify Email,Подтвердить email,
View,Просмотр,
View all issues from {0},Просмотреть все обращения от {0},
View call log,Просмотр журнала звонков,
Warehouse,Склад,
Warehouse not found against the account {0},Не найден склад для счета {0},
Welcome to {0},Добро пожаловать в {0},
Why do think this Item should be removed?,"Почему вы считаете, что этот товар следует удалить?",
Work Order {0}: Job Card not found for the operation {1},Производственный заказ {0}: не найдена рабочая карта для операции {1},
Workday {0} has been repeated.,Рабочий день {0} повторяется.,
XML Files Processed,XML-файлы обработаны,
Year,Год,
Yearly,Ежегодно,
You are not allowed to enroll for this course,У вас нет прав для записи на этот курс,
You are not enrolled in program {0},Вы не записаны на программу {0},
You can Feature upto 8 items.,Вы можете добавить в рекомендуемые до 8 товаров.,
You can also copy-paste this link in your browser,Вы также можете скопировать эту ссылку в браузер,
You can publish upto 200 items.,Вы можете опубликовать до 200 товаров.,
You have to enable auto re-order in Stock Settings to maintain re-order levels.,"Чтобы использовать уровни дозаказа, включите автоматический дозаказ в настройках склада.",
You must be a registered supplier to generate e-Way Bill,Для создания электронной накладной необходимо быть зарегистрированным поставщиком,
You need to login as a Marketplace User before you can add any reviews.,"Чтобы добавить отзыв, войдите как пользователь Маркетплейса.",
Your Featured Items,Ваши рекомендуемые товары,
Your Items,Ваши товары,
Your Profile,Ваш профиль,
Your rating:,Ваша оценка:,
and,и,
e-Way Bill already exists for this document,Электронная накладная уже существует для этого документа,
woocommerce - {0},woocommerce - {0},
{0} Coupon used are {1}. Allowed quantity is exhausted,Использовано купонов {0}: {1}. Допустимое количество исчерпано,
{0} Operations: {1},{0} Операции: {1},
{0} bank transaction(s) created,Создано банковских операций: {0},
{0} bank transaction(s) created and {1} errors,"Создано банковских операций: {0}, ошибок: {1}",
{0} can not be greater than {1},Значение {0} не может быть больше {1},
{0} conversations,{0} переписок,
{0} is not a company bank account,{0} не является банковским счетом компании,
{0} is not a group node. Please select a group node as parent cost center,{0} не является групповым узлом. Выберите групповой узел в качестве родительского центра затрат,
{0} is not the default supplier for any items.,{0} не является поставщиком по умолчанию ни для одного товара.,
{0} is required,{0} обязательно для заполнения,
{0}: {1} must be less than {2},{0}: {1} должно быть меньше {2},
{} is required to generate E-Way Bill JSON,{} необходимо для создания электронной накладной,
"Invalid lost reason {0}, please create a new lost reason","Недопустимая причина потери {0}, создайте новую причину потери",
Profit This Year,Прибыль за текущий год,
Total Expense,Общая сумма расходов,
Total Expense This Year,Общая сумма расходов за текущий год,
Total Income,Общий доход,
Total Income This Year,Общий доход за текущий год,
Barcode,Штрихкод,
Clear,Очистить,
Comments,Комментарии,
DocType,Тип документа,
Download,Скачать,
Left,Слева,
Link,Ссылка,
New,Новый,
Print,Печать,
Reference Name,Название ссылки,
Refresh,Обновить,
Success,Успешно,
Time,Время,
Value,Значение,
Actual,Фактический,
Add to Cart,Добавить в корзину,
Days Since Last Order,Дней с последнего заказа,
In Stock,В наличии,
Mode Of Payment,Способ оплаты,
No students Found,Студенты не найдены,
Not in Stock,Нет в наличии,
Please select a Customer,Выберите клиента,
Received From,Получено от,
Sales Person,Менеджер по продажам,
To date cannot be before From date,Дата окончания не может быть раньше даты начала,
Write Off,Списать,
{0} Created,{0} создан,
Email Id,Email,
No,Нет,
Reference Doctype,Тип документа-источника,
Yes,Да,
Actual ,Фактический,
Add to cart,Добавить в корзину,
Budget,Бюджет,
Chart of Accounts,План счетов,
Customer database.,База данных клиентов.,
Days Since Last order,Дней с последнего заказа,
Download as JSON,Скачать в формате JSON,
End date can not be less than start date,Дата окончания не может быть раньше даты начала,
For Default Supplier (Optional),Поставщик по умолчанию (необязательно),
From date cannot be greater than To date,Дата начала не может быть позже даты окончания,
Group by,Группировать по,
In stock,В наличии,
Item name,Наименование товара,
Minimum Qty,Минимальное количество,
More details,Дополнительные сведения,
Nature of Supplies,Тип поставок,
No Items found.,Товары не найдены.,
No students found,Студенты не найдены,
Not in stock,Нет в наличии,
Not permitted,Нет прав доступа,
Open Issues ,Открытые обращения,
Open Projects ,Открытые проекты,
Open To Do ,Открыть задачи,
Operation Id,ID операции,
Partially ordered,Частично заказано,
Please select company first,Сначала выберите компанию,
Please select patient,Выберите пациента,
Printed On ,Дата печати,
Projected qty,Планируемое количество,
Sales person,Менеджер по продажам,
Serial No {0} Created,Создан серийный номер {0},
Source Location is required for the Asset {0},Для актива {0} необходимо указать исходное местоположение,
Tax Id,ИНН,
To Time,Время окончания,
To date cannot be before from date,Дата окончания не может быть раньше даты начала,
Total Taxable value,Общая налогооблагаемая сумма,
Upcoming Calendar Events ,Предстоящие события календаря,
Value or Qty,Значение или количество,
Variance ,Отклонение,
Variant of,Вариант,
Write off,Списать,
hours,часов,
received from,получено от,
to,до,
Cards,Карточки,
Percentage,Процент,
Failed to setup defaults for country {0}. Please contact support@erpnext.com,Не удалось установить значения по умолчанию для страны {0}. Обратитесь в службу поддержки: support@erpnext.com,
Row #{0}: Item {1} is not a Serialized/Batched Item. It cannot have a Serial No/Batch No against it.,Строка №{0}: товар {1} не является серийным/партионным. Для него нельзя указать серийный номер/номер партии.,
Please set {0},Укажите {0},
Please set {0},Укажите {0},
Draft,Черновик,
Cancelled,Отменен,
Please setup Instructor Naming System in Education > Education Settings,Настройте систему именования преподавателей в разделе Образование > Настройки образования,
Please set Naming Series for {0} via Setup > Settings > Naming Series,Настройте серию нумерации для {0} через Настройка > Параметры > Серии нумерации,
UOM Conversion factor ({0} -> {1}) not found for item: {2},Не найден коэффициент пересчета единиц измерения ({0} -> {1}) для товара: {2},
Item Code > Item Group > Brand,Код товара > Группа товаров > Бренд,
Customer > Customer Group > Territory,Клиент > Группа клиентов > Территория,
Supplier > Supplier Type,Поставщик > Тип поставщика,
The value of {0} differs between Items {1} and {2},Значение {0} различается для товаров {1} и {2},
Auto Fetch,Автозагрузка,
Fetch Serial Numbers based on FIFO,Получить серийные номера по методу FIFO,
"Outward taxable supplies(other than zero rated, nil rated and exempted)","Исходящие налогооблагаемые поставки (кроме поставок с нулевой ставкой, без НДС и освобожденных от налогообложения)",
"To allow different rates, disable the {0} checkbox in {1}.","Чтобы разрешить разные ставки, отключите флажок {0} в {1}.",
Asset{} {assets_link} created for {},Актив {} {assets_link} создан для {},
Row {}: Asset Naming Series is mandatory for the auto creation for item {},Строка {}: для автоматического создания твара {} необходимо указать серию нумерации активов,
Assets not created for {0}. You will have to create asset manually.,Активы не созданы для {0}. Необходимо создать актив вручную.,
{0} {1} has accounting entries in currency {2} for company {3}. Please select a receivable or payable account with currency {2}.,{0} {1} имеет проводки в валюте {2} для компании {3}. Выберите счет дебиторской или кредиторской задолженности в валюте {2}.,
Invalid Account,Недействительный счет,
Purchase Order Required,Требуется заказ на закупку,
Purchase Receipt Required,Требуется приходная накладная,
Account Missing,Счет не найден,
Requested,Запрошено,
Partially Paid,Частично оплачено,
Invalid Account Currency,Недействительная валюта счета,
"Row {0}: The item {1}, quantity must be positive number",Строка {0}: для товара {1} количество должно быть положительным числом,
"Please set {0} for Batched Item {1}, which is used to set {2} on Submit.","Укажите {0} для партионного товара {1}, который используется для установки {2} при проведении документа",
Expiry Date Mandatory,Срок годности обязателен,
Variant Item,Вариант товара,
BOM 1 {0} and BOM 2 {1} should not be same,Спецификация 1 {0} и спецификация 2 {1} не должны совпадать,
Note: Item {0} added multiple times,Примечание: товар {0} добавлен несколько раз,
YouTube,YouTube,
Vimeo,Vimeo,
Publish Date,Дата публикации,
Duration,Продолжительность,
Advanced Settings,Расширенные настройки,
Path,Путь,
Components,Компоненты,
Verified By,Проверено,
Invalid naming series (. missing) for {0},Неверная серия нумерации (отсутствует точка) для {0},
Filter Based On,Фильтровать по,
Reqd by date,Требуется к дате,
Manufacturer Part Number <b>{0}</b> is invalid,Артикул производителя <b>{0}</b> недействителен,
Invalid Part Number,Неверный артикул,
Select atleast one Social Media from Share on.,Выберите хотя бы одну социальную сеть для публикации,
Invalid Scheduled Time,Недействительное запланированное время,
Length Must be less than 280.,Длина должна быть меньше 280 символов,
Error while POSTING {0},Ошибка при публикации {0},
"Session not valid, Do you want to login?",Сессия недействительна. Хотите войти в систему?,
Session Active,Сессия активна,
Session Not Active. Save doc to login.,Сессия неактивна. Сохраните документ для входа в систему,
Error! Failed to get request token.,Ошибка! Не удалось получить токен запроса,
Invalid {0} or {1},Недействительный {0} или {1},
Error! Failed to get access token.,Ошибка! Не удалось получить токен доступа,
Invalid Consumer Key or Consumer Secret Key,Недействительный ключ потребителя или секретный ключ,
Your Session will be expire in ,Ваша сессия истечет через ,
 days.,дней,
Session is expired. Save doc to login.,Сессия истекла. Сохраните документ для входа в систему,
Error While Uploading Image,Ошибка при загрузке изображения,
You Didn't have permission to access this API,У вас нет прав доступа к этому API,
Valid Upto date cannot be before Valid From date,Дата окончания не может быть раньше даты начала,
Valid From date not in Fiscal Year {0},Дата начала не входит в финансовый год {0},
Valid Upto date not in Fiscal Year {0},Дата окончания не входит в финансовый год {0},
Group Roll No,Номер группы,
Maintain Same Rate Throughout Sales Cycle,Сохранять единую ставку на протяжении всего цикла продаж,
"Row {1}: Quantity ({0}) cannot be a fraction. To allow this, disable '{2}' in UOM {3}.","Строка {1}: количество ({0}) не может быть дробным. Чтобы разрешить это, отключите '{2}' в единице измерения {3}",
Must be Whole Number,Должно быть целым числом,
Please setup Razorpay Plan ID,Настройте ID тарифного плана Razorpay,
Contact Creation Failed,Не удалось создать контакт,
Leaves Expired,Отпуска истекли,
Row #{}: {} of {} should be {}. Please modify the account or select a different account.,Строка #{}: {} из {} должно быть {}. Измените счет или выберите другой счет,
Row #{}: Please asign task to a member.,Строка #{}: назначьте задачу участнику,
Process Failed,Процесс не выполнен,
Tally Migration Error,Ошибка переноса данных из Tally,
Please set Warehouse in Woocommerce Settings,Укажите склад в настройках Woocommerce,
Row {0}: Delivery Warehouse ({1}) and Customer Warehouse ({2}) can not be same,Строка {0}: Склад отгрузки ({1}) и склад клиента ({2}) не могут совпадать,
Row {0}: Due Date in the Payment Terms table cannot be before Posting Date,Строка {0}: Срок оплаты в таблице условий оплаты не может быть раньше даты проводки,
Cannot find {} for item {}. Please set the same in Item Master or Stock Settings.,Не удается найти {} для товара {}. Укажите его в карточке товара или настройках склада,
Row #{0}: The batch {1} has already expired.,Строка №{0}: срок годности партии {1} уже истек,
Start Year and End Year are mandatory,Начальный и конечный год обязательны для заполнения,
GL Entry,Проводка в главной книге,
Cannot allocate more than {0} against payment term {1},Невозможно распределить более {0} по условию оплаты {1},
The root account {0} must be a group,Корневой счет {0} должен быть группой,
Shipping rule not applicable for country {0} in Shipping Address,Правило доставки не применимо для страны {0} в адресе доставки,
Get Payments from,Получить платежи от,
Set Shipping Address or Billing Address,Укажите адрес доставки или платежный адрес,
Consultation Setup,Настройка консультаций,
Fee Validity,Срок действия оплаты,
Laboratory Setup,Настройка лаборатории,
Dosage Form,Лекарственная форма,
Records and History,Записи и история,
Patient Medical Record,Медицинская карта пациента,
Rehabilitation,Реабилитация,
Exercise Type,Тип упражнения,
Exercise Difficulty Level,Уровень сложности упражнения,
Therapy Type,Тип терапии,
Therapy Plan,План терапии,
Therapy Session,Сеанс терапии,
Motor Assessment Scale,Шкала оценки двигательной активности,
[Important] [ERPNext] Auto Reorder Errors,[Важно] [ERPNext] Ошибки автоматического заказа,
"Regards,","С уважением,",
The following {0} were created: {1},Созданы следующие {0}: {1},
Work Orders,Производственные заказы,
The {0} {1} created sucessfully,{0} {1} успешно создан,
Work Order cannot be created for following reason: <br> {0},Производственный заказ не может быть создан по следующей причине:<br> {0},
Add items in the Item Locations table,Добавьте товары в таблицу размещения,
Update Current Stock,Обновить текущие остатки,
"{0} Retain Sample is based on batch, please check Has Batch No to retain sample of item",{0} Сохранение образца основано на партии. Установите флажок 'Имеет номер партии' для сохранения образца товара,
Empty,Пусто,
Currently no stock available in any warehouse,В данный момент товар отсутствует на всех складах,
BOM Qty,Количество по спецификации,
Time logs are required for {0} {1},Требуются записи времени для {0} {1},
Total Completed Qty,Всего выполнено,
Qty to Manufacture,Количество для производства,
Social Media Campaigns,Кампании в социальных сетях,
From Date can not be greater than To Date,Дата начала не может быть позже даты окончания,
Please set a Customer linked to the Patient,Укажите клиента связанного с пациентом,
Customer Not Found,Клиент не найден,
Please Configure Clinical Procedure Consumable Item in ,Настройте расходные материалы для клинической процедуры в ,
Missing Configuration,Отсутствует конфигурация,
Out Patient Consulting Charge Item,Тариф консультации амбулаторного пациента,
Inpatient Visit Charge Item,Тариф посещения стационарного пациента,
OP Consulting Charge,Тариф амбулаторной консультации,
Inpatient Visit Charge,Тариф стационарного посещения,
Appointment Status,Статус приема,
Test: ,Тест: ,
Collection Details: ,Детали сбора: ,
{0} out of {1},{0} из {1},
Select Therapy Type,Выберите тип терапии,
{0} sessions completed,{0} сеансов завершено,
{0} session completed,{0} сеанс завершен,
 out of {0},из {0},
Therapy Sessions,Сеансы терапии,
Add Exercise Step,Добавить этап упражнения,
Edit Exercise Step,Изменить этап упражнения,
Patient Appointments,Приемы пациентов,
Item with Item Code {0} already exists,Товар с кодом {0} уже существует,
Registration Fee cannot be negative or zero,Регистрационный взнос не может быть отрицательным или нулевым,
Configure a service Item for {0},Настройте услугу для {0},
Temperature: ,Температура: ,
Pulse: ,Пульс: ,
Respiratory Rate: ,Частота дыхания: ,
BP: ,АД: ,
BMI: ,ИМТ: ,
Note: ,Примечание: ,
Check Availability,Проверить доступность,
Please select Patient first,Сначала выберите пациента,
Please select a Mode of Payment first,Сначала выберите способ оплаты,
Please set the Paid Amount first,Сначала укажите оплаченную сумму,
Not Therapies Prescribed,Терапия не назначена,
There are no Therapies prescribed for Patient {0},Пациенту {0} не назначена терапия,
Appointment date and Healthcare Practitioner are Mandatory,Дата приема и врач обязательны для заполнения,
No Prescribed Procedures found for the selected Patient,Для выбранного пациента не найдено назначенных процедур,
Please select a Patient first,Сначала выберите пациента,
There are no procedure prescribed for ,Нет назначенных процедур для ,
Prescribed Therapies,Назначенная терапия,
Appointment overlaps with ,Прием пересекается с ,
{0} has appointment scheduled with {1} at {2} having {3} minute(s) duration.,У {0} назначен прием с {1} на {2} длительностью {3} мин.,
Appointments Overlapping,Пересечение приемов,
Consulting Charges: {0},Стоимость консультации: {0},
Appointment Cancelled. Please review and cancel the invoice {0},Прием отменен. Просмотрите и отмените счет {0},
Appointment Cancelled.,Прием отменен.,
Fee Validity {0} updated.,Срок действия оплаты {0} обновлен.,
Practitioner Schedule Not Found,Расписание врача не найдено,
{0} is on a Half day Leave on {1},{0} в отпуске на полдня {1},
{0} is on Leave on {1},{0} в отпуске {1},
{0} does not have a Healthcare Practitioner Schedule. Add it in Healthcare Practitioner,{0} не имеет расписания врача. Добавьте его в карточке врача,
Healthcare Service Units,Отделения медицинского обслуживания,
Complete and Consume,Завершить и списать,
Complete {0} and Consume Stock?,Завершить {0} и списать материалы?,
Complete {0}?,Завершить {0}?,
Stock quantity to start the Procedure is not available in the Warehouse {0}. Do you want to record a Stock Entry?,На складе {0} недостаточно материалов для начала процедуры. Хотите создать складскую операцию?,
{0} as on {1},{0} на {1},
Clinical Procedure ({0}):,Клиническая процедура ({0}):,
Please set Customer in Patient {0},Укажите клиента для пациента {0},
Item {0} is not active,Товар {0} неактивен,
Therapy Plan {0} created successfully.,План терапии {0} успешно создан.,
Symptoms: ,Симптомы: ,
No Symptoms,Симптомы отсутствуют,
Diagnosis: ,Диагноз: ,
No Diagnosis,Диагноз отсутствует,
Drug(s) Prescribed.,Назначенные препараты.,
Test(s) Prescribed.,Назначенные анализы.,
Procedure(s) Prescribed.,Назначенные процедуры.,
Counts Completed: {0},Выполнено: {0},
Patient Assessment,Оценка состояния пациента,
Assessments,Оценки,
Heads (or groups) against which Accounting Entries are made and balances are maintained.,"Счета (или группы), по которым ведутся бухгалтерские проводки и остатки.",
Account Name,Название счета,
Inter Company Account,Внутригрупповой счет,
Parent Account,Родительский счет,
Setting Account Type helps in selecting this Account in transactions.,Настройка типа счета помогает в выборе этого счета в операциях.,
Chargeable,Платный,
Rate at which this tax is applied,"Ставка, по которой применяется этот налог",
Frozen,Заблокирован,
"If the account is frozen, entries are allowed to restricted users.","Если счет заблокирован, проводки разрешены только определенным пользователям.",
Balance must be,Баланс должен быть,
Lft,Левый индекс,
Rgt,Правый индекс,
Old Parent,Предыдущий родительский элемент,
Include in gross,Включить в валовую сумму,
Auditor,Аудитор,
Accounting Dimension,Аналитика учета,
Dimension Name,Название аналитики,
Dimension Defaults,Значения аналитики по умолчанию,
Accounting Dimension Detail,Детализация аналитики учета,
Default Dimension,Аналитика по умолчанию,
Mandatory For Balance Sheet,Обязательно для баланса,
Mandatory For Profit and Loss Account,Обязательно для отчета о прибылях и убытках,
Accounting Period,Отчетный период,
Period Name,Название периода,
Closed Documents,Закрытые документы,
Accounts Settings,Настройки учета,
Settings for Accounts,Настройки для учета,
Make Accounting Entry For Every Stock Movement,Создавать проводки при каждом складском перемещении,
Users with this role are allowed to set frozen accounts and create / modify accounting entries against frozen accounts,Пользователи с этой ролью могут блокировать счета и создавать/изменять проводки по заблокированным счетам,
Determine Address Tax Category From,Определять налоговую категорию по адресу,
Over Billing Allowance (%),Допустимое превышение суммы счета (%),
Credit Controller,Кредитный контролер,
Check Supplier Invoice Number Uniqueness,Проверять уникальность номеров счетов поставщика,
Make Payment via Journal Entry,Создать платеж через журнальную запись,
Unlink Payment on Cancellation of Invoice,Отвязать платеж при отмене счета,
Book Asset Depreciation Entry Automatically,Проводить амортизацию автоматически,
Automatically Add Taxes and Charges from Item Tax Template,Автоматически добавлять налоги из налогового шаблона товара,
Automatically Fetch Payment Terms,Автоматически загружать условия оплаты,
Show Payment Schedule in Print,Показывать график платежей при печати,
Currency Exchange Settings,Настройки обмена валют,
Allow Stale Exchange Rates,Разрешить устаревшие курсы валют,
Stale Days,Дни актуальности курса,
Report Settings,Настройки отчетов,
Use Custom Cash Flow Format,Использовать пользовательский формат движения денежных средств,
Allowed To Transact With,Разрешено проводить операции с,
SWIFT number,SWIFT номер,
Branch Code,Код филиала,
Address and Contact,Адрес и контакты,
Address HTML,HTML адреса,
Contact HTML,HTML контактов,
Data Import Configuration,Настройка импорта данных,
Bank Transaction Mapping,Сопоставление банковских операций,
Plaid Access Token,Токен доступа Plaid,
Company Account,Счет компании,
Account Subtype,Подтип счета,
Is Default Account,Счет по умолчанию,
Is Company Account,Корпоративный счет,
Party Details,Реквизиты контрагента,
Account Details,Реквизиты счета,
IBAN,IBAN,
Bank Account No,Номер банковского счета,
Integration Details,Параметры интеграции,
Integration ID,ID интеграции,
Last Integration Date,Дата последней интеграции,
Change this date manually to setup the next synchronization start date,Измените эту дату вручную для установки следующей даты синхронизации,
Mask,Маска,
Bank Account Subtype,Подтип банковского счета,
Bank Account Type,Тип банковского счета,
Bank Guarantee,Банковская гарантия,
Bank Guarantee Type,Тип банковской гарантии,
Receiving,Получение,
Providing,Предоставление,
Reference Document Name,Название документа-основания,
Validity in Days,Срок действия в днях,
Bank Account Info,Информация о банковском счете,
Clauses and Conditions,Условия и положения,
Other Details,Дополнительная информация,
Bank Guarantee Number,Номер банковской гарантии,
Name of Beneficiary,Имя бенефициара,
Margin Money,Гарантийное обеспечение,
Charges Incurred,Понесенные расходы,
Fixed Deposit Number,Номер депозита,
Account Currency,Валюта счета,
Select the Bank Account to reconcile,Выберите банковский счет для сверки,
Include Reconciled Entries,Включить сверенные записи,
Get Payment Entries,Получить платежные операции,
Payment Entries,Платежные операции,
Update Clearance Date,Обновить дату проводки,
Bank Reconciliation Detail,Детали банковской сверки,
Cheque Number,Номер чека,
Cheque Date,Дата чека,
Statement Header Mapping,Сопоставление заголовков выписки,
Statement Headers,Заголовки выписки,
Transaction Data Mapping,Сопоставление данных операций,
Mapped Items,Сопоставленные элементы,
Bank Statement Settings Item,Настройки банковской выписки,
Mapped Header,Сопоставленный заголовок,
Bank Header,Заголовок банка,
Bank Statement Transaction Entry,Операция банковской выписки,
Bank Transaction Entries,Банковские операции,
New Transactions,Новые операции,
Match Transaction to Invoices,Сопоставить операцию со счетами,
Create New Payment/Journal Entry,Создать платеж/проводку,
Submit/Reconcile Payments,Провести/сверить платежи,
Matching Invoices,Сопоставление счетов,
Payment Invoice Items,Элементы счета на оплату,
Reconciled Transactions,Сверенные операции,
Bank Statement Transaction Invoice Item,Элемент счета в банковской выписке,
Payment Description,Описание платежа,
Invoice Date,Дата счета,
invoice,счет,
Bank Statement Transaction Payment Item,Элемент платежа в банковской выписке,
outstanding_amount,неоплаченная_сумма,
Payment Reference,Референс платежа,
Bank Statement Transaction Settings Item,Настройки операций банковской выписки,
Bank Data,Банковские данные,
Mapped Data Type,Тип сопоставленных данных,
Mapped Data,Сопоставленные данные,
Bank Transaction,Банковская операция,
ACC-BTN-.YYYY.-,ACC-BTN-.YYYY.-,
Transaction ID,ID операции,
Unallocated Amount,Нераспределенная сумма,
Field in Bank Transaction,Поле банковской операции,
Column in Bank File,Столбец в банковском файле,
Bank Transaction Payments,Платежи по банковским операциям,
Control Action,Действие контроля,
Applicable on Material Request,Применимо к заявке на материалы,
Action if Annual Budget Exceeded on MR,Действие при превышении годового бюджета по заявке,
Warn,Предупреждать,
Ignore,Игнорировать,
Action if Accumulated Monthly Budget Exceeded on MR,Действие при превышении месячного бюджета по заявке,
Applicable on Purchase Order,Применимо к заказу на закупку,
Action if Annual Budget Exceeded on PO,Действие при превышении годового бюджета по заказу,
Action if Accumulated Monthly Budget Exceeded on PO,Действие при превышении накопленного месячного бюджета по заказу,
Applicable on booking actual expenses,Применимо к фактическим расходам,
Action if Annual Budget Exceeded on Actual,Действие при превышении годового бюджета по факту,
Action if Accumulated Monthly Budget Exceeded on Actual,Действие при превышении накопленного месячного бюджета по факту,
Budget Accounts,Бюджетные счета,
Budget Account,Бюджетный счет,
Budget Amount,Бюджетная сумма,
C-Form,C-Form,
C-Form No,Номер C-Form,
Received Date,Дата получения,
Quarter,Квартал,
C-Form Invoice Detail,Детали счета C-Form,
Invoice No,Номер счета,
Cash Flow Mapper,Настройка движения денежных средств,
Section Name,Название раздела,
Section Header,Заголовок раздела,
Section Leader,Руководитель раздела,
e.g Adjustments for:,Например корректировки для:,
Section Subtotal,Подытог раздела,
Section Footer,Итог раздела,
Cash Flow Mapping,Сопоставление денежных потоков,
Select Maximum Of 1,Выберите не более 1,
Is Finance Cost,Является финансовыми затратами,
Is Working Capital,Является оборотным капиталом,
Is Finance Cost Adjustment,Является корректировкой финансовых затрат,
Is Income Tax Liability,Является обязательством по налогу на прибыль,
Is Income Tax Expense,Является расходом по налогу на прибыль,
Cash Flow Mapping Accounts,Счета движения денежных средств,
account,счет,
Cash Flow Mapping Template,Шаблон движения денежных средств,
Cash Flow Mapping Template Details,Детали шаблона движения денежных средств,
Custody,Ответственное хранение,
Net Amount,Чистая сумма,
Cashier Closing Payments,Закрытие кассовой смены,
Chart of Accounts Importer,Импорт плана счетов,
Import Chart of Accounts from a csv file,Импорт плана счетов из CSV-файла,
Attach custom Chart of Accounts file,Прикрепить файл плана счетов,
Chart Preview,Предпросмотр схемы,
Chart Tree,Дерево счетов,
Cheque Print Template,Шаблон печати чека,
Has Print Format,Имеет формат печати,
Primary Settings,Основные настройки,
Cheque Size,Размер чека,
Regular,Стандартный,
Starting position from top edge,Отступ от верхнего края,
Cheque Width,Ширина чека,
Cheque Height,Высота чека,
Scanned Cheque,Отсканированный чек,
Is Account Payable,Является кредиторской задолженностью,
Distance from top edge,Отступ от верхнего края,
Distance from left edge,Отступ от левого края,
Message to show,Отображаемое сообщение,
Date Settings,Настройки даты,
Starting location from left edge,Отступ от левого края,
Payer Settings,Настройки плательщика,
Width of amount in word,Ширина суммы прописью,
Line spacing for amount in words,Межстрочный интервал для суммы прописью,
Amount In Figure,Сумма цифрами,
Signatory Position,Должность подписанта,
Closed Document,Закрытый документ,
Track separate Income and Expense for product verticals or divisions,Учет доходов и расходов по продуктовым направлениям или подразделениям,
Cost Center Name,Название центра затрат,
Parent Cost Center,Родительский центр затрат,
lft,Левый индекс,
rgt,Правый индекс,
Coupon Code,Код купона,
Coupon Name,Название купона,
"e.g. ""Summer Holiday 2019 Offer 20""",Например: Летняя акция 2019 Скидка 20,
Coupon Type,Тип купона,
Promotional,Рекламный,
Gift Card,Подарочная карта,
unique e.g. SAVE20  To be used to get discount,Уникальный код для получения скидки (например SAVE20),
Validity and Usage,Срок действия и использование,
Valid From,Действует с,
Valid Upto,Действует по,
Maximum Use,Максимальное количество использований,
Used,Использовано,
Coupon Description,Описание купона,
Discounted Invoice,Счет со скидкой,
Debit to,Дебет счета,
Exchange Rate Revaluation,Переоценка курсов валют,
Get Entries,Получить проводки,
Exchange Rate Revaluation Account,Счет переоценки валют,
Total Gain/Loss,Общая прибыль/убыток,
Balance In Account Currency,Баланс в валюте счета,
Current Exchange Rate,Текущий курс валюты,
Balance In Base Currency,Баланс в базовой валюте,
New Exchange Rate,Новый курс валюты,
New Balance In Base Currency,Новый баланс в базовой валюте,
Gain/Loss,Прибыль/убыток,
**Fiscal Year** represents a Financial Year. All accounting entries and other major transactions are tracked against **Fiscal Year**.,**Финансовый год** - это отчетный период. Все бухгалтерские проводки и основные операции учитываются в рамках **Финансового года**.,
Year Name,Название года,
"For e.g. 2012, 2012-13",Например: 2012 или 2012-13,
Year Start Date,Дата начала года,
Year End Date,Дата окончания года,
Companies,Компании,
Auto Created,Создано автоматически,
Stock User,Пользователь склада,
Fiscal Year Company,Компания финансового года,
Debit Amount,Сумма по дебету,
Credit Amount,Сумма по кредиту,
Debit Amount in Account Currency,Сумма по дебету в валюте счета,
Credit Amount in Account Currency,Сумма по кредиту в валюте счета,
Voucher Detail No,Номер детализации ваучера,
Is Opening,Является начальным,
Is Advance,Является авансом,
To Rename,Переименовать,
GST Account,Счет GST,
CGST Account,Счет CGST,
SGST Account,Счет SGST,
IGST Account,Счет IGST,
CESS Account,Счет CESS,
Loan Start Date,Дата начала кредита,
Loan Period (Days),Срок кредита (дни),
Loan End Date,Дата окончания кредита,
Bank Charges,Банковская комиссия,
Short Term Loan Account,Счет краткосрочных кредитов,
Bank Charges Account,Счет банковских комиссий,
Accounts Receivable Credit Account,Счет кредита дебиторской задолженности,
Accounts Receivable Discounted Account,Счет дебиторской задолженности со скидкой,
Accounts Receivable Unpaid Account,Счет неоплаченной дебиторской задолженности,
Item Tax Template,Шаблон налогообложения товара,
Tax Rates,Налоговые ставки,
Item Tax Template Detail,Детали шаблона налогообложения товара,
Entry Type,Тип проводки,
Inter Company Journal Entry,Внутригрупповая проводка,
Bank Entry,Банковская проводка,
Cash Entry,Кассовая проводка,
Credit Card Entry,Проводка по кредитной карте,
Contra Entry,Контр-проводка,
Excise Entry,Акцизная проводка,
Write Off Entry,Проводка списания,
Opening Entry,Начальная проводка,
Accounting Entries,Бухгалтерские проводки,
Total Debit,Итого по дебету,
Total Credit,Итого по кредиту,
Difference (Dr - Cr),Разница (Дебет - Кредит),
Make Difference Entry,Создать проводку разницы,
Total Amount Currency,Итоговая сумма в валюте,
Total Amount in Words,Итоговая сумма прописью,
Remark,Примечание,
Paid Loan,Погашенный кредит,
Inter Company Journal Entry Reference,Ссылка на внутригрупповую проводку,
Write Off Based On,Основание для списания,
Get Outstanding Invoices,Получить неоплаченные счета,
Write Off Amount,Сумма списания,
Printing Settings,Настройки печати,
Pay To / Recd From,Оплачено/получено от,
Payment Order,Платежное поручение,
Subscription Section,Раздел подписки,
Journal Entry Account,Счет журнальной проводки,
Account Balance,Остаток по счету,
Party Balance,Баланс контрагента,
Accounting Dimensions,Аналитики учета,
If Income or Expense,Для доходов или расходов,
Exchange Rate,Обменный курс,
Debit in Company Currency,Дебет в валюте компании,
Credit in Company Currency,Кредит в валюте компании,
Payroll Entry,Зарплатная проводка,
Employee Advance,Аванс сотрудника,
Reference Due Date,Плановая дата оплаты,
Loyalty Program Tier,Уровень программы лояльности,
Redeem Against,Погасить за счет,
Expiry Date,Срок действия,
Loyalty Point Entry Redemption,Погашение баллов лояльности,
Redemption Date,Дата погашения,
Redeemed Points,Погашенные баллы,
Loyalty Program Name,Название программы лояльности,
Loyalty Program Type,Тип программы лояльности,
Single Tier Program,Одноуровневая программа,
Multiple Tier Program,Многоуровневая программа,
Customer Territory,Территория клиента,
Auto Opt In (For all customers),Автоподключение (для всех клиентов),
Collection Tier,Уровень накопления,
Collection Rules,Правила накопления,
Redemption,Погашение,
Conversion Factor,Коэффициент конвертации,
1 Loyalty Points = How much base currency?,1 балл лояльности = сколько в базовой валюте?,
Expiry Duration (in days),Срок действия (в днях),
Help Section,Справка,
Loyalty Program Help,Справка по программе лояльности,
Loyalty Program Collection,Накопление баллов лояльности,
Tier Name,Название уровня,
Minimum Total Spent,Минимальная сумма покупок,
Collection Factor (=1 LP),Коэффициент накопления (=1 балл),
For how much spent = 1 Loyalty Point,Сколько нужно потратить для 1 балла,
Mode of Payment Account,Счет способа оплаты,
Default Account,Счет по умолчанию,
Default account will be automatically updated in POS Invoice when this mode is selected.,Счет по умолчанию будет автоматически обновлен в чеке ККМ при выборе этого способа,
**Monthly Distribution** helps you distribute the Budget/Target across months if you have seasonality in your business.,**Помесячное распределение** помогает распределить бюджет/план по месяцам с учетом сезонности бизнеса,
Distribution Name,Название распределения,
Name of the Monthly Distribution,Название помесячного распределения,
Monthly Distribution Percentages,Проценты помесячного распределения,
Monthly Distribution Percentage,Процент помесячного распределения,
Percentage Allocation,Распределение процентов,
Create Missing Party,Создать отсутствующего контрагента,
Create missing customer or supplier.,Создать отсутствующего клиента или поставщика,
Opening Invoice Creation Tool Item,Инструмент создания начального счета,
Temporary Opening Account,Временный начальный счет,
Party Account,Счет контрагента,
Type of Payment,Тип платежа,
Receive,Получить,
Internal Transfer,Внутренний перевод,
Payment Order Status,Статус платежного поручения,
Payment Ordered,Платеж заказан,
Payment From / To,Платеж от/кому,
Company Bank Account,Банковский счет компании,
Party Bank Account,Банковский счет контрагента,
Account Paid From,Счет списания,
Account Paid To,Счет зачисления,
Paid Amount (Company Currency),Оплаченная сумма в валюте компании,
Received Amount,Полученная сумма,
Received Amount (Company Currency),Полученная сумма в валюте компании,
Get Outstanding Invoice,Получить неоплаченные счета,
Payment References,Платежные реквизиты,
Writeoff,Списание,
Total Allocated Amount,Итого распределено,
Total Allocated Amount (Company Currency),Итого распределено в валюте компании,
Set Exchange Gain / Loss,Установить курсовую разницу,
Difference Amount (Company Currency),Разница в валюте компании,
Write Off Difference Amount,Списать разницу,
Deductions or Loss,Вычеты или убытки,
Payment Deductions or Loss,Вычеты или убытки по платежу,
Cheque/Reference Date,Дата чека/документа,
Payment Entry Deduction,Вычет по платежу,
Payment Entry Reference,Ссылка на платеж,
Allocated,Распределено,
Payment Gateway Account,Счет платежного шлюза,
Payment Account,Платежный счет,
Default Payment Request Message,Сообщение платежного запроса по умолчанию,
Payment Order Type,Тип платежного поручения,
Payment Order Reference,Ссылка на платежное поручение,
Bank Account Details,Реквизиты банковского счета,
Payment Reconciliation,Сверка платежей,
Receivable / Payable Account,Счет дебиторской/кредиторской задолженности,
Bank / Cash Account,Банковский/кассовый счет,
From Invoice Date,Дата счета с,
To Invoice Date,Дата счета по,
Minimum Invoice Amount,Минимальная сумма счета,
Maximum Invoice Amount,Максимальная сумма счета,
System will fetch all the entries if limit value is zero.,Система получит все записи если лимит равен нулю,
Get Unreconciled Entries,Получить несверенные записи,
Unreconciled Payment Details,Детали несверенных платежей,
Invoice/Journal Entry Details,Детали счета/проводки,
Payment Reconciliation Invoice,Счет сверки платежей,
Invoice Number,Номер счета,
Payment Reconciliation Payment,Платеж сверки платежей,
Reference Row,Ссылочная строка,
Allocated amount,Распределенная сумма,
Payment Request Type,Тип платежного запроса,
Outward,Исходящий,
Inward,Входящий,
Transaction Details,Детали операции,
Amount in customer's currency,Сумма в валюте клиента,
Is a Subscription,Является подпиской,
Transaction Currency,Валюта операции,
Subscription Plans,Планы подписки,
SWIFT Number,Номер SWIFT,
Recipient Message And Payment Details,Сообщение получателю и платежные реквизиты,
Make Sales Invoice,Создать счет продажи,
Mute Email,Отключить email-уведомления,
payment_url,payment_url,
Payment Gateway Details,Детали платежного шлюза,
Payment Schedule,График платежей,
Invoice Portion,Часть счета,
Payment Amount,Сумма платежа,
Payment Term Name,Название условия оплаты,
Due Date Based On,Дата оплаты на основе,
Day(s) after invoice date,Дней после даты счета,
Day(s) after the end of the invoice month,Дней после окончания месяца счета,
Month(s) after the end of the invoice month,Месяцев после окончания месяца счета,
Credit Days,Дней отсрочки,
Credit Months,Месяцев отсрочки,
Allocate Payment Based On Payment Terms,Распределить платеж по условиям оплаты,
"If this checkbox is checked, paid amount will be splitted and allocated as per the amounts in payment schedule against each payment term",При установке флажка сумма платежа будет разделена согласно графику платежей для каждого условия оплаты,
Payment Terms Template Detail,Шаблон условий оплаты,
Closing Fiscal Year,Закрытие финансового года,
Closing Account Head,Счет закрытия периода,
"The account head under Liability or Equity, in which Profit/Loss will be booked",Счет в разделе обязательств или капитала для отражения прибыли/убытка,
POS Customer Group,Группа клиентов ККМ,
POS Field,Поле ККМ,
POS Item Group,Товарная группа ККМ,
Company Address,Адрес компании,
Update Stock,Обновить остатки,
Ignore Pricing Rule,Игнорировать правило цен,
Applicable for Users,Применимо к пользователям,
Sales Invoice Payment,Оплата счета продажи,
Item Groups,Товарные группы,
Only show Items from these Item Groups,Показывать товары только из этих групп,
Customer Groups,Группы клиентов,
Only show Customer of these Customer Groups,Показывать клиентов только из этих групп,
Write Off Account,Счет списания,
Write Off Cost Center,Центр затрат списания,
Account for Change Amount,Счет для сдачи,
Taxes and Charges,Налоги и сборы,
Apply Discount On,Применить скидку к,
POS Profile User,Пользователь профиля ККМ,
Apply On,Применить к,
Price or Product Discount,Скидка на цену или товар,
Apply Rule On Item Code,Применить правило к коду товара,
Apply Rule On Item Group,Применить правило к группе товаров,
Apply Rule On Brand,Применить правило к бренду,
Mixed Conditions,Смешанные условия,
Conditions will be applied on all the selected items combined. ,Условия будут применены ко всем выбранным элементам совместно,
Is Cumulative,Накопительный,
Coupon Code Based,На основе купона,
Discount on Other Item,Скидка на другой товар,
Apply Rule On Other,Применить правило к другим,
Party Information,Информация о контрагенте,
Quantity and Amount,Количество и сумма,
Min Qty,Мин. количество,
Max Qty,Макс. количество,
Min Amt,Мин. сумма,
Max Amt,Макс. сумма,
Period Settings,Настройки периода,
Margin,Наценка,
Margin Type,Тип наценки,
Margin Rate or Amount,Процент или сумма наценки,
Price Discount Scheme,Схема скидок на цены,
Rate or Discount,Цена или скидка,
Discount Percentage,Процент скидки,
Discount Amount,Сумма скидки,
For Price List,Для прайс-листа,
Product Discount Scheme,Схема товарных скидок,
Same Item,Тот же товар,
Free Item,Бесплатный товар,
Threshold for Suggestion,Порог для предложения,
System will notify to increase or decrease quantity or amount ,Система уведомит об изменении количества или суммы,
"Higher the number, higher the priority",Чем выше число тем выше приоритет,
Apply Multiple Pricing Rules,Применить несколько правил ценообразования,
Apply Discount on Rate,Применить скидку к цене,
Validate Applied Rule,Проверить применённое правило,
Rule Description,Описание правила,
Pricing Rule Help,Справка по ценообразованию,
Promotional Scheme Id,ID акции,
Promotional Scheme,Акция,
Pricing Rule Brand,Правило ценообразования бренда,
Pricing Rule Detail,Детали правила ценообразования,
Child Docname,Дочерний документ,
Rule Applied,Правило применено,
Pricing Rule Item Code,Правило ценообразования по коду товара,
Pricing Rule Item Group,Правило ценообразования по группе товаров,
Price Discount Slabs,Ценовые диапазоны скидок,
Promotional Scheme Price Discount,Скидка по акции,
Product Discount Slabs,Товарные диапазоны скидок,
Promotional Scheme Product Discount,Товарная скидка по акции,
Min Amount,Мин. сумма,
Max Amount,Макс. сумма,
Discount Type,Тип скидки,
Tax Withholding Category,Категория налоговых удержаний,
Edit Posting Date and Time,Изменить дату и время проводки,
Is Paid,Оплачено,
Is Return (Debit Note),Является возвратом (дебетовая запись),
Apply Tax Withholding Amount,Применить сумму налогового удержания,
Accounting Dimensions ,Аналитики учета,
Supplier Invoice Details,Детали счета поставщика,
Supplier Invoice Date,Дата счета поставщика,
Return Against Purchase Invoice,Возврат по приходному счету,
Select Supplier Address,Выбрать адрес поставщика,
Contact Person,Контактное лицо,
Select Shipping Address,Выбрать адрес доставки,
Currency and Price List,Валюта и прайс-лист,
Price List Currency,Валюта прайс-листа,
Price List Exchange Rate,Курс валюты прайс-листа,
Set Accepted Warehouse,Указать склад приемки,
Rejected Warehouse,Склад отбраковки,
Warehouse where you are maintaining stock of rejected items,Склад для хранения отбракованных товаров,
Raw Materials Supplied,Поставленные материалы,
Supplier Warehouse,Склад поставщика,
Pricing Rules,Правила ценообразования,
Supplied Items,Поставленные товары,
Total (Company Currency),Итого в валюте компании,
Net Total (Company Currency),Итого нетто в валюте компании,
Total Net Weight,Общий вес нетто,
Shipping Rule,Правило доставки,
Purchase Taxes and Charges Template,Шаблон налогов и сборов закупки,
Purchase Taxes and Charges,Налоги и сборы по закупке,
Tax Breakup,Разбивка налогов,
Taxes and Charges Calculation,Расчет налогов и сборов,
Taxes and Charges Added (Company Currency),Начисленные налоги и сборы в валюте компании,
Taxes and Charges Deducted (Company Currency),Удержанные налоги и сборы в валюте компании,
Total Taxes and Charges (Company Currency),Всего налогов и сборов в валюте компании,
Taxes and Charges Added,Начисленные налоги и сборы,
Taxes and Charges Deducted,Удержанные налоги и сборы,
Total Taxes and Charges,Всего налогов и сборов,
Additional Discount,Дополнительная скидка,
Apply Additional Discount On,Применить дополнительную скидку к,
Additional Discount Amount (Company Currency),Сумма дополнительной скидки в валюте компании,
Additional Discount Percentage,Процент дополнительной скидки,
Additional Discount Amount,Сумма дополнительной скидки,
Grand Total (Company Currency),Общий итог в валюте компании,
Rounding Adjustment (Company Currency),Корректировка округления в валюте компании,
Rounded Total (Company Currency),Округленный итог в валюте компании,
In Words (Company Currency),Прописью в валюте компании,
Rounding Adjustment,Корректировка округления,
In Words,Прописью,
Total Advance,Итого аванс,
Disable Rounded Total,Отключить округление итога,
Cash/Bank Account,Касса/Банковский счет,
Write Off Amount (Company Currency),Сумма списания в валюте компании,
Set Advances and Allocate (FIFO),Установить и распределить авансы (FIFO),
Get Advances Paid,Получить выданные авансы,
Advances,Авансы,
Terms,Условия,
Terms and Conditions1,Условия и положения,
Group same items,Сгруппировать одинаковые товары,
Print Language,Язык печати,
"Once set, this invoice will be on hold till the set date",После установки счет будет заблокирован до указанной даты,
Credit To,Кредитовать на,
Party Account Currency,Валюта счета контрагента,
Against Expense Account,В счет расходов,
Inter Company Invoice Reference,Ссылка на внутригрупповой счет,
Is Internal Supplier,Является внутренним поставщиком,
Start date of current invoice's period,Дата начала периода текущего счета,
End date of current invoice's period,Дата окончания периода текущего счета,
Update Auto Repeat Reference,Обновить ссылку на автоповтор,
Purchase Invoice Advance,Авансовый счет на закупку,
Purchase Invoice Item,Позиция счета на закупку,
Quantity and Rate,Количество и цена,
Received Qty,Полученное количество,
Accepted Qty,Принятое количество,
Rejected Qty,Отклоненное количество,
UOM Conversion Factor,Коэффициент пересчета единиц измерения,
Discount on Price List Rate (%),Скидка от цены прайс-листа (%),
Price List Rate (Company Currency),Цена по прайс-листу в валюте компании,
Rate ,Цена,
Rate (Company Currency),Цена в валюте компании,
Amount (Company Currency),Сумма в валюте компании,
Is Free Item,Бесплатный товар,
Net Rate,Чистая цена,
Net Rate (Company Currency),Чистая цена в валюте компании,
Net Amount (Company Currency),Чистая сумма в валюте компании,
Item Tax Amount Included in Value,Сумма налога включена в стоимость товара,
Landed Cost Voucher Amount,Сумма ваучера на дополнительные расходы,
Raw Materials Supplied Cost,Стоимость поставленных материалов,
Accepted Warehouse,Склад приемки,
Serial No,Серийный номер,
Rejected Serial No,Отклоненный серийный номер,
Expense Head,Статья расходов,
Is Fixed Asset,Является основным средством,
Asset Location,Местонахождение актива,
Deferred Expense,Отложенные расходы,
Deferred Expense Account,Счет отложенных расходов,
Service Stop Date,Дата окончания услуги,
Enable Deferred Expense,Включить отложенные расходы,
Service Start Date,Дата начала услуги,
Service End Date,Дата окончания услуги,
Allow Zero Valuation Rate,Разрешить нулевую оценку,
Item Tax Rate,Ставка налога на товар,
Tax detail table fetched from item master as a string and stored in this field.\nUsed for Taxes and Charges,Таблица налоговых ставок из карточки товара хранится в этом поле.\nИспользуется для налогов и сборов,
Purchase Order Item,Позиция заказа на закупку,
Purchase Receipt Detail,Детали приходной накладной,
Item Weight Details,Информация о весе товара,
Weight Per Unit,Вес за единицу,
Total Weight,Общий вес,
Weight UOM,Единица измерения веса,
Page Break,Разрыв страницы,
Consider Tax or Charge for,Учитывать налог или сбор для,
Valuation and Total,Оценка и итог,
Valuation,Оценка,
Add or Deduct,Добавить или вычесть,
Deduct,Вычесть,
On Previous Row Amount,От суммы предыдущей строки,
On Previous Row Total,От итога предыдущей строки,
On Item Quantity,От количества товара,
Reference Row #,Ссылочная строка №,
Is this Tax included in Basic Rate?,Включен ли налог в базовую цену?,
"If checked, the tax amount will be considered as already included in the Print Rate / Print Amount",При установке флажка сумма налога будет считаться включенной в печатную цену/сумму,
Account Head,Счет учета,
Tax Amount After Discount Amount,Сумма налога после скидки,
Item Wise Tax Detail ,Налоговая детализация по товарам,
"Standard tax template that can be applied to all Purchase Transactions. This template can contain list of tax heads and also other expense heads like ""Shipping"", ""Insurance"", ""Handling"" etc.\n\n#### Note\n\nThe tax rate you define here will be the standard tax rate for all **Items**. If there are **Items** that have different rates, they must be added in the **Item Tax** table in the **Item** master.\n\n#### Description of Columns\n\n1. Calculation Type: \n    - This can be on **Net Total** (that is the sum of basic amount).\n    - **On Previous Row Total / Amount** (for cumulative taxes or charges). If you select this option, the tax will be applied as a percentage of the previous row (in the tax table) amount or total.\n    - **Actual** (as mentioned).\n2. Account Head: The Account ledger under which this tax will be booked\n3. Cost Center: If the tax / charge is an income (like shipping) or expense it needs to be booked against a Cost Center.\n4. Description: Description of the tax (that will be printed in invoices / quotes).\n5. Rate: Tax rate.\n6. Amount: Tax amount.\n7. Total: Cumulative total to this point.\n8. Enter Row: If based on ""Previous Row Total"" you can select the row number which will be taken as a base for this calculation (default is the previous row).\n9. Consider Tax or Charge for: In this section you can specify if the tax / charge is only for valuation (not a part of total) or only for total (does not add value to the item) or for both.\n10. Add or Deduct: Whether you want to add or deduct the tax.",Стандартный шаблон налогов применяется ко всем операциям закупки. Шаблон может содержать список налоговых счетов и других расходов таких как доставка страховка обработка и т.д.\n\n#### Примечание\n\nУказанная здесь ставка налога будет стандартной для всех **товаров**. Если есть **товары** с другими ставками их нужно добавить в таблицу **Налоги** в карточке **товара**.\n\n#### Описание столбцов\n\n1. Тип расчета:\n    - **Общая сумма нетто** (сумма базовых значений)\n    - **От итога/суммы предыдущей строки** (для накопительных налогов/сборов). При выборе этой опции налог будет рассчитан как процент от суммы/итога предыдущей строки в таблице налогов\n    - **Фактический** (как указано)\n2. Счет учета: Счет на который будет отнесен налог\n3. Центр затрат: Если налог/сбор является доходом (например доставка) или расходом он должен быть отнесен на центр затрат\n4. Описание: Описание налога (будет напечатано в счетах/предложениях)\n5. Ставка: Ставка налога\n6. Сумма: Сумма налога\n7. Итого: Накопительный итог\n8. Строка: При расчете от итога предыдущей строки можно выбрать номер строки которая будет базой для расчета (по умолчанию предыдущая)\n9. Учитывать налог/сбор для: Здесь можно указать учитывается ли налог/сбор только для оценки (не входит в итог) только для итога (не добавляет стоимость товару) или для обоих\n10. Добавить или вычесть: Добавить или вычесть налог,
Include Payment (POS),Включить оплату (ККМ),
Offline POS Name,Название автономной ККМ,
Is Return (Credit Note),Является возвратом (кредит-нота),
Return Against Sales Invoice,Возврат по расходной накладной,
Update Billed Amount in Sales Order,Обновить сумму в заказе на продажу,
Customer PO Details,Детали заказа клиента,
Customer's Purchase Order,Заказ клиента,
Customer's Purchase Order Date,Дата заказа клиента,
Customer Address,Адрес клиента,
Shipping Address Name,Название адреса доставки,
Company Address Name,Название адреса компании,
Rate at which Customer Currency is converted to customer's base currency,Курс конвертации валюты клиента в его базовую валюту,
Rate at which Price list currency is converted to customer's base currency,Курс конвертации валюты прайс-листа в базовую валюту клиента,
Set Source Warehouse,Указать склад-источник,
Packing List,Упаковочный лист,
Packed Items,Упакованные товары,
Product Bundle Help,Справка по комплектам товаров,
Time Sheet List,Список табелей,
Time Sheets,Табели,
Total Billing Amount,Общая сумма к оплате,
Sales Taxes and Charges Template,Шаблон налогов и сборов с продаж,
Sales Taxes and Charges,Налоги и сборы с продаж,
Loyalty Points Redemption,Погашение баллов лояльности,
Redeem Loyalty Points,Погасить баллы лояльности,
Redemption Account,Счет погашения,
Redemption Cost Center,Центр затрат погашения,
In Words will be visible once you save the Sales Invoice.,Сумма прописью будет видна после сохранения счета на продажу,
Allocate Advances Automatically (FIFO),Автоматическое распределение авансов (FIFO),
Get Advances Received,Получить полученные авансы,
Base Change Amount (Company Currency),Базовая сумма изменения в валюте компании,
Write Off Outstanding Amount,Списать сумму задолженности,
Terms and Conditions Details,Детали условий и положений,
Is Internal Customer,Является внутренним клиентом,
Is Discounted,Имеет скидку,
Unpaid and Discounted,Неоплаченный и со скидкой,
Overdue and Discounted,Просроченный и со скидкой,
Accounting Details,Детали бухгалтерского учета,
Debit To,Дебет счета,
Is Opening Entry,Является начальной проводкой,
C-Form Applicable,Применяется форма C,
Commission Rate (%),Ставка комиссии (%),
Sales Team1,Команда продаж 1,
Against Income Account,В счет доходов,
Sales Invoice Advance,Авансовый счет на продажу,
Advance amount,Сумма аванса,
Sales Invoice Item,Позиция счета на продажу,
Customer's Item Code,Код товара клиента,
Brand Name,Название бренда,
Qty as per Stock UOM,Количество в единицах складского учета,
Discount and Margin,Скидка и наценка,
Rate With Margin,Цена с наценкой,
Discount (%) on Price List Rate with Margin,Скидка (%) от цены прайс-листа с наценкой,
Rate With Margin (Company Currency),Цена с наценкой в валюте компании,
Delivered By Supplier,Доставлено поставщиком,
Deferred Revenue,Отложенная выручка,
Deferred Revenue Account,Счет отложенной выручки,
Enable Deferred Revenue,Включить отложенную выручку,
Stock Details,Детали запасов,
Customer Warehouse (Optional),Склад клиента (необязательно),
Available Batch Qty at Warehouse,Доступное количество партии на складе,
Available Qty at Warehouse,Доступное количество на складе,
Delivery Note Item,Позиция накладной на доставку,
Base Amount (Company Currency),Базовая сумма в валюте компании,
Sales Invoice Timesheet,Табель для счета на продажу,
Time Sheet,Табель учета времени,
Billing Hours,Оплачиваемые часы,
Timesheet Detail,Детали табеля,
Tax Amount After Discount Amount (Company Currency),Сумма налога после скидки в валюте компании,
Item Wise Tax Detail,Детализация налога по товарам,
Parenttype,Тип родителя,
"Standard tax template that can be applied to all Sales Transactions. This template can contain list of tax heads and also other expense / income heads like ""Shipping"", ""Insurance"", ""Handling"" etc.\n\n#### Note\n\nThe tax rate you define here will be the standard tax rate for all **Items**. If there are **Items** that have different rates, they must be added in the **Item Tax** table in the **Item** master.\n\n#### Description of Columns\n\n1. Calculation Type: \n    - This can be on **Net Total** (that is the sum of basic amount).\n    - **On Previous Row Total / Amount** (for cumulative taxes or charges). If you select this option, the tax will be applied as a percentage of the previous row (in the tax table) amount or total.\n    - **Actual** (as mentioned).\n2. Account Head: The Account ledger under which this tax will be booked\n3. Cost Center: If the tax / charge is an income (like shipping) or expense it needs to be booked against a Cost Center.\n4. Description: Description of the tax (that will be printed in invoices / quotes).\n5. Rate: Tax rate.\n6. Amount: Tax amount.\n7. Total: Cumulative total to this point.\n8. Enter Row: If based on ""Previous Row Total"" you can select the row number which will be taken as a base for this calculation (default is the previous row).\n9. Is this Tax included in Basic Rate?: If you check this, it means that this tax will not be shown below the item table, but will be included in the Basic Rate in your main item table. This is useful where you want give a flat price (inclusive of all taxes) price to customers.",Стандартный шаблон налогов применяется ко всем операциям продажи. Шаблон может содержать список налоговых статей и других статей расходов/доходов таких как доставка страховка обработка и т.д.\n\n#### Примечание\n\nУказанная здесь ставка налога будет стандартной для всех **товаров**. Если есть **товары** с другими ставками их нужно добавить в таблицу **Налоги** в карточке **товара**.\n\n#### Описание столбцов\n\n1. Тип расчета:\n    - **Общая сумма нетто** (сумма базовых значений)\n    - **От итога/суммы предыдущей строки** (для накопительных налогов/сборов). При выборе этой опции налог будет рассчитан как процент от суммы/итога предыдущей строки в таблице налогов\n    - **Фактический** (как указано)\n2. Счет учета: Счет на который будет отнесен налог\n3. Центр затрат: Если налог/сбор является доходом (например доставка) или расходом он должен быть отнесен на центр затрат\n4. Описание: Описание налога (будет напечатано в счетах/предложениях)\n5. Ставка: Ставка налога\n6. Сумма: Сумма налога\n7. Итого: Накопительный итог\n8. Строка: При расчете от итога предыдущей строки можно выбрать номер строки которая будет базой для расчета (по умолчанию предыдущая)\n9. Включен ли налог в базовую ставку?: Если отмечено налог не будет показан под таблицей товаров но будет включен в базовую ставку в основной таблице. Это полезно когда нужно указать единую цену (включая все налоги) для клиентов,
* Will be calculated in the transaction.,* Будет рассчитано при проведении операции,
From No,Номер с,
To No,Номер по,
Is Company,Является компанией,
Current State,Текущее состояние,
Purchased,Приобретено,
From Shareholder,От акционера,
From Folio No,Из фолио №,
To Shareholder,Акционеру,
To Folio No,В фолио №,
Equity/Liability Account,Счет капитала/обязательств,
Asset Account,Счет активов,
(including),(включительно),
Folio no.,Фолио №,
Address and Contacts,Адрес и контакты,
Contact List,Список контактов,
Hidden list maintaining the list of contacts linked to Shareholder,Скрытый список контактов связанных с акционером,
Specify conditions to calculate shipping amount,Укажите условия для расчета стоимости доставки,
Shipping Rule Label,Название правила доставки,
example: Next Day Shipping,пример: доставка на следующий день,
Shipping Rule Type,Тип правила доставки,
Shipping Account,Счет доставки,
Calculate Based On,Рассчитывать на основе,
Fixed,Фиксированная сумма,
Net Weight,Вес нетто,
Shipping Amount,Стоимость доставки,
Shipping Rule Conditions,Условия правила доставки,
Restrict to Countries,Ограничить странами,
Valid for Countries,Действует для стран,
Shipping Rule Condition,Условие правила доставки,
A condition for a Shipping Rule,Условие для правила доставки,
From Value,Значение от,
To Value,Значение до,
Shipping Rule Country,Страна правила доставки,
Subscription Period,Период подписки,
Subscription Start Date,Дата начала подписки,
Cancelation Date,Дата отмены,
Trial Period Start Date,Дата начала пробного периода,
Trial Period End Date,Дата окончания пробного периода,
Current Invoice Start Date,Дата начала текущего счета,
Current Invoice End Date,Дата окончания текущего счета,
Days Until Due,Дней до оплаты,
Number of days that the subscriber has to pay invoices generated by this subscription,Количество дней для оплаты счетов сгенерированных по этой подписке,
Cancel At End Of Period,Отменить в конце периода,
Generate Invoice At Beginning Of Period,Создавать счет в начале периода,
Plans,Планы,
Discounts,Скидки,
Additional DIscount Percentage,Процент дополнительной скидки,
Additional DIscount Amount,Сумма дополнительной скидки,
Subscription Invoice,Счет за подписку,
Subscription Plan,План подписки,
Cost,Стоимость,
Billing Interval,Интервал выставления счетов,
Billing Interval Count,Количество интервалов выставления счетов,
"Number of intervals for the interval field e.g if Interval is 'Days' and Billing Interval Count is 3, invoices will be generated every 3 days",Количество интервалов для поля интервала например если интервал - 'Дни' а количество интервалов - 3 счета будут создаваться каждые 3 дня
Payment Plan,План платежей,
Subscription Plan Detail,Детали плана подписки,
Plan,План,
Subscription Settings,Настройки подписки,
Grace Period,Льготный период,
Number of days after invoice date has elapsed before canceling subscription or marking subscription as unpaid,Количество дней после даты счета до отмены подписки или отметки ее как неоплаченной,
Prorate,Пропорциональное распределение,
Tax Rule,Правило налогообложения,
Tax Type,Тип налога,
Use for Shopping Cart,Использовать для корзины покупок,
Billing City,Город плательщика,
Billing County,Округ плательщика,
Billing State,Регион плательщика,
Billing Zipcode,Почтовый индекс плательщика,
Billing Country,Страна плательщика,
Shipping City,Город доставки,
Shipping County,Округ доставки,
Shipping State,Регион доставки,
Shipping Zipcode,Почтовый индекс доставки,
Shipping Country,Страна доставки,
Tax Withholding Account,Счет удержания налога,
Tax Withholding Rates,Ставки удержания налога,
Rates,Ставки,
Tax Withholding Rate,Ставка удержания налога,
Single Transaction Threshold,Порог единичной транзакции,
Cumulative Transaction Threshold,Порог накопленных транзакций,
Agriculture Analysis Criteria,Критерии агрономического анализа,
Linked Doctype,Связанный тип документа,
Water Analysis,Анализ воды,
Soil Analysis,Анализ почвы,
Plant Analysis,Анализ растений,
Fertilizer,Удобрение,
Soil Texture,Структура почвы,
Weather,Погода,
Agriculture Manager,Агроменеджер,
Agriculture User,Агропользователь,
Agriculture Task,Сельскохозяйственная задача,
Task Name,Название задачи,
Start Day,День начала,
End Day,День окончания,
Holiday Management,Управление праздничными днями,
Ignore holidays,Игнорировать праздники,
Previous Business Day,Предыдущий рабочий день,
Next Business Day,Следующий рабочий день,
Urgent,Срочно,
Crop Name,Название культуры,
Scientific Name,Научное название,
"You can define all the tasks which need to carried out for this crop here. The day field is used to mention the day on which the task needs to be carried out, 1 being the 1st day, etc.. ",Здесь можно определить все задачи для этой культуры. Поле 'день' указывает день выполнения задачи где 1 - это первый день и т.д.,
Crop Spacing,Расстояние между растениями,
Crop Spacing UOM,Единица измерения расстояния между растениями,
Row Spacing,Расстояние между рядами,
Row Spacing UOM,Единица измерения расстояния между рядами,
Perennial,Многолетнее,
Biennial,Двухлетнее,
Planting UOM,Единица измерения посадки,
Planting Area,Площадь посадки,
Yield UOM,Единица измерения урожайности,
Materials Required,Необходимые материалы,
Produced Items,Произведенная продукция,
Produce,Продукция,
Byproducts,Побочные продукты,
Linked Location,Связанное местоположение,
A link to all the Locations in which the Crop is growing,Ссылка на все места выращивания культуры,
This will be day 1 of the crop cycle,Это будет первый день цикла выращивания,
ISO 8601 standard,Стандарт ISO 8601,
Cycle Type,Тип цикла,
Less than a year,Менее года,
The minimum length between each plant in the field for optimum growth,Минимальное расстояние между растениями в поле для оптимального роста,
The minimum distance between rows of plants for optimum growth,Минимальное расстояние между рядами растений для оптимального роста,
Detected Diseases,Обнаруженные заболевания,
List of diseases detected on the field. When selected it'll automatically add a list of tasks to deal with the disease,Список заболеваний обнаруженных в поле. При выборе автоматически добавляются задачи по борьбе с заболеванием,
Detected Disease,Обнаруженное заболевание,
LInked Analysis,Связанный анализ,
Disease,Заболевание,
Tasks Created,Созданные задачи,
Common Name,Общепринятое название,
Treatment Task,Задача лечения,
Treatment Period,Период лечения,
Fertilizer Name,Название удобрения,
Density (if liquid),Плотность (для жидкости),
Fertilizer Contents,Состав удобрения,
Fertilizer Content,Содержание удобрения,
Linked Plant Analysis,Связанный анализ растений,
Linked Soil Analysis,Связанный анализ почвы,
Linked Soil Texture,Связанная структура почвы,
Collection Datetime,Дата и время сбора,
Laboratory Testing Datetime,Дата и время лабораторного анализа,
Result Datetime,Дата и время результата,
Plant Analysis Criterias,Критерии анализа растений,
Plant Analysis Criteria,Критерий анализа растений,
Minimum Permissible Value,Минимально допустимое значение,
Maximum Permissible Value,Максимально допустимое значение,
Ca/K,Ca/K,
Ca/Mg,Ca/Mg,
Mg/K,Mg/K,
(Ca+Mg)/K,(Ca+Mg)/K,
Ca/(K+Ca+Mg),Ca/(K+Ca+Mg),
Soil Analysis Criterias,Критерии анализа почвы,
Soil Analysis Criteria,Критерий анализа почвы,
Soil Type,Тип почвы,
Loamy Sand,Супесь,
Sandy Loam,Супесчаная почва,
Loam,Суглинок,
Silt Loam,Пылеватый суглинок,
Sandy Clay Loam,Песчано-глинистый суглинок,
Clay Loam,Глинистый суглинок,
Silty Clay Loam,Пылевато-глинистый суглинок,
Sandy Clay,Песчаная глина,
Silty Clay,Пылеватая глина,
Clay Composition (%),Содержание глины (%),
Sand Composition (%),Содержание песка (%),
Silt Composition (%),Содержание пыли (%),
Ternary Plot,Тройная диаграмма,
Soil Texture Criteria,Критерии структуры почвы,
Type of Sample,Тип образца,
Container,Контейнер,
Origin,Происхождение,
Collection Temperature ,Температура отбора,
Storage Temperature,Температура хранения,
Appearance,Внешний вид,
Person Responsible,Ответственное лицо,
Water Analysis Criteria,Критерии анализа воды,
Weather Parameter,Параметр погоды,
Asset Owner,Владелец актива,
Asset Owner Company,Компания-владелец актива,
Custodian,Хранитель,
Disposal Date,Дата выбытия,
Journal Entry for Scrap,Проводка на списание в лом,
Available-for-use Date,Дата ввода в эксплуатацию,
Calculate Depreciation,Рассчитать амортизацию,
Allow Monthly Depreciation,Разрешить ежемесячную амортизацию,
Number of Depreciations Booked,Количество проведенных амортизаций,
Finance Books,Финансовые книги,
Straight Line,Линейный метод,
Double Declining Balance,Метод уменьшаемого остатка,
Manual,Ручной метод,
Value After Depreciation,Остаточная стоимость,
Total Number of Depreciations,Общее количество амортизаций,
Frequency of Depreciation (Months),Периодичность амортизации (месяцев),
Next Depreciation Date,Дата следующей амортизации,
Depreciation Schedule,График амортизации,
Depreciation Schedules,Графики амортизации,
Insurance details,Детали страхования,
Policy number,Номер полиса,
Insurer,Страховщик,
Insured value,Страховая сумма,
Insurance Start Date,Дата начала страхования,
Insurance End Date,Дата окончания страхования,
Comprehensive Insurance,Комплексное страхование,
Maintenance Required,Требуется обслуживание,
Check if Asset requires Preventive Maintenance or Calibration,Проверить необходимость профилактического обслуживания или калибровки актива,
Booked Fixed Asset,Учтенные основные средства,
Purchase Receipt Amount,Сумма по приходному документу,
Default Finance Book,Основная финансовая книга,
Quality Manager,Менеджер по качеству,
Asset Category Name,Название категории активов,
Depreciation Options,Параметры амортизации,
Enable Capital Work in Progress Accounting,Включить учет незавершенного капитального строительства,
Finance Book Detail,Детали финансовой книги,
Asset Category Account,Счет категории активов,
Fixed Asset Account,Счет основных средств,
Accumulated Depreciation Account,Счет накопленной амортизации,
Depreciation Expense Account,Счет расходов на амортизацию,
Capital Work In Progress Account,Счет незавершенного капитального строительства,
Asset Finance Book,Финансовая книга актива,
Written Down Value,Балансовая стоимость,
Expected Value After Useful Life,Ожидаемая стоимость после срока службы,
Rate of Depreciation,Норма амортизации,
In Percentage,В процентах,
Maintenance Team,Команда обслуживания,
Maintenance Manager Name,Имя менеджера по обслуживанию,
Maintenance Tasks,Задачи обслуживания,
Manufacturing User,Пользователь производства,
Asset Maintenance Log,Журнал обслуживания активов,
Maintenance Type,Тип обслуживания,
Maintenance Status,Статус обслуживания,
Planned,Запланировано,
Has Certificate ,Имеет сертификат,
Certificate,Сертификат,
Actions performed,Выполненные действия,
Asset Maintenance Task,Задача обслуживания актива,
Maintenance Task,Задача обслуживания,
Preventive Maintenance,Профилактическое обслуживание,
Calibration,Калибровка,
2 Yearly,Раз в 2 года,
Certificate Required,Требуется сертификат,
Assign to Name,Назначить исполнителя,
Next Due Date,Следующая плановая дата,
Last Completion Date,Дата последнего выполнения,
Asset Maintenance Team,Команда обслуживания активов,
Maintenance Team Name,Название команды обслуживания,
Maintenance Team Members,Члены команды обслуживания,
Purpose,Назначение,
Stock Manager,Менеджер по складу,
Asset Movement Item,Перемещение актива,
Source Location,Исходное местоположение,
From Employee,От сотрудника,
Target Location,Целевое местоположение,
To Employee,Сотруднику,
Asset Repair,Ремонт актива,
Failure Date,Дата отказа,
Assign To Name,Назначить исполнителя,
Repair Status,Статус ремонта,
Error Description,Описание ошибки,
Downtime,Время простоя,
Repair Cost,Стоимость ремонта,
Manufacturing Manager,Менеджер производства,
Current Asset Value,Текущая стоимость актива,
New Asset Value,Новая стоимость актива,
Make Depreciation Entry,Создать проводку по амортизации,
Finance Book Id,Идентификатор финансовой книги,
Location Name,Название местоположения,
Parent Location,Родительское местоположение,
Is Container,Является контейнером,
Check if it is a hydroponic unit,Отметьте если это гидропонная установка,
Location Details,Сведения о местоположении,
Latitude,Широта,
Longitude,Долгота,
Area,Площадь,
Area UOM,Единица измерения площади,
Tree Details,Детали дерева,
Maintenance Team Member,Член команды обслуживания,
Team Member,Член команды,
Maintenance Role,Роль в обслуживании,
Buying Settings,Настройки закупок,
Settings for Buying Module,Настройки модуля закупок,
Supplier Naming By,Именование поставщиков по,
Default Supplier Group,Группа поставщиков по умолчанию,
Default Buying Price List,Прайс-лист закупок по умолчанию,
Backflush Raw Materials of Subcontract Based On,Списание материалов субподряда на основе,
Material Transferred for Subcontract,Материал переданный на субподряд,
Over Transfer Allowance (%),Допустимое превышение передачи (%),
Percentage you are allowed to transfer more against the quantity ordered. For example: If you have ordered 100 units. and your Allowance is 10% then you are allowed to transfer 110 units.,Процент на который разрешено превысить заказанное количество. Например: если заказано 100 единиц и допустимое превышение 10% то можно передать 110 единиц,
Get Items from Open Material Requests,Получить позиции из открытых заявок на материалы,
Fetch items based on Default Supplier.,Получить позиции от поставщика по умолчанию,
Required By,Требуется к дате,
Order Confirmation No,№ подтверждения заказа,
Order Confirmation Date,Дата подтверждения заказа,
Customer Mobile No,Мобильный номер клиента,
Customer Contact Email,Email для связи с клиентом,
Set Target Warehouse,Указать целевой склад,
Sets 'Warehouse' in each row of the Items table.,Устанавливает склад в каждой строке таблицы товаров,
Supply Raw Materials,Поставка сырья,
Purchase Order Pricing Rule,Правило ценообразования заказа на закупку,
Set Reserve Warehouse,Указать резервный склад,
In Words will be visible once you save the Purchase Order.,Сумма прописью будет видна после сохранения заказа на закупку,
Advance Paid,Оплаченный аванс,
Tracking,Отслеживание,
% Billed,% оплачено,
% Received,% получено,
Ref SQ,Ссылка на запрос цен,
Inter Company Order Reference,Ссылка на внутригрупповой заказ,
Supplier Part Number,Артикул поставщика,
Billed Amt,Сумма по счету,
Warehouse and Reference,Склад и ссылки,
To be delivered to customer,Для доставки клиенту,
Material Request Item,Позиция заявки на материалы,
Supplier Quotation Item,Позиция предложения поставщика,
Against Blanket Order,По рамочному договору,
Blanket Order,Рамочный договор,
Blanket Order Rate,Ставка по рамочному договору,
Returned Qty,Возвращенное количество,
Purchase Order Item Supplied,Поставлено по заказу на закупку,
BOM Detail No,№ строки спецификации,
Stock Uom,Складская единица измерения,
Raw Material Item Code,Код сырья,
Supplied Qty,Поставленное количество,
Purchase Receipt Item Supplied,Поставлено по приходной накладной,
Current Stock,Текущий остаток,
For individual supplier,Для отдельного поставщика,
Link to Material Requests,Связь с заявками на материалы,
Message for Supplier,Сообщение поставщику,
Request for Quotation Item,Позиция запроса цен,
Required Date,Требуемая дата,
Request for Quotation Supplier,Запрос цен поставщику,
Send Email,Отправить email,
Quote Status,Статус предложения,
Download PDF,Скачать PDF,
Supplier of Goods or Services.,Поставщик товаров или услуг,
Name and Type,Наименование и тип,
Default Bank Account,Банковский счет по умолчанию,
Is Transporter,Является перевозчиком,
Represents Company,Представляет компанию,
Supplier Type,Тип поставщика,
Allow Purchase Invoice Creation Without Purchase Order,Разрешить создание счета без заказа на закупку,
Allow Purchase Invoice Creation Without Purchase Receipt,Разрешить создание счета без приходной накладной,
Warn RFQs,Предупреждать о запросах цен,
Warn POs,Предупреждать о заказах,
Prevent RFQs,Запретить запросы цен,
Prevent POs,Запретить заказы,
Billing Currency,Валюта расчетов,
Default Payment Terms Template,Шаблон условий оплаты по умолчанию,
Block Supplier,Заблокировать поставщика,
Hold Type,Тип блокировки,
Leave blank if the Supplier is blocked indefinitely,Оставьте пустым если поставщик заблокирован бессрочно,
Default Payable Accounts,Счета кредиторской задолженности по умолчанию,
Mention if non-standard payable account,Укажите если используется нестандартный счет для оплаты,
Default Tax Withholding Config,Настройка налоговых удержаний по умолчанию,
Supplier Details,Информация о поставщике,
Statutory info and other general information about your Supplier,Юридическая и общая информация о поставщике,
Supplier Address,Адрес поставщика,
Link to material requests,Ссылка на заявки на материалы,
Rounding Adjustment (Company Currency,Корректировка округления (в валюте компании),
Auto Repeat Section,Раздел автоповтора,
Is Subcontracted,Передано на субподряд,
Lead Time in days,Срок исполнения в днях,
Supplier Score,Оценка поставщика,
Indicator Color,Цвет индикатора,
Evaluation Period,Период оценки,
Per Week,В неделю,
Per Month,В месяц,
Per Year,В год,
Scoring Setup,Настройка оценивания,
Weighting Function,Весовая функция,
"Scorecard variables can be used, as well as:\n{total_score} (the total score from that period),\n{period_number} (the number of periods to present day)\n",Можно использовать переменные оценочной карты а также:\n{total_score} (общий балл за период)\n{period_number} (количество периодов до текущего дня),
Scoring Standings,Рейтинг оценок,
Criteria Setup,Настройка критериев,
Load All Criteria,Загрузить все критерии,
Scoring Criteria,Критерии оценки,
Scorecard Actions,Действия по оценочной карте,
Warn for new Request for Quotations,Предупреждать о новых запросах цен,
Warn for new Purchase Orders,Предупреждать о новых заказах на закупку,
Notify Supplier,Уведомить поставщика,
Notify Employee,Уведомить сотрудника,
Supplier Scorecard Criteria,Критерии оценки поставщиков,
Criteria Name,Название критерия,
Max Score,Максимальный балл,
Criteria Formula,Формула критерия,
Criteria Weight,Вес критерия,
Supplier Scorecard Period,Период оценки поставщика,
Period Score,Балл за период,
Calculations,Расчеты,
Criteria,Критерии,
Variables,Переменные,
Supplier Scorecard Setup,Настройка оценочной карты поставщика,
Supplier Scorecard Scoring Criteria,Критерии оценки поставщика,
Score,Балл,
Supplier Scorecard Scoring Standing,Рейтинг оценочной карты поставщика,
Standing Name,Название уровня,
Purple,Фиолетовый,
Yellow,Желтый,
Orange,Оранжевый,
Min Grade,Минимальная оценка,
Max Grade,Максимальная оценка,
Warn Purchase Orders,Предупреждать о заказах на закупку,
Prevent Purchase Orders,Запретить заказы на закупку,
Employee ,Сотрудник,
Supplier Scorecard Scoring Variable,Переменная оценки поставщика,
Variable Name,Название переменной,
Parameter Name,Название параметра,
Supplier Scorecard Standing,Рейтинг поставщика,
Notify Other,Уведомить других,
Supplier Scorecard Variable,Переменная оценочной карты поставщика,
Call Log,Журнал звонков,
Received By,Принято,
Caller Information,Информация о звонящем,
Contact Name,Имя контакта,
Lead ,Лид,
Lead Name,Имя лида,
Ringing,Звонит,
Missed,Пропущен,
Call Duration in seconds,Длительность звонка в секундах,
Recording URL,URL записи,
Communication Medium,Способ связи,
Communication Medium Type,Тип способа связи,
Voice,Голос,
Catch All,Перехват всех,
"If there is no assigned timeslot, then communication will be handled by this group",Если нет назначенного временного интервала связь будет обрабатываться этой группой,
Timeslots,Временные интервалы,
Communication Medium Timeslot,Временной интервал для связи,
Employee Group,Группа сотрудников,
Appointment,Встреча,
Scheduled Time,Запланированное время,
Unverified,Не подтверждено,
Customer Details,Данные клиента,
Phone Number,Номер телефона,
Skype ID,Идентификатор Skype,
Linked Documents,Связанные документы,
Appointment With,Встреча с,
Calendar Event,Событие календаря,
Appointment Booking Settings,Настройки планирования встреч,
Enable Appointment Scheduling,Включить планирование встреч,
Agent Details,Данные агента,
Availability Of Slots,Доступность интервалов,
Number of Concurrent Appointments,Количество одновременных встреч,
Agents,Агенты,
Appointment Details,Детали встречи,
Appointment Duration (In Minutes),Длительность встречи (в минутах),
Notify Via Email,Уведомить по email,
Notify customer and agent via email on the day of the appointment.,Уведомить клиента и агента по email в день встречи,
Number of days appointments can be booked in advance,Количество дней для предварительного бронирования встреч,
Success Settings,Настройки успешного завершения,
Success Redirect URL,URL перенаправления при успехе,
"Leave blank for home.\nThis is relative to site URL, for example ""about"" will redirect to ""https://yoursitename.com/about""","Оставьте пустым для главной страницы.\nЭто относительный URL например ""about"" перенаправит на ""https://yoursitename.com/about""",
Appointment Booking Slots,Интервалы для бронирования встреч,
Day Of Week,День недели,
From Time ,Время начала,
Campaign Email Schedule,Расписание рассылки кампании,
Send After (days),Отправить через (дней),
Signed,Подписано,
Party User,Участник,
Unsigned,Не подписано,
Fulfilment Status,Статус исполнения,
N/A,Н/Д,
Unfulfilled,Не исполнено,
Partially Fulfilled,Частично исполнено,
Fulfilled,Исполнено,
Lapsed,Просрочено,
Contract Period,Срок действия договора,
Signee Details,Данные подписанта,
Signee,Подписант,
Signed On,Дата подписания,
Contract Details,Детали договора,
Contract Template,Шаблон договора,
Contract Terms,Условия договора,
Fulfilment Details,Детали исполнения,
Requires Fulfilment,Требует исполнения,
Fulfilment Deadline,Срок исполнения,
Fulfilment Terms,Условия исполнения,
Contract Fulfilment Checklist,Чек-лист исполнения договора,
Requirement,Требование,
Contract Terms and Conditions,Условия и положения договора,
Fulfilment Terms and Conditions,Условия и сроки исполнения,
Contract Template Fulfilment Terms,Условия исполнения шаблона договора,
Email Campaign,Email-кампания,
Email Campaign For ,Email-кампания для,
Lead is an Organization,Лид является организацией,
Person Name,ФИО,
Lost Quotation,Упущенное предложение,
Interested,Заинтересован,
Converted,Конвертирован,
Do Not Contact,Не связываться,
From Customer,От клиента,
Campaign Name,Название кампании,
Follow Up,Последующие действия,
Next Contact By,Следующий контакт через,
Next Contact Date,Дата следующего контакта,
Ends On,Дата окончания,
Address & Contact,Адрес и контакты,
Mobile No.,Мобильный телефон,
Lead Type,Тип лида,
Channel Partner,Партнер по каналу продаж,
Consultant,Консультант,
Market Segment,Сегмент рынка,
Industry,Отрасль,
Request Type,Тип запроса,
Product Enquiry,Запрос о продукте,
Request for Information,Запрос информации,
Suggestions,Предложения,
Blog Subscriber,Подписчик блога,
LinkedIn Settings,Настройки LinkedIn,
Company ID,ID компании,
OAuth Credentials,Учетные данные OAuth,
Consumer Key,Ключ потребителя,
Consumer Secret,Секретный ключ потребителя,
User Details,Данные пользователя,
Person URN,URN физического лица,
Session Status,Статус сессии,
Lost Reason Detail,Детальная причина потери,
Opportunity Lost Reason,Причина потери возможности,
Potential Sales Deal,Потенциальная сделка,
Opportunity From,Источник возможности,
Customer / Lead Name,Имя клиента/лида,
Opportunity Type,Тип возможности,
Converted By,Конвертировано кем,
Sales Stage,Этап продажи,
Lost Reason,Причина потери,
Expected Closing Date,Ожидаемая дата закрытия,
To Discuss,К обсуждению,
With Items,С позициями,
Probability (%),Вероятность (%),
Contact Info,Контактная информация,
Customer / Lead Address,Адрес клиента/лида,
Contact Mobile No,Мобильный телефон для связи,
Enter name of campaign if source of enquiry is campaign,Введите название кампании если источником запроса является кампания,
Opportunity Date,Дата возможности,
Opportunity Item,Позиция возможности,
Basic Rate,Базовая ставка,
Stage Name,Название этапа,
Social Media Post,Публикация в соцсетях,
Post Status,Статус публикации,
Posted,Опубликовано,
Share On,Поделиться в,
Twitter,Twitter,
LinkedIn,LinkedIn,
Twitter Post Id,ID публикации в Twitter,
LinkedIn Post Id,ID публикации в LinkedIn,
Tweet,Твит,
Twitter Settings,Настройки Twitter,
API Secret Key,Секретный ключ API,
Term Name,Название семестра,
Term Start Date,Дата начала семестра,
Term End Date,Дата окончания семестра,
Academics User,Пользователь учебной части,
Academic Year Name,Название учебного года,
Article,Статья,
LMS User,Пользователь LMS,
Assessment Criteria Group,Группа критериев оценивания,
Assessment Group Name,Название группы оценивания,
Parent Assessment Group,Родительская группа оценивания,
Assessment Name,Название оценивания,
Grading Scale,Шкала оценивания,
Examiner,Экзаменатор,
Examiner Name,ФИО экзаменатора,
Supervisor,Руководитель,
Supervisor Name,ФИО руководителя,
Evaluate,Оценить,
Maximum Assessment Score,Максимальный балл оценивания,
Assessment Plan Criteria,Критерии плана оценивания,
Maximum Score,Максимальный балл,
Grade,Оценка,
Assessment Result Detail,Детали результата оценивания,
Assessment Result Tool,Инструмент оценивания результатов,
Result HTML,HTML результата,
Content Activity,Активность по контенту,
Last Activity ,Последняя активность,
Content Question,Вопрос по контенту,
Question Link,Ссылка на вопрос,
Course Name,Название курса,
Topics,Темы,
Hero Image,Главное изображение,
Default Grading Scale,Шкала оценивания по умолчанию,
Education Manager,Менеджер по образованию,
Course Activity,Активность по курсу,
Course Enrollment,Зачисление на курс,
Activity Date,Дата активности,
Course Assessment Criteria,Критерии оценивания курса,
Weightage,Вес,
Course Content,Содержание курса,
Quiz,Тест,
Program Enrollment,Зачисление в программу,
Enrollment Date,Дата зачисления,
Instructor Name,ФИО преподавателя,
Course Scheduling Tool,Инструмент планирования курса,
Course Start Date,Дата начала курса,
To TIme,Время окончания,
Course End Date,Дата окончания курса,
Course Topic,Тема курса,
Topic Name,Название темы,
Education Settings,Настройки образования,
Current Academic Year,Текущий учебный год,
Current Academic Term,Текущий учебный семестр,
Attendance Freeze Date,Дата закрытия посещаемости,
Validate Batch for Students in Student Group,Проверка группы для студентов в учебной группе,
"For Batch based Student Group, the Student Batch will be validated for every Student from the Program Enrollment.",Для группы студентов на основе потока учебная группа будет проверена для каждого студента из программы зачисления,
Validate Enrolled Course for Students in Student Group,Проверка зачисления на курс для студентов в учебной группе,
"For Course based Student Group, the Course will be validated for every Student from the enrolled Courses in Program Enrollment.",Для группы студентов на основе курса будет проверено зачисление каждого студента на курсы в рамках программы,
Make Academic Term Mandatory,Сделать учебный семестр обязательным,
"If enabled, field Academic Term will be Mandatory in Program Enrollment Tool.",Если включено поле Учебный семестр будет обязательным при зачислении в программу,
Skip User creation for new Student,Пропустить создание пользователя для нового студента,
"By default, a new User is created for every new Student. If enabled, no new User will be created when a new Student is created.",По умолчанию для каждого нового студента создается новый пользователь. Если включено новый пользователь не будет создаваться при создании нового студента,
Instructor Records to be created by,Записи преподавателей создаются по,
Employee Number,Табельный номер,
Fee Category,Категория оплаты,
Fee Component,Компонент оплаты,
Fees Category,Категории оплат,
Fee Schedule,График оплаты,
Fee Structure,Структура оплаты,
Fee Creation Status,Статус создания оплаты,
In Process,В процессе,
Send Payment Request Email,Отправить email с запросом оплаты,
Student Category,Категория студентов,
Fee Breakup for each student,Разбивка оплаты по студентам,
Total Amount per Student,Общая сумма на студента,
Institution,Учебное заведение,
Fee Schedule Program,Программа графика оплаты,
Student Batch,Учебный поток,
Total Students,Всего студентов,
Fee Schedule Student Group,График оплаты учебной группы,
Include Payment,Включить оплату,
Send Payment Request,Отправить запрос на оплату,
Student Details,Данные студента,
Student Email,Email студента,
Grading Scale Name,Название шкалы оценивания,
Grading Scale Intervals,Интервалы шкалы оценивания,
Intervals,Интервалы,
Grading Scale Interval,Интервал шкалы оценивания,
Grade Code,Код оценки,
Threshold,Пороговое значение,
Grade Description,Описание оценки,
Guardian,Опекун,
Guardian Name,ФИО опекуна,
Alternate Number,Дополнительный телефон,
Occupation,Род занятий,
Work Address,Рабочий адрес,
Guardian Of ,Опекун для,
Students,Студенты,
Guardian Interests,Интересы опекуна,
Guardian Interest,Интерес опекуна,
Interest,Интерес,
Guardian Student,Студент опекуна,
Instructor Log,Журнал преподавателя,
Other details,Дополнительные сведения,
Option,Вариант,
Is Correct,Правильно,
Program Name,Название программы,
Program Abbreviation,Аббревиатура программы,
Courses,Курсы,
Is Published,Опубликовано,
Allow Self Enroll,Разрешить самостоятельную запись
Is Featured,Рекомендуемое,
Intro Video,Вступительное видео,
Program Course,Курс программы,
School House,Учебный корпус,
Boarding Student,Проживающий студент,
Check this if the Student is residing at the Institute's Hostel.,Отметьте если студент проживает в общежитии института,
Walking,Пешком,
Institute's Bus,Автобус института,
Self-Driving Vehicle,Личный транспорт,
Pick/Drop by Guardian,Доставка опекуном,
Enrolled courses,Зачисленные курсы,
Program Enrollment Course,Курс программы обучения,
Program Enrollment Fee,Плата за обучение по программе,
Program Enrollment Tool,Инструмент зачисления на программу,
Get Students From,Получить студентов из,
Student Applicant,Абитуриент,
Get Students,Получить список студентов,
Enrollment Details,Детали зачисления,
New Program,Новая программа,
New Student Batch,Новый поток студентов,
Enroll Students,Зачислить студентов,
New Academic Year,Новый учебный год,
New Academic Term,Новый учебный семестр,
Program Enrollment Tool Student,Инструмент зачисления студентов на программу,
Student Batch Name,Название потока студентов,
Program Fee,Стоимость программы,
Question,Вопрос,
Single Correct Answer,Один правильный ответ,
Multiple Correct Answer,Несколько правильных ответов,
Quiz Configuration,Настройки теста,
Passing Score,Проходной балл,
Score out of 100,Балл из 100,
Max Attempts,Максимум попыток,
Enter 0 to waive limit,Введите 0 для снятия ограничения,
Grading Basis,Основа оценивания,
Latest Highest Score,Последний наивысший балл,
Latest Attempt,Последняя попытка,
Quiz Activity,Тестирование,
Enrollment,Зачисление,
Pass,Сдано,
Quiz Question,Вопрос теста,
Quiz Result,Результат теста,
Selected Option,Выбранный вариант,
Correct,Верно,
Wrong,Неверно,
Room Name,Название аудитории,
Room Number,Номер аудитории,
Seating Capacity,Вместимость,
House Name,Название корпуса,
Student Mobile Number,Мобильный телефон студента,
Blood Group,Группа крови,
Nationality,Гражданство,
Home Address,Домашний адрес,
Guardian Details,Данные опекуна,
Guardians,Опекуны,
Sibling Details,Данные о братьях и сестрах,
Siblings,Братья и сестры,
Exit,Отчисление,
Date of Leaving,Дата отчисления,
Leaving Certificate Number,Номер справки об отчислении,
Reason For Leaving,Причина отчисления,
Student Admission,Прием студентов,
Admission Start Date,Дата начала приема,
Admission End Date,Дата окончания приема,
Eligibility and Details,Требования и подробности,
Student Admission Program,Программа приема студентов,
Minimum Age,Минимальный возраст,
Maximum Age,Максимальный возраст,
Application Fee,Вступительный взнос,
Naming Series (for Student Applicant),Серия номеров (для абитуриентов),
LMS Only,Только LMS,
Application Date,Дата подачи заявления,
Student Attendance Tool,Инструмент учета посещаемости,
Group Based On,Группировать по,
Students HTML,HTML-список студентов,
Group Based on,Группировать по,
Student Group Name,Название группы студентов,
Max Strength,Максимальное количество студентов,
Set 0 for no limit,Установите 0 для снятия ограничения,
Instructors,Преподаватели,
Student Group Creation Tool,Инструмент создания групп студентов,
Leave blank if you make students groups per year,Оставьте пустым если создаете группы студентов по годам,
Get Courses,Получить список курсов,
Separate course based Group for every Batch,Отдельная группа по курсу для каждого потока,
Leave unchecked if you don't want to consider batch while making course based groups.,Оставьте неотмеченным если не хотите учитывать поток при создании групп по курсам,
Student Group Creation Tool Course,Курс в инструменте создания групп студентов,
Course Code,Код курса,
Student Group Instructor,Преподаватель группы,
Student Group Student,Студент группы,
Group Roll Number,Номер группы,
Student Guardian,Опекун студента,
Relation,Отношение,
Mother,Мать,
Father,Отец,
Student Language,Язык обучения,
Student Leave Application,Заявление на академический отпуск,
Mark as Present,Отметить как присутствующего,
Student Log,Журнал студента,
Academic,Учебный,
Achievement,Достижение,
Student Report Generation Tool,Инструмент создания отчетов для учащихся,
Include All Assessment Group,Включить всю группу оценки,
Show Marks,Показать метки,
Add letterhead,Добавить бланки,
Print Section,Печать раздела,
Total Parents Teacher Meeting,Общее родительское собрание,
Attended by Parents,Присутствуют родители,
Assessment Terms,Условия оценки,
Student Sibling,Брат/сестра студента,
Studying in Same Institute,Обучение в том же институте,
NO,Нет,
YES,Да,
Student Siblings,Братья и сестры студента,
Topic Content,Содержание темы,
Amazon MWS Settings,Настройки Amazon MWS,
ERPNext Integrations,Интеграция ERPNext,
Enable Amazon,Включить Amazon,
MWS Credentials,MWS Credentials,
Seller ID,ID продавца,
AWS Access Key ID,Идентификатор ключа доступа AWS,
MWS Auth Token,MWS Auth Token,
Market Place ID,Идентификатор рынка,
AE,AE,
AU,AU,
BR,BR,
CA,CA,
CN,CN,
DE,DE,
ES,ES,
FR,FR,
JP,JP,
IT,IT,
MX,MX,
UK,UK,
US,US,
Customer Type,Тип клиента,
Market Place Account Group,Группа учетных записей торговой площадки,
After Date,После даты,
Amazon will synch data updated after this date,"Amazon будет синхронизировать данные, обновленные после этой даты",
Sync Taxes and Charges,Синхронизация налогов и сборов,
Get financial breakup of Taxes and charges data by Amazon ,Получите финансовую разбивку данных по налогам и сборам Amazon,
Sync Products,Синхронизировать товары,
Always sync your products from Amazon MWS before synching the Orders details,Всегда синхронизируйте свои продукты с Amazon MWS перед синхронизацией деталей заказов,
Sync Orders,Синхронизация заказов,
Click this button to pull your Sales Order data from Amazon MWS.,"Нажмите эту кнопку, чтобы получить данные вашей Сделки из Amazon MWS.",
Enable Scheduled Sync,Включить синхронизацию по расписанию,
Check this to enable a scheduled Daily synchronization routine via scheduler,"Проверьте это, чтобы включить запланированную ежедневную процедуру синхронизации через планировщик",
Max Retry Limit,Максимальное число попыток,
Exotel Settings,Настройки Exotel,
Account SID,SID аккаунта,
API Token,API-токен,
GoCardless Mandate,GoCardless мандат,
Mandate,Мандат,
GoCardless Customer,Клиент GoCardless,
GoCardless Settings,Настройки GoCardless,
Webhooks Secret,Webhooks Secret,
Plaid Settings,Настройки Plaid,
Synchronize all accounts every hour,Синхронизировать все учетные записи каждый час,
Plaid Client ID,Идентификатор клиента,
Plaid Secret,Plaid Secret,
Plaid Environment,Plaid Environment,
sandbox,песочница,
development,development,
production,production,
QuickBooks Migrator,QuickBooks Migrator,
Application Settings,Настройки приложения,
Token Endpoint,Конечная точка маркера,
Scope,Объем,
Authorization Settings,Настройки авторизации,
Authorization Endpoint,Конечная точка авторизации,
Authorization URL,URL авторизации,
Quickbooks Company ID,Идентификатор компании Quickbooks,
Company Settings,Настройки компании,
Default Shipping Account,Учетная запись по умолчанию,
Default Warehouse,Склад по умолчанию,
Default Cost Center,Центр затрат по умолчанию,
Undeposited Funds Account,Учет нераспределенных средств,
Shopify Log,Логи Shopify,
Shopify Settings,Shopify настройки,
status html,статус html,
Enable Shopify,Включить Shopify,
App Type,Тип приложения,
Last Sync Datetime,Последняя дата синхронизации,
Shop URL,URL магазина,
eg: frappe.myshopify.com,например: frappe.myshopify.com,
Shared secret,Общий секрет,
Webhooks Details,Параметры веб-хуков,
Webhooks,Webhooks,
Customer Settings,Настройки клиента,
Default Customer,Клиент по умолчанию,
Customer Group will set to selected group while syncing customers from Shopify,"Группа клиентов настроится на выбранную группу, синхронизируя клиентов с Shopify",
For Company,Для Компании,
Cash Account will used for Sales Invoice creation,Денежный счет будет использоваться для создания счета продажи,
Update Price from Shopify To ERPNext Price List,Обновить цену от Shopify до прайс-листа ERPNext,
Default Warehouse to to create Sales Order and Delivery Note,Склад по умолчанию для формирования Сделки и Доставки,
Sales Order Series,Идентификаторы сделок,
Import Delivery Notes from Shopify on Shipment,Импорт уведомлений о доставке из Shopify on Shipment,
Delivery Note Series,Идентификаторы документов доставки,
Import Sales Invoice from Shopify if Payment is marked,"Импортировать счет продавца, чтобы узнать, отмечен ли платеж",
Sales Invoice Series,Идентификаторы счетов продаж,
Shopify Tax Account,Shopify налоговый счет,
Shopify Tax/Shipping Title,Изменить название налога / доставки,
ERPNext Account,Учетная запись ERPNext,
Shopify Webhook Detail,Детали веб-хука Shopify,
Webhook ID,Идентификатор Webhook,
Tally Migration,Tally миграция,
Master Data,Основные данные,
"Data exported from Tally that consists of the Chart of Accounts, Customers, Suppliers, Addresses, Items and UOMs","Данные, экспортированные из Tally, которые состоят из плана счетов, клиентов, поставщиков, адресов, позиций и единиц измерения",
Is Master Data Processed,Обработка основных данных,
Is Master Data Imported,Импортированы ли основные данные,
Tally Creditors Account,Счет Tally Creditors,
Creditors Account set in Tally,Счет кредиторов установлен в Tally,
Tally Debtors Account,Счет Tally должников,
Debtors Account set in Tally,Счет дебитора установлен в Tally,
Tally Company,Tally Компания,
Company Name as per Imported Tally Data,Название компании согласно импортированным данным подсчета,
Default UOM,Единица измерения по умолчанию,
UOM in case unspecified in imported data,"Единицы измерения, если они не указаны в импортированных данных",
ERPNext Company,Компания ERPNext,
Your Company set in ERPNext,Ваша компания установлена в ERPNext,
Processed Files,Обработанные файлы,
Parties,Стороны,
UOMs,Единицы измерения,
Vouchers,Ваучеры,
Round Off Account,Округлить счет,
Day Book Data,Данные Дневной Книги,
Day Book Data exported from Tally that consists of all historic transactions,"Данные дневной книги, экспортированные из Tally, которые включают все исторические транзакции",
Is Day Book Data Processed,Обработаны ли данные дневника,
Is Day Book Data Imported,Импортированы ли данные дневника,
Woocommerce Settings,Настройки Woocommerce,
Enable Sync,Включить синхронизацию,
Woocommerce Server URL,URL-адрес сервера Woocommerce,
Secret,Секрет,
API consumer key,Пользовательский ключ API,
API consumer secret,Секретный ключ API,
Tax Account,Налоговый счет,
Freight and Forwarding Account,Фрахт и пересылка,
Creation User,Пользователь-создатель,
"The user that will be used to create Customers, Items and Sales Orders. This user should have the relevant permissions.","Пользователь, который будет использоваться для создания клиентов, товаров и заказов на продажу. Этот пользователь должен иметь соответствующие разрешения.",
"This warehouse will be used to create Sales Orders. The fallback warehouse is ""Stores"".",Этот склад будет использоваться для создания заказов на продажу. Резервный склад &quot;Магазины&quot;.,
"The fallback series is ""SO-WOO-"".","Аварийная серия ""SO-WOO-"".",
This company will be used to create Sales Orders.,Эта компания будет использоваться для создания заказов на продажу.,
Delivery After (Days),Доставка после (дней),
This is the default offset (days) for the Delivery Date in Sales Orders. The fallback offset is 7 days from the order placement date.,Это смещение по умолчанию (дни) для даты поставки в заказах на продажу. Смещение отступления составляет 7 дней с даты размещения заказа.,
"This is the default UOM used for items and Sales orders. The fallback UOM is ""Nos"".","Это стандартная единица измерения, используемая для позиций и заказов на продажу. Запасной UOM является &quot;Nos&quot;.",
Endpoints,Endpoints,
Endpoint,Конечная точка,
Antibiotic Name,Название антибиотика,
Healthcare Administrator,Администратор медучреждения,
Laboratory User,Сотрудник лаборатории,
Is Inpatient,Является стационарным,
Default Duration (In Minutes),Продолжительность по умолчанию (в минутах),
Body Part,Часть тела,
Body Part Link,Связь с частью тела,
Procedure Template,Шаблон процедуры,
Procedure Prescription,Процедура рецепта,
Service Unit,Сервисный блок,
Consumables,Расходные материалы,
Consume Stock,Потребляемый запас,
Invoice Consumables Separately,Отдельно выставляйте счета на расходные материалы,
Consumption Invoiced,Счет за потребление,
Consumable Total Amount,Общая сумма расходных материалов,
Consumption Details,Детали потребления,
Nursing User,Уход за больным,
Clinical Procedure Item,Пункт клинической процедуры,
Invoice Separately as Consumables,Выставление счета отдельно в качестве расходных материалов,
Transfer Qty,Количество переводов,
Actual Qty (at source/target),Факт. кол-во (в источнике / цели),
Is Billable,Подлежит оплате,
Allow Stock Consumption,Разрешить потребление запаса,
Sample UOM,Образец единицы измерения,
Collection Details,Сведения о собрании,
Change In Item,Изменить элемент,
Codification Table,Таблица кодирования,
Complaints,Жалобы,
Dosage Strength,Концентрация препарата,
Strength,Прочность,
Drug Prescription,Назначение лекарств,
Drug Name / Description,Название / описание препарата,
Dosage,Дозировка,
Dosage by Time Interval,Дозировка по временному интервалу,
Interval,Интервал,
Interval UOM,Интервал UOM,
Hour,Час,
Update Schedule,Расписание обновлений,
Exercise,Упражнение,
Difficulty Level,Уровень сложности,
Counts Target,Считает цель,
Counts Completed,Подсчет завершен,
Assistance Level,Уровень помощи,
Active Assist,Активная помощь,
Exercise Name,Название упражнения,
Body Parts,Части тела,
Exercise Instructions,Инструкции к упражнениям,
Exercise Video,Видео с упражнениями,
Exercise Steps,Шаги упражнений,
Steps Table,Таблица шагов,
Exercise Type Step,Тип упражнения Шаг,
Max number of visit,Максимальное количество посещений,
Visited yet,Посетил еще,
Reference Appointments,Справочные встречи,
Valid till,Действителен до,
Fee Validity Reference,Справка о сроках действия комиссии,
Basic Details,Основные детали,
Mobile,Мобильный,
Phone (R),Телефон (R),
Phone (Office),Телефон (офис),
Employee and User Details,Сведения о сотруднике и пользователе,
Hospital,Больница,
Appointments,Назначения,
Practitioner Schedules,Расписание практикующих,
Charges,Расходы,
Out Patient Consulting Charge,Плата за консультацию пациента,
Default Currency,Базовая валюта,
Healthcare Schedule Time Slot,Расписание занятий,
Parent Service Unit,Группа родительского обслуживания,
Service Unit Type,Тип сервисного блока,
Allow Appointments,Разрешить встречи,
Allow Overlap,Разрешить перекрытие,
Inpatient Occupancy,Стационарное размещение,
Occupancy Status,Статус занятости,
Vacant,Вакантно,
Occupied,Занято,
Item Details,Детальная информация о продукте,
UOM Conversion in Hours,Преобразование UOM в часы,
Rate / UOM,Стоимость / UOM,
Change in Item,Изменение продукта,
Out Patient Settings,Настройки амбулаторного лечения,
Patient Name By,Имя пациента,
Patient Name,Имя пациента,
Link Customer to Patient,Свяжите клиента с пациентом,
"If checked, a customer will be created, mapped to Patient.\nPatient Invoices will be created against this Customer. You can also select existing Customer while creating Patient.","Если этот флажок установлен, клиент будет создан, привязанный к пациенту. С этого клиента будет создан счет-фактура пациента. Вы также можете выбрать существующего клиента при создании Пациента.",
Default Medical Code Standard,Стандарт медицинского стандарта по умолчанию,
Collect Fee for Patient Registration,Сбор платы за регистрацию пациентов,
Checking this will create new Patients with a Disabled status by default and will only be enabled after invoicing the Registration Fee.,"При установке этого флажка по умолчанию будут созданы новые пациенты со статусом «Отключено», и они будут включены только после выставления счета за регистраию.",
Registration Fee,Регистрационный взнос,
Automate Appointment Invoicing,Автоматизация выставления счетов на прием,
Manage Appointment Invoice submit and cancel automatically for Patient Encounter,Управление счетом-заявкой автоматически отправляется и отменяется для встречи с пациентом,
Enable Free Follow-ups,Включить бесплатные последующие действия,
Number of Patient Encounters in Valid Days,Количество встреч с пациентами в действительные дни,
The number of free follow ups (Patient Encounters in valid days) allowed,Разрешенное количество бесплатных повторных осмотров (встреч с пациентами в действительные дни),
Valid Number of Days,Действительное количество дней,
Time period (Valid number of days) for free consultations,Срок (Действительное количество дней) для бесплатных консультаций,
Default Healthcare Service Items,Предметы медицинского обслуживания по умолчанию,
"You can configure default Items for billing consultation charges, procedure consumption items and inpatient visits","Вы можете настроить элементы по умолчанию для выставления счетов за консультации, элементы потребления процедур и посещения стационара.",
Clinical Procedure Consumable Item,Расходный материал для клинической процедуры,
Default Accounts,Счета по умолчанию,
Default income accounts to be used if not set in Healthcare Practitioner to book Appointment charges.,"Учетные записи будут использоваться по умолчанию, если они не установлены в Практикуме здравоохранения, чтобы забронировать плату за назначение.",
Default receivable accounts to be used to book Appointment charges.,"Счета дебиторской задолженности по умолчанию, которые будут использоваться для учета расходов на встречу.",
Out Patient SMS Alerts,Оповещения SMS для пациентов,
Patient Registration,Регистрация пациентов,
Registration Message,Регистрация сообщения,
Confirmation Message,Сообщение подтверждения,
Avoid Confirmation,Избегайте подтверждения,
Do not confirm if appointment is created for the same day,"Не подтверждайте, назначено ли назначение на тот же день",
Appointment Reminder,Напоминание о назначении,
Reminder Message,Сообщение напоминания,
Laboratory Settings,Настройки лаборатории,
Create Lab Test(s) on Sales Invoice Submission,Создание лабораторных тестов на основе счета продажи,
Checking this will create Lab Test(s) specified in the Sales Invoice on submission.,"При установке этого флажка будут созданы лабораторные тесты, указанные в счете продажи при отправке.",
Create Sample Collection document for Lab Test,Создать образец документа для лабораторного тестирования,
Checking this will create a Sample Collection document  every time you create a Lab Test,"При проверке этого будет создаваться документ Sample Collection каждый раз, когда вы создаете лабораторный тест.",
Employee name and designation in print,Имя и обозначение сотрудника в печати,
Check this if you want the Name and Designation of the Employee associated with the User who submits the document to be printed in the Lab Test Report.,"Установите этот флажок, если хотите, чтобы имя и наименование сотрудника, связанного с пользователем, отправившим документ, были напечатаны в отчете лабораторного тестирования.",
Do not print or email Lab Tests without Approval,Не печатайте и не отправляйте по электронной почте лабораторные тесты без одобрения,
Checking this will restrict printing and emailing of Lab Test documents unless they have the status as Approved.,"Установка этого флажка ограничит печать и отправку документов лабораторных тестов по электронной почте, если они не имеют статуса «Утверждено».",
Custom Signature in Print,Пользовательская подпись в печати,
Laboratory SMS Alerts,Лабораторные SMS-оповещения,
Result Printed Message,Результат напечатанного сообщения,
Result Emailed Message,"Сообщение, отправленное по электронной почте",
Check In,Регистрация,
Check Out,Проверка,
A Positive,A (I) положительный,
A Negative,A (I) отрицательный,
AB Positive,AB (IV) положительный,
AB Negative,AB (IV) отрицательный,
B Positive,B (III) положительный,
B Negative,B (III) отрицательный,
O Positive,O (I) положительный,
O Negative,O (I) отрицательный,
Date of birth,Дата рождения,
Admission Scheduled,Запланирована госпитализация,
Discharge Scheduled,Запланирована выписка,
Discharged,Выписанный,
Admission Schedule Date,Дата приема,
Admitted Datetime,Допустимое значение даты и времени,
Expected Discharge,Ожидаемый выпуск,
Discharge Date,Дата выписки,
Lab Prescription,Лабораторный рецепт,
Lab Test Name,Название лабораторного теста,
Test Created,Тест создан,
Submitted Date,Дата утверждения,
Approved Date,Утвержденная дата,
Sample ID,Идентификатор образца,
Lab Technician,Лаборант-техник,
Report Preference,Предпочтение отчета,
Test Name,Имя теста,
Test Template,Шаблон исследования,
Test Group,Группа испытаний,
Custom Result,Индивидуальный результат,
LabTest Approver,Утверждающий лабораторные исследования,
Add Test,Добавить тест,
Normal Range,Нормальный диапазон,
Result Format,Формат заключения,
Single,Единственный,
Compound,Соединение,
Descriptive,Описательный,
Grouped,Сгруппировано,
No Result,Безрезультатно,
This value is updated in the Default Sales Price List.,Это значение обновляется в прейскуранте продаж по умолчанию.,
Lab Routine,Лабораторная работа,
Result Value,Значение результата,
Require Result Value,Требовать значение результата,
Normal Test Template,Шаблон нормального теста,
Patient Demographics,Демографические данные пациентов,
Middle Name (optional),Отчество (необязательно),
Inpatient Status,Состояние стационара,
"If ""Link Customer to Patient"" is checked in Healthcare Settings and an existing Customer is not selected then, a Customer will be created for this Patient for recording transactions in Accounts module.","Если в настройках здравоохранения установлен флажок «Связать клиента с пациентом», а существующий клиент не выбран, то для этого пациента будет создан клиент для записи транзакций в модуле «Учетные записи».",
Personal and Social History,Личная и социальная история,
Marital Status,Семейное положение,
Married,Замужем,
Divorced,Разведенный,
Widow,Вдова,
Patient Relation,Отношение пациентов,
"Allergies, Medical and Surgical History","Аллергии, медицинская и хирургическая история",
Allergies,Аллергии,
Medication,Лекарственные препараты,
Medical History,История болезни,
Surgical History,Хирургическая история,
Risk Factors,Факторы риска,
Occupational Hazards and Environmental Factors,Профессиональные опасности и факторы окружающей среды,
Other Risk Factors,Другие факторы риска,
Patient Details,Сведения о пациенте,
Additional information regarding the patient,Дополнительная информация о пациенте,
Patient Age,Возраст пациента,
Get Prescribed Clinical Procedures,Получите предписанные клинические процедуры,
Therapy,Терапия,
Get Prescribed Therapies,Получите прописанную терапию,
Appointment Datetime,Дата и время встречи,
Duration (In Minutes),Продолжительность (в минутах),
Reference Sales Invoice,Ссылка на счет продажи,
More Info,Подробнее,
Referring Practitioner,Справляющий практик,
Assessment Template,Шаблон оценки,
Assessment Datetime,Дата и время оценки,
Assessment Description,Описание оценки,
Assessment Sheet,Лист оценки,
Total Score Obtained,Общий балл получен,
Scale Min,Масштаб Мин.,
Scale Max,Масштаб М��кс.,
Patient Assessment Detail,Сведения об оценке пациента,
Assessment Parameter,Параметр оценки,
Patient Assessment Parameter,Параметр оценки пациента,
Patient Assessment Sheet,Лист оценки пациента,
Patient Assessment Template,Шаблон оценки пациента,
Assessment Parameters,Параметры оценки,
Parameters,Параметры,
Assessment Scale,Оценочная шкала,
Scale Minimum,Минимальное значение шкалы,
Scale Maximum,Максимальное значение шкалы,
Encounter Date,Дата встречи,
Encounter Time,Время встречи,
Encounter Impression,Заключение осмотра,
Symptoms,Симптомы,
In print,В печати,
Medical Coding,Медицинская кодировка,
Procedures,Процедуры,
Therapies,Терапии,
Review Details,Обзорная информация,
Patient Encounter Diagnosis,Диагностика встречи с пациентом,
Patient Encounter Symptom,Симптом встречи с пациентом,
Attach Medical Record,Прикрепите медицинскую карту,
Spouse,Супруг(а),
Family,Семья,
Schedule Details,Детали расписания,
Schedule Name,Название расписания,
Time Slots,Временные интервалы,
Practitioner Service Unit Schedule,График обслуживания практикующих,
Procedure Name,Название процедуры,
Appointment Booked,Записаться,
Procedure Created,Процедура создана,
Collected By,Собрано,
Particulars,Частности,
Result Component,Компонент результата,
Therapy Plan Details,Детали плана терапии,
Total Sessions,Всего сеансов,
Total Sessions Completed,Всего завершено сеансов,
Therapy Plan Detail,Подробный план терапии,
No of Sessions,Количество сессий,
Sessions Completed,Сессии завершены,
Tele,Tele,
Exercises,Упражнения,
Therapy For,Назначение терапии,
Add Exercises,Добавить упражнения,
Body Temperature,Температура тела,
Presence of a fever (temp &gt; 38.5 °C/101.3 °F or sustained temp &gt; 38 °C/100.4 °F),"Наличие лихорадки (темп&gt; 38,5 ° C / 101,3 ° F или постоянная температура&gt; 38 ° C / 100,4 ° F)",
Heart Rate / Pulse,Частота сердечных сокращений / пульс,
Adults' pulse rate is anywhere between 50 and 80 beats per minute.,Частота пульса взрослых составляет от 50 до 80 ударов в минуту.,
Respiratory rate,Частота дыхания,
Normal reference range for an adult is 16–20 breaths/minute (RCP 2012),Нормальный диапазон задания для взрослого составляет 16-20 вдохов / мин (RCP 2012),
Tongue,Язык,
Coated,Покрытый,
Very Coated,Сильно обложен,
Normal,Нормальный,
Furry,Бархатистый,
Cuts,Порезы,
Abdomen,Брюшная полость,
Bloated,Раздутый,
Fluid,Жидкость,
Constipated,Запор,
Reflexes,Рефлексы,
Hyper,Повышенные,
Very Hyper,Значительно повышенные,
One Sided,Односторонняя,
Blood Pressure (systolic),Кровяное давление (систолическое),
Blood Pressure (diastolic),Артериальное давление (диастолическое),
Blood Pressure,Кровяное давление,
"Normal resting blood pressure in an adult is approximately 120 mmHg systolic, and 80 mmHg diastolic, abbreviated ""120/80 mmHg""","Нормальное покоящееся кровяное давление у взрослого человека составляет приблизительно 120 мм рт.ст. систолическое и 80 мм рт.ст. диастолическое, сокращенно «120/80 мм рт.ст.»,",
Nutrition Values,Значения питания,
Height (In Meter),Высота (в метрах),
Weight (In Kilogram),Вес (в килограммах),
BMI,BMI,
Hotel Room,Номер в отеле,
Hotel Room Type,Типы номеров,
Capacity,Вместимость,
Extra Bed Capacity,Дополнительная кровать,
Hotel Manager,Менеджер отеля,
Hotel Room Amenity,Удобства номера,
Billable,Оплачиваемый,
Hotel Room Package,Гостиничный номер,
Amenities,Удобства,
Hotel Room Pricing,Цены на гостиничные номера,
Hotel Room Pricing Item,Номер в гостинице,
Hotel Room Pricing Package,Тарифный пакет номера,
Hotel Room Reservation,Бронирование номеров в гостинице,
Guest Name,Имя гостя,
Late Checkin,Поздний заезд,
Booked,Забронировано,
Hotel Reservation User,Бронирование отеля,
Hotel Room Reservation Item,Бронирование номера в гостинице,
Hotel Settings,Отель,
Default Taxes and Charges,По умолчанию Налоги и сборы,
Default Invoice Naming Series,Идентификаторы по имени для счета  по умолчанию,
Date on which this component is applied,Дата применения этого компонента,
Salary Slip,Справка о заработной плате,
HR User,Сотрудник отдела кадров,
Job Applicant,Соискатель работы,
Body,Содержимое,
Appraisal Template,Оценка шаблона,
Parent Department,Родительский отдел,
Leave Block List,Оставьте список есть,
Days for which Holidays are blocked for this department.,"Дни, для которые праздники заблокированные для этого отдела.",
Leave Approver,Подтверждение отпусков,
Expense Approver,Подтверждающий расходы,
Required Skills,Требуемые навыки,
Skills,Навыки,
Driver,Водитель,
Suspended,Приостановленный,
Transporter,Транспортер,
Applicable for external driver,Применимо для внештатного курьера,
Cellphone Number,Номер мобильного телефона,
License Details,Сведения о лицензии,
License Number,Лицензионный номер,
Issuing Date,Дата получения,
Driving License Categories,Категории водительских прав,
Driving License Category,Категория водительских удостоверений,
Fleet Manager,Менеджер автопарка,
Driver licence class,Класс водительских прав,
Employment Type,Вид занятости,
Emergency Contact,Экстренная связь,
Emergency Contact Name,Контакт для чрезвычайных ситуаций,
Emergency Phone,В случае чрезвычайных ситуаций,
ERPNext User,Пользователь ERPNext,
"System User (login) ID. If set, it will become default for all HR forms.","Система Пользователь (Войти) ID. Если установлено, то это станет по умолчанию для всех форм HR.",
Create User Permission,Создать разрешение пользователя,
This will restrict user access to other employee records,Это ограничит доступ пользователей к другим записям сотрудников,
Joining Details,Детали соединения,
Offer Date,Дата предложения,
Confirmation Date,Дата подтверждения,
Contract End Date,Дата окончания контракта,
Notice (days),Уведомление (дней),
Date Of Retirement,Дата выбытия,
Department and Grade,Отдел и класс,
Reports to,Доклады,
Attendance and Leave Details,Посещаемость и детали отпуска,
Attendance Device ID (Biometric/RF tag ID),Идентификатор устройства посещаемости (биометрический идентификатор / идентификатор радиочастотной метки),
Applicable Holiday List,Применимо Список праздников,
Default Shift,Смена по умолчанию,
Salary Mode,Способ оплаты,
Bank A/C No.,Банк Сч/Тек №,
Health Insurance,Медицинская страховка,
Health Insurance Provider,Поставщик медицинского страхования,
Health Insurance No,Номер медицинской страховки,
Prefered Email,Предпочтительный email,
Personal Email,Личная электронная почта,
Permanent Address Is,Постоянный адрес Является,
Rented,Арендованный,
Owned,Собственность,
Permanent Address,Постоянный адрес,
Prefered Contact Email,Предпочтительный контактный email,
Company Email,Электронная почта компании,
Provide Email Address registered in company,"Введите адрес электронной почты, зарегистрированный в компании",
Current Address Is,Текущий адрес,
Current Address,Текущий адрес,
Personal Bio,Персональная биография,
Bio / Cover Letter,Био / сопроводительное письмо,
Short biography for website and other publications.,Краткая биография для веб-сайта и других изданий.,
Passport Number,Номер паспорта,
Date of Issue,Дата выдачи,
Place of Issue,Место выдачи,
Widowed,Овдовевший(ая),
Family Background,О семье,
"Here you can maintain family details like name and occupation of parent, spouse and children","Здесь Вы можете сохранить описание семьи — имя и профессия родителей, супруга и детей",
Health Details,Подробности здоровья,
"Here you can maintain height, weight, allergies, medical concerns etc","Здесь вы можете записывать рост, вес, аллергии, медицинские проблемы и т. п.",
Educational Qualification,Образовательный ценз,
Previous Work Experience,Предыдущий опыт работы,
External Work History,История работы в других организациях,
History In Company,История работы в компании,
Internal Work History,Внутренняя история работ,
Resignation Letter Date,Дата заявления об уходе,
Relieving Date,Дата увольнения,
Reason for Leaving,Причина увольнения,
Leave Encashed?,Оставьте инкассированы?,
Encashment Date,Дата инкассации,
New Workplace,Новый рабочий участок,
Returned Amount,Возвращенная сумма,
Advance Account,Предварительный счет,
Benefits Applied,Преимущества,
Benefit Type and Amount,Тип и сумма пособия,
Task Weight,Важность задачи,
Employee Education,Сотрудник Образование,
School/University,Школа / университет,
Graduate,Высшее образование,
Post Graduate,Послевузовское образование,
Under Graduate,Неоконченное высшее,
Year of Passing,Год прохождения,
Class / Percentage,Класс / в процентах,
Major/Optional Subjects,Основные/дополнительные предметы,
Employee External Work History,История внешней работы сотрудника,
Total Experience,Суммарный опыт,
Default Leave Policy,Политика по умолчанию,
Employee Group Table,Стол группы сотрудников,
ERPNext User ID,ERPNext ID пользователя,
Employee Internal Work History,Сотрудник внутреннего Работа История,
Activities,Мероприятия,
Employee Onboarding Activity,Мероприятия по адаптации сотрудника,
Employee Promotion Detail,Сведения о содействии сотрудникам,
Employee Transfer Property,Свойство переноса персонала,
Unclaimed amount,Невостребованная сумма,
Holiday List Name,Название списка выходных,
Total Holidays,Всего праздников,
Add Weekly Holidays,Добавить еженедельные каникулы,
Weekly Off,Еженедельный выходной,
Add to Holidays,Добавить в праздники,
Holidays,Праздники,
Clear Table,Очистить таблицу,
Retirement Age,Пенсионный возраст,
Enter retirement age in years,Введите возраст выхода на пенсию,
Stop Birthday Reminders,Стоп День рождения Напоминания,
Leave Settings,Настройки отпуска,
Accepted,Принято,
Printing Details,Подробности печати,
Job Title,Должность,
Allocation,Распределение,
Select Employees,Выберите сотрудников,
Allocate,Выделить,
Max Leaves Allowed,Максимальные листья разрешены,
Maximum Continuous Days Applicable,Максимальные непрерывные дни,
Select Payroll Period,Выберите Период начисления заработной платы,
Abbr,Аббревиатура,
Condition and Formula,Состояние и формула,
Total Working Hours,Всего часов работы,
Hour Rate,Часовой разряд,
Bank Account No.,Счет №,
Earning & Deduction,Заработок & Вычет,
Loan repayment,Погашение кредита,
Employee Loan,Сотрудник займа,
Total Principal Amount,Общая сумма,
Total Interest Amount,Общая сумма процентов,
Total Loan Repayment,Общая сумма погашения кредита,
net pay info,Информация о чистой зарплате,
Gross Pay - Total Deduction - Loan Repayment,Валовая заработная плата - Общий вычет - Погашение кредита,
Net Pay (in words) will be visible once you save the Salary Slip.,"Чистая плата (прописью) будет видна, как только вы сохраните зарплатную ведомость.",
Staffing Plan Details,Подробная информация о персонале,
Optional,Необязательный,
Costing,Стоимость,
Vehicle,Средство передвижения,
License Plate,Номерной знак,
Odometer Value (Last),Значение одометра (последнее),
Acquisition Date,Дата приобретения,
Chassis No,VIN код,
Vehicle Value,Стоимость транспортного средства,
Insurance Details,Данные страхования,
Insurance Company,Страховая компания,
Policy No,Полис №,
Additional Details,Дополнительные сведения,
Fuel Type,Тип топлива,
Petrol,Бензин,
Diesel,Дизель,
Natural Gas,Природный газ,
Electric,Электрический,
Fuel UOM,Топливо UOM,
Last Carbon Check,Последняя проверка выбросов,
Wheels,Колеса,
Doors,Двери,
last Odometer Value ,последнее значение одометра,
Service Detail,Детали обслуживания,
Hub Tracked Item,Отслеживаемый элемент концентратора,
Hub Node,Узел хаба,
Image List,Список изображений,
Item Manager,Менеджер продукта,
Hub User,Пользователь концентратора,
Hub Password,Пароль концентратора,
Hub Users,Пользователи концентратора,
Marketplace Settings,Настройки рынка,
Disable Marketplace,Отключить рынок,
Marketplace URL (to hide and update label),URL Marketplace (чтобы скрыть и обновить ярлык),
Registered,зарегистрированный,
Sync in Progress,Выполняется синхронизация,
Hub Seller Name,Имя продавца-концентратора,
Custom Data,Пользовательские данные,
Repay From Salary,Погашать из заработной платы,
Regular Payment,Регулярный платеж,
Loan Closure,Закрытие кредита,
Rate of Interest (%) Yearly,Процентная ставка (%) Годовой,
Generate Schedule,Создать расписание,
Schedules,Расписание,
Maintenance Schedule Detail,График технического обслуживания Подробно,
Scheduled Date,Запланированная дата,
Actual Date,Фактическая дата,
Maintenance Schedule Item,График обслуживания продукта,
Random,Случайный,
No of Visits,Кол-во посещений,
Maintenance Date,Дата технического обслуживания,
Maintenance Time,Время проведения обслуживания,
Completion Status,Статус выполнения,
Partially Completed,Частично завершено,
Fully Completed,Полностью завершен,
Unscheduled,Незапланированный,
Breakdown,Разбивка,
Purposes,Цели,
Customer Feedback,Обратная связь с клиентами,
Maintenance Visit Purpose,Цель технического обслуживания,
Work Done,Работа выполнена,
Against Document No,Против Документ №,
Against Document Detail No,Против деталях документа №,
Order Type,Тип заказа,
Blanket Order Item,Позиция общего заказа,
Ordered Quantity,Заказанное количество,
Item to be manufactured or repacked,Продукт должен быть произведен или переупакован,
Quantity of item obtained after manufacturing / repacking from given quantities of raw materials,Количество пункта получены после изготовления / переупаковка от заданных величин сырья,
Set rate of sub-assembly item based on BOM,Установить скорость сборки на основе спецификации,
Allow Alternative Item,Разрешить альтернативный продукт,
Item UOM,Единиц продукта,
Conversion Rate,Коэффициент конверсии,
Rate Of Materials Based On,Оценить материалов на основе,
With Operations,С операциями,
Manage cost of operations,Управление стоимостью операций,
Transfer Material Against,Передача материала против,
Routing,Маршрутизация,
Materials,Материалы,
Quality Inspection Required,Требуется проверка качества,
Quality Inspection Template,Шаблон контроля качества,
Scrap,Брак,
Scrap Items,Утилизированные продукты,
Operating Cost,Операционные затраты,
Raw Material Cost,Стоимость сырья,
Scrap Material Cost,Стоимость отбракованных материалов,
Operating Cost (Company Currency),Операционные затраты (в валюте компании),
Raw Material Cost (Company Currency),Стоимость сырья (в валюте компании),
Scrap Material Cost(Company Currency),Стоимость отходов (в валюте компании),
Total Cost,Общая стоимость,
Total Cost (Company Currency),Общая стоимость (в валюте компании),
Materials Required (Exploded),Необходимые материалы (в разобранном),
Exploded Items,Развернутый список компонентов,
Show in Website,Показать на веб-сайте,
Item Image (if not slideshow),Изображение продукта (не для слайд-шоу),
Thumbnail,Миниатюра,
Website Specifications,Технические характеристики для сайта,
Show Items,Показать продукты,
Show Operations,Показать операции,
Website Description,Описание,
BOM Explosion Item,Дерево спецификации продукта,
Qty Consumed Per Unit,"Кол-во,  потребляемое за единицу",
Include Item In Manufacturing,Включить товар в производство,
BOM Item,Спецификация продукта,
Item operation,Операция с номенклатурой,
Rate & Amount,Стоимость и сумма,
Basic Rate (Company Currency),Основная ставка (в валюте компании),
Scrap %,Брак %,
Original Item,Исходная номенклатура,
BOM Operation,Операция спецификации,
Operation Time ,Время операции,
In minutes,В считанные минуты,
Batch Size,Размер производственной партии,
Base Hour Rate(Company Currency),Базовая часовая ставка (в валюте компании),
Operating Cost(Company Currency),Операционные затраты (в валюте компании),
BOM Scrap Item,Спецификация отходов продукта,
Basic Amount (Company Currency),Базовая сумма (в валюте компании),
BOM Update Tool,Инструмент обновления спецификации,
"Replace a particular BOM in all other BOMs where it is used. It will replace the old BOM link, update cost and regenerate ""BOM Explosion Item"" table as per new BOM.\nIt also updates latest price in all the BOMs.","Замените конкретную спецификацию во всех других спецификациях, где она используется. Он заменит старую ссылку BOM, обновит стоимость и восстановит таблицу «BOM Explosion Item» в соответствии с новой спецификацией. Он также обновляет последнюю цену во всех спецификациях.",
Replace BOM,Заменить спецификацию,
Current BOM,Текущая спецификация,
The BOM which will be replaced,"В спецификации, которые будут заменены",
The new BOM after replacement,Новая спецификация после замены,
Replace,Заменить,
Update latest price in all BOMs,Обновление последней цены во всех спецификациях,
BOM Website Item,Спецификация продукта на сайте,
BOM Website Operation,Операция спецификации на сайте,
Operation Time,Время работы,
Timing Detail,Сроки,
Time Logs,Журналы времени,
Total Time in Mins,Общее время в минутах,
Operation ID,ID операции,
Transferred Qty,Передано кол-во,
Job Started,Работа началась,
Started Time,Время начала,
Current Time,Текущее время,
Job Card Item,Номер карты заданий,
Job Card Time Log,Журнал учета рабочего времени,
Time In Mins,Время в мин.,
Completed Qty,Завершено кол-во,
Manufacturing Settings,Настройки производства,
Raw Materials Consumption,Потребление сырья,
Allow Multiple Material Consumption,Разрешить потребление нескольких материалов,
Backflush Raw Materials Based On,На основе обратного отнесения затрат на сырье и материалы,
Material Transferred for Manufacture,"Материал, переданный для производства",
Capacity Planning,Планирование мощностей,
Disable Capacity Planning,Отключить планирование мощностей,
Allow Overtime,Разрешить Овертайм,
Allow Production on Holidays,Позволяют производить на праздниках,
Capacity Planning For (Days),Планирование мощности в течение (дней),
Default Warehouses for Production,Склады по умолчанию для производства,
Default Work In Progress Warehouse,По умолчанию работы на складе Прогресс,
Default Finished Goods Warehouse,По умолчанию склад готовой продукции,
Default Scrap Warehouse,Склад отходов по умолчанию,
Overproduction Percentage For Sales Order,Процент Перепроизводства для Сделки,
Overproduction Percentage For Work Order,Процент перепроизводства для рабочего заказа,
Other Settings,Другие настройки,
Update BOM Cost Automatically,Автоматическое обновление стоимости спецификации,
Material Request Plan Item,Позиция плана запроса материала,
Material Request Type,Тип заявки на материал,
Material Issue,Вопрос по материалу,
Customer Provided,Клиент предоставлен,
Minimum Order Quantity,Минимум для заказа,
Default Workstation,Рабочее место по умолчанию,
Production Plan,План производства,
Get Items From,Получить продукты от,
Get Sales Orders,Получить Сделки,
Material Request Detail,Подробности заявки на метериал,
Get Material Request,Получить заявку на материал,
Material Requests,Заявки на материал,
Get Items For Work Order,Выбрать продукты для заказа,
Material Request Planning,Планирование заявки на материал,
Include Non Stock Items,Включить отсутствующие в наличии продукты,
Include Subcontracted Items,Включить субподрядные товары,
Ignore Existing Projected Quantity,Игнорировать существующее прогнозируемое количество,
"To know more about projected quantity, <a href=""https://erpnext.com/docs/user/manual/en/stock/projected-quantity"" style=""text-decoration: underline;"" target=""_blank"">click here</a>.","Чтобы узнать больше о прогнозируемом количестве, <a href=""https://erpnext.com/docs/user/manual/en/stock/projected-quantity"" style=""text-decoration: underline;"" target=""_blank"">нажмите здесь</a> .",
Download Required Materials,Скачать необходимые материалы,
Get Raw Materials For Production,Получить сырье для производства,
Total Planned Qty,Общее количество запланированных,
Total Produced Qty,Общее количество произведенных,
Material Requested,Заявленный материал,
Production Plan Item,Производственный план Пункт,
Make Work Order for Sub Assembly Items,Создание заказа на работу для деталей под сборку,
"If enabled, system will create the work order for the exploded items against which BOM is available.","Если этот параметр включен, система создаст рабочий заказ для разнесенных элементов, для которых доступна спецификация.",
Planned Start Date,Планируемая дата начала,
Quantity and Description,Количество и описание,
material_request_item,material_request_item,
Product Bundle Item,Связка продуктов,
Production Plan Material Request,��роизводственный план по запросам материалов,
Production Plan Sales Order,Производственный план по сделкам,
Sales Order Date,Дата сделки,
Routing Name,Название маршрутизации,
Item To Manufacture,Продукт для производства,
Material Transferred for Manufacturing,Материал отправлен на производство,
Manufactured Qty,Изготовлено кол-во,
Use Multi-Level BOM,Использование многоуровневой спецификации,
Plan material for sub-assemblies,Планирование материалов для подсборок,
Skip Material Transfer to WIP Warehouse,Пропустить передачу материала на склад WIP,
Check if material transfer entry is not required,"Проверьте, не требуется ли запись материала",
Backflush Raw Materials From Work-in-Progress Warehouse,Сбросить сырье с незавершенного производства,
Update Consumed Material Cost In Project,Обновление потребленной стоимости материала в проекте,
Warehouses,Склады,
This is a location where raw materials are available.,"Это место, где есть сырье.",
Work-in-Progress Warehouse,Склад незавершенного производства,
This is a location where operations are executed.,"Это место, где выполняются операции.",
This is a location where final product stored.,"Это место, где хранится конечный продукт.",
Scrap Warehouse,Склад отбракованной продукции,
This is a location where scraped materials are stored.,"Это место, где хранятся скребки.",
Required Items,Необходимые материалы,
Actual Start Date,Фактическая дата начала,
Planned End Date,Планируемая дата завершения,
Actual End Date,Факт. дата окончания,
Operation Cost,Стоимость операций,
Planned Operating Cost,Планируемые операционные затраты,
Actual Operating Cost,Фактические операционные затраты,
Additional Operating Cost,Дополнительные операционные затраты,
Total Operating Cost,Общие операционные затраты,
Manufacture against Material Request,Производственная заявка на материал,
Work Order Item,Продукт под заказ,
Available Qty at Source Warehouse,Доступное количество в исходном хранилище,
Available Qty at WIP Warehouse,Доступное количество в WIP-хранилище,
Work Order Operation,Порядок работы,
Operation Description,Описание операции,
Operation completed for how many finished goods?,Операция выполнена На сколько готовой продукции?,
Work in Progress,В процессе выполнения,
Estimated Time and Cost,Расчетное время и стоимость,
Planned Start Time,Планируемое время начала,
Planned End Time,Планируемое время окончания,
in Minutes,в минутах,
Actual Time and Cost,Фактическое время и стоимость,
Actual Start Time,Фактическое время начала,
Actual End Time,Фактическое время окончания,
Updated via 'Time Log',Обновлено через 'Журнал времени',
Actual Operation Time,Фактическое время операции,
in Minutes\nUpdated via 'Time Log',в минутах \n Обновлено через 'Журнал времени',
(Hour Rate / 60) * Actual Operation Time,(часовая ставка ÷ 60) × фактическое время работы,
Workstation Name,Название рабочего места,
Production Capacity,Производственная мощность,
Operating Costs,Операционные затраты,
Electricity Cost,Стоимость электроэнергии,
per hour,в час,
Consumable Cost,Стоимость расходных материалов,
Rent Cost,Стоимость аренды,
Wages,Заработная плата,
Wages per hour,Заработная плата в час,
Net Hour Rate,Чистая почасовая ставка,
Workstation Working Hour,Рабочие часы на рабочем месте,
Certification Application,Приложение для сертификации,
Name of Applicant,Имя заявителя,
Certification Status,Статус сертификации,
Yet to appear,Ожидает рассмотрения,
Certified,Проверенный,
Not Certified,Не сертифицирован,
Certified Consultant,Сертифицированный консультант,
Name of Consultant,Имя консультанта,
Certification Validity,Срок действия сертификации,
Discuss ID,Обсудить ID,
GitHub ID,Идентификатор GitHub,
Non Profit Manager,Менеджер некоммерческих организаций,
Chapter Head,Руководитель подразделения,
Meetup Embed HTML,Вставить HTML-код,
chapters/chapter_name\nleave blank automatically set after saving chapter.,главы / chapter_name оставить пустым автоматически после сохранения главы.,
Chapter Members,Члены группы,
Members,Участники,
Chapter Member,Участник,
Website URL,URL сайта,
Leave Reason,Причина ухода,
Donor Name,Имя донора,
Donor Type,Тип донора,
Withdrawn,Отозвано,
Grant Application Details ,Сведения о предоставлении гранта,
Grant Description,Описание гранта,
Requested Amount,Запрошенная сумма,
Has any past Grant Record,Наличие предыдущих грантов,
Show on Website,Показать на сайте,
Assessment  Mark (Out of 10),Оценка (из 10),
Assessment  Manager,Менеджер по оценке,
Email Notification Sent,Отправлено уведомление по электронной почте,
Membership Expiry Date,Дата истечения срока членства,
Razorpay Details,Детали Razorpay,
Subscription ID,ID подписки,
Customer ID,Пользовательский ID,
Subscription Activated,Подписка активирована,
Subscription Start,Начало подписки,
Subscription End,Конец подписки,
Non Profit Member,Участник некоммерческой организации,
Membership Status,Статус участия,
Member Since,Участник с,
Payment ID,Идентификатор платежа,
Membership Settings,Настройки членства,
Enable RazorPay For Memberships,Включить RazorPay для членства,
RazorPay Settings,Настройки RazorPay,
Billing Cycle,Платежный цикл,
Billing Frequency,Частота выставления счетов,
"The number of billing cycles for which the customer should be charged. For example, if a customer is buying a 1-year membership that should be billed on a monthly basis, this value should be 12.","Количество платежных циклов, за которые клиент должен платить. Например, если клиент покупает членство на 1 год, счет за которое должен оплачиваться ежемесячно, это значение должно быть 12.",
Razorpay Plan ID,Идентификатор плана Razorpay,
Volunteer Name,Имя волонтера,
Volunteer Type,Тип волонтера,
Availability and Skills,Доступность и навыки,
Availability,Доступность,
Weekends,Выходные дни,
Availability Timeslot,Временной интервал доступности,
Morning,Утро,
Afternoon,После полудня,
Evening,Вечер,
Anytime,В любой момент,
Volunteer Skills,Волонтерские навыки,
Volunteer Skill,Волонтерский навык,
Homepage,Главная страница,
Hero Section Based On,Основа главного раздела,
Homepage Section,Раздел домашней страницы,
Hero Section,Главный раздел,
Tag Line,Слоган,
Company Tagline for website homepage,Слоган компании на главной странице сайта,
Company Description for website homepage,Описание компании на главной странице сайта,
Homepage Slideshow,Слайдер на главной странице,
"URL for ""All Products""","URL для """"Все продукты""""""",
Products to be shown on website homepage,Продукты будут показаны на главной странице сайта,
Homepage Featured Product,Рекомендуемые товары на главной странице,
route,маршрут,
Section Based On,Тип раздела,
Section Cards,Карточки раздела,
Number of Columns,Число столбцов,
Number of columns for this section. 3 cards will be shown per row if you select 3 columns.,"Количество столбцов для этого раздела. 3 карты будут показаны в строке, если вы выберете 3 столбца.",
Section HTML,Раздел HTML,
Use this field to render any custom HTML in the section.,Используйте это поле для визуализации любого пользовательского HTML в разделе.,
Section Order,Раздел заказов,
"Order in which sections should appear. 0 is first, 1 is second and so on.","Порядок, в котором должны появляться разделы. 0 - первое, 1 - второе и т. Д.",
Homepage Section Card,Домашняя страница раздел карт,
Subtitle,Подзаголовок,
Products Settings,Настройки продуктов,
Home Page is Products,Главная — Продукты,
"If checked, the Home page will be the default Item Group for the website","Если этот флажок установлен, главная страница будет по умолчанию Item Group для веб-сайте",
Show Availability Status,Показать статус доступности,
Product Page,Страница продукта,
Products per Page,Продукты на страницу,
Enable Field Filters,Включить поле фильтров,
Item Fields,Поля продуктов,
Enable Attribute Filters,Включить фильтры атрибутов,
Attributes,Атрибуты,
Hide Variants,Скрыть разновидности,
Website Attribute,Атрибут сайта,
Attribute,Атрибут,
Website Filter Field,Поле фильтра веб-сайта,
Activity Cost,Стоимость деятельности,
Billing Rate,Платежная оценка,
Costing Rate,Стоимость,
title,название,
Projects User,Исполнитель проектов,
Default Costing Rate,Ставка стоимости по умолчанию,
Default Billing Rate,Платежная ставка по умолчанию,
Dependent Task,Зависимая задача,
Project Type,Тип проекта,
% Complete Method,Метод расчета процента выполнения,
Task Completion,Завершеные задачи,
Task Progress,Прогресс выполнения задачи,
% Completed,% Завершено,
From Template,Из шаблона,
Project will be accessible on the website to these users,Проект будет доступен на веб-сайте для этих пользователей,
Copied From,Скопировано из,
Start and End Dates,Даты начала и окончания,
Actual Time in Hours (via Timesheet),Фактическое время (в часах),
Costing and Billing,Стоимость и платежи,
Total Costing Amount (via Timesheet),Общая стоимость (по табелю учета рабочего времени),
Total Expense Claim (via Expense Claim),Итоговая сумма аванса (через возмещение расходов),
Total Purchase Cost (via Purchase Invoice),Общая стоимость покупки (по счетам закупок),
Total Sales Amount (via Sales Order),Общая сумма продажи (по сделке),
Total Billable Amount (via Timesheet),Общая сумма платежа (по табелю учета рабочего времени),
Total Billed Amount (via Sales Invoice),Общая сумма выставленных счетов (по счетам продаж),
Total Consumed Material Cost (via Stock Entry),Общая потребляемая материальная стоимость (через записи на складе),
Gross Margin,Валовая маржа,
Gross Margin %,Валовая маржа %,
Monitor Progress,Отслеживание прогресса,
Collect Progress,Оценить готовность,
Frequency To Collect Progress,Частота оценки готовности,
Twice Daily,Два раза в день,
First Email,Первое электронное письмо,
Second Email,Второй адрес электронной почты,
Time to send,Время отправки,
Day to Send,День отправки,
Message will be sent to the users to get their status on the Project,"Сообщение будет отправлено пользователям, чтобы узнать их статус в проекте.",
Projects Manager,Менеджер проектов,
Project Template,Шаблон проекта,
Project Template Task,Задача шаблона проекта,
Begin On (Days),Начать в (дни),
Duration (Days),Продолжительность (дни),
Project Update,Обновление проекта,
Project User,Пользователь проекта,
View attachments,Просмотр вложений,
Projects Settings,Настройки проектов,
Ignore Workstation Time Overlap,Игнорировать перекрытие времени на рабочем месте,
Ignore User Time Overlap,Игнорировать перекрытие пользовательского времени,
Ignore Employee Time Overlap,Игнорировать перекрытие времени сотрудников,
Weight,Вес,
Parent Task,Родительская задача,
Timeline,Временная шкала,
Expected Time (in hours),Ожидаемое время (в часах),
% Progress,% Прогресс,
Is Milestone,Является этапом,
Task Description,Описание задания,
Dependencies,Зависимости,
Dependent Tasks,Зависит от задач,
Depends on Tasks,Зависит от задач,
Actual Start Date (via Timesheet),Фактическая дата начала (по табелю учета рабочего времени),
Actual Time in Hours (via Timesheet),Фактическое время (в часах),
Actual End Date (via Timesheet),Фактическая дата окончания (по табелю учета рабочего времени),
Total Expense Claim (via Expense Claim),Итоговая сумма аванса (через Авансовый Отчет),
Review Date,Дата проверки,
Closing Date,Дата закрытия,
Task Depends On,Задача зависит от,
Task Type,Тип задачи,
Employee Detail,Подробности о сотруднике,
Billing Details,Детали оплаты,
Total Billable Hours,Общее количество оплачиваемых часов,
Total Billed Hours,Общее количество оплаченных часов,
Total Costing Amount,Общая стоимость,
Total Billable Amount,Общая сумма к оплате,
Total Billed Amount,Объявленная стоимость,
% Amount Billed,% Сумма счета,
Hrs,Часов,
Costing Amount,Сумма затрат,
Corrective/Preventive,Корректирующие/Предупреждающие,
Corrective,Корректирующий,
Preventive,Предупреждающий,
Resolution,Разрешение,
Resolutions,Решения,
Quality Action Resolution,Решение по качеству действий,
Quality Feedback Parameter,Параметр оценки качества,
Quality Feedback Template Parameter,Параметр шаблона обратной связи по качеству,
Quality Goal,Цель по качеству,
Monitoring Frequency,Частота мониторинга,
Weekday,Будний день,
Objectives,Цели,
Quality Goal Objective,Целевой показатель качества,
Objective,Задача,
Agenda,Повестка дня,
Minutes,Минут,
Quality Meeting Agenda,Встреча для оценки работ,
Quality Meeting Minutes,Протокол совещания по качеству,
Minute,Минута,
Parent Procedure,Родительская процедура,
Processes,Процессы,
Quality Procedure Process,Процедура контроля качества,
Process Description,Описание процесса,
Link existing Quality Procedure.,Ссылка существующей процедуры качества.,
Additional Information,Дополнительная информация,
Quality Review Objective,Цель проверки качества,
DATEV Settings,Настройки DATEV,
Regional,Региональный,
Consultant ID,Идентификатор консультанта,
GST HSN Code,НДС ГС код,
HSN Code,ГС код,
GST Settings,Настройки НДС,
GST Summary,Сумма НДС,
GSTIN Email Sent On,GSTIN электронная почта отправлена,
GST Accounts,Счета НДС,
B2C Limit,Ограничение B2C,
Set Invoice Value for B2C. B2CL and B2CS calculated based on this invoice value.,"Установите значение счета для B2C. B2CL и B2CS, рассчитанные на основе этой стоимости счета.",
GSTR 3B Report,Отчет GSTR 3B,
January,Январь,
February,Февраль,
March,Март,
April,Апрель,
August,Август,
September,Сентябрь,
October,Октября,
November,Ноябрь,
December,Декабрь,
JSON Output,Выход JSON,
Invoices with no Place Of Supply,Счета без места поставки,
Import Supplier Invoice,Импортная накладная поставщика,
Invoice Series,Серия счетов,
Upload XML Invoices,Загрузить XML-счета,
Zip File,Zip файл,
Import Invoices,Импорт счетов,
Click on Import Invoices button once the zip file has been attached to the document. Any errors related to processing will be shown in the Error Log.,"Нажмите кнопку «Импортировать счета-фактуры», когда файл zip прикреплен к документу. Любые ошибки, связанные с обработкой, будут отображаться в журнале ошибок.",
Lower Deduction Certificate,Сертификат пониженного налогообложения,
Certificate Details,Детали сертификата,
194A,194A,
194C,194C,
194D,194D,
194H,194H,
194I,194I,
194J,194J,
194LA,194LA,
194LBB,194LBB,
194LBC,194LBC,
Certificate No,Сертификат №,
Deductee Details,Детали франшизы,
PAN No,PAN №,
Validity Details,Сведения о сроке действия,
Rate Of TDS As Per Certificate,Ставка TDS согласно сертификату,
Certificate Limit,Предельная сумма сертификата,
Invoice Series Prefix,Префикс Идентификаторов Счетов,
Active Menu,Активное меню,
Restaurant Menu,Меню ресторана,
Price List (Auto created),Прейскурант (автоматически создан),
Restaurant Manager,Менеджер ресторана,
Restaurant Menu Item,Позиция меню ресторана,
Restaurant Order Entry,Ввод заказа ресторана,
Restaurant Table,Стол для ресторанов,
Click Enter To Add,Нажмите «Ввод для добавления».,
Last Sales Invoice,Последний счет на продажу,
Current Order,Текущий заказ,
Restaurant Order Entry Item,Номер заказа заказа ресторана,
Served,Подается,
Restaurant Reservation,Бронирование ресторанов,
Waitlisted,Лист ожидания,
No Show,Неявка,
No of People,Нет людей,
Reservation Time,Время резервирования,
Reservation End Time,Время окончания резервирования,
No of Seats,Количество мест,
Minimum Seating,Минимальное количество мест,
"Keep Track of Sales Campaigns. Keep track of Leads, Quotations, Sales Order etc from Campaigns to gauge Return on Investment. ","Следите за кампаниями по продажам. Отслеживайте лиды, предложения, сделки и т.п. от кампаний и оцените отдачу от инвестиций.",
Campaign Schedules,Расписание кампаний,
Buyer of Goods and Services.,Покупатель товаров и услуг.,
Default Company Bank Account,Стандартный банковский счет компании,
From Lead,Из лида,
Account Manager,Менеджер по работе со счетами,
Allow Sales Invoice Creation Without Sales Order,Разрешить создание счета без заказа на продажу,
Allow Sales Invoice Creation Without Delivery Note,Разрешить создание счета без накладной,
Default Price List,Прайс-лист по умолчанию,
Primary Address and Contact Detail,Первичный адрес и контактная информация,
"Select, to make the customer searchable with these fields","Выберите, чтобы сделать поиск клиента с этими полями",
Customer Primary Contact,Первичный контакт с клиентом,
"Reselect, if the chosen contact is edited after save","Повторно выберите, если выбранный контакт отредактирован после сохранения",
Customer Primary Address,Основной адрес клиента,
"Reselect, if the chosen address is edited after save","Повторно выберите, если выбранный адрес отредактирован после сохранения",
Primary Address,Основной адрес,
Mention if non-standard receivable account,Отметка при нестандартном счете,
Credit Limit and Payment Terms,Кредитный лимит и условия оплаты,
Additional information regarding the customer.,"Дополнительная информация, относящаяся к клиенту",
Sales Partner and Commission,Партнеры по продажам и комиссия,
Commission Rate,Комиссия,
Sales Team Details,Описание отдела продаж,
Customer POS id,Идентификатор POS клиента,
Customer Credit Limit,Кредитный лимит клиента,
Bypass Credit Limit Check at Sales Order,Обход проверки кредитного лимита по Сделке,
Industry Type,Тип индустрии,
Installation Date,Дата установки,
Installation Time,Время установки,
Installation Note Item,Установка примечаний к продукту,
Installed Qty,Установленное количество,
Lead Source,Источник лида,
Period Start Date,Дата начала периода,
Period End Date,Дата окончания периода,
Cashier,Кассир,
Difference,Разница,
Modes of Payment,Способы оплаты,
Linked Invoices,Связанные счета,
POS Closing Voucher Details,Информация о закрытии ваучера POS,
Collected Amount,Полученная сумма,
Expected Amount,Ожидаемая сумма,
POS Closing Voucher Invoices,Счета закрытых ваучеров,
Quantity of Items,Количество позиций,
"Aggregate group of **Items** into another **Item**. This is useful if you are bundling a certain **Items** into a package and you maintain stock of the packed **Items** and not the aggregate **Item**. \n\nThe package **Item** will have ""Is Stock Item"" as ""No"" and ""Is Sales Item"" as ""Yes"".\n\nFor Example: If you are selling Laptops and Backpacks separately and have a special price if the customer buys both, then the Laptop + Backpack will be a new Product Bundle Item.\n\nNote: BOM = Bill of Materials","Собрать группу продуктов в третий продукт. Это полезно когда вы комплектуете определённые продукты в упаковку и ведёте учёт не упаковок, а самих продуктов. Пакетному продукту указывают «Складируемый продукт» — «Нет» и «Продаваемый продукт» — «Да». Для примера: если вы продаете ноутбуки и рюкзаки отдельно, но они имеют специальную цену ко��да клиент покупает их вместе, тогда «ноутбук+рюкзак» будет пакетным продуктом. Примечание: ВМ = Ведомость материалов (спецификация)",
Parent Item,Родительский продукт,
List items that form the package.,"Список продуктов, которые формируют пакет",
Quotation To,Предложение для,
Rate at which customer's currency is converted to company's base currency,"Курс, по которому валюта клиента конвертируется в базовую валюту компании",
Rate at which Price list currency is converted to company's base currency,Курс по которому валюта Прайс листа конвертируется в базовую валюту компании,
Additional Discount and Coupon Code,Дополнительная скидка и код купона,
Referral Sales Partner,Реферальный партнер по продажам,
In Words will be visible once you save the Quotation.,"В Словах будет видно, как только вы сохраните Предложение.",
Term Details,Срочные Подробнее,
Quotation Item,Продукт Предложения,
Against Doctype,Против Типа документа,
Against Docname,Против имени документа,
Additional Notes,Дополнительные примечания,
Skip Delivery Note,Пропустить накладную,
In Words will be visible once you save the Sales Order.,"В словах будет видно, как только вы сохраните Сделку.",
Track this Sales Order against any Project,Отслеживайте Сделку из любого Проекта,
Billing and Delivery Status,Статус оплаты и доставки,
Not Delivered,Не доставлено,
Fully Delivered,Полностью доставлен,
Partly Delivered,Частично доставлен,
Not Applicable,Не применяется,
%  Delivered,% Доставлен,
% of materials delivered against this Sales Order,"% материалов, доставленных по данной Сделке",
% of materials billed against this Sales Order,"% материалов, выставленных на счет этой Сделки",
Not Billed,Счета не выставлены,
Fully Billed,Выставлены счет(а) полностью,
Partly Billed,Выставлены счет(а) частично,
Ensure Delivery Based on Produced Serial No,Обеспечить доставку на основе серийного номера,
Supplier delivers to Customer,Поставщик поставляет Покупателю,
Delivery Warehouse,Доставка на склад,
Planned Quantity,Планируемое количество,
For Production,Для производства,
Work Order Qty,Кол-во заказа,
Produced Quantity,Добытое количество,
Used for Production Plan,Используется для производственного плана,
Sales Partner Type,Тип партнера по продажам,
Contact No.,Контактный номер,
Contribution (%),Вклад (%),
Contribution to Net Total,Вклад в Сумму,
Selling Settings,Настройки продаж,
Settings for Selling Module,Настройки по продаже модуля,
Customer Naming By,Именование клиентов По,
Campaign Naming By,Кампания Именование По,
Default Customer Group,Группа клиентов по умолчанию,
Default Territory,Территория по умолчанию,
Close Opportunity After Days,"Закрыть Выявление Через, дней",
Default Quotation Validity Days,"Число дней по умолчанию, в течение которых Предложение действительно",
Sales Update Frequency,Периодичность обновления продаж,
Each Transaction,Каждая транзакция,
SMS Center,Центр SMS-сообщений,
Send To,Отправить,
All Contact,Все контакты,
All Customer Contact,Контакты всех клиентов,
All Supplier Contact,Всем контактам поставщиков,
All Sales Partner Contact,Всем контактам торговых партнеров,
All Lead (Open),Всем лидам (Открыт),
All Employee (Active),Всем сотрудникам (Активный),
All Sales Person,Всем продавцам,
Create Receiver List,Создать список получателей,
Receiver List,Список получателей,
Messages greater than 160 characters will be split into multiple messages,"Сообщения с более, чем 160 символами, будут разделены на несколько",
Total Characters,Всего символов,
Total Message(s),Всего сообщений,
Authorization Control,Управление авторизацией,
Authorization Rule,Правило Авторизации,
Average Discount,Средняя скидка,
Customerwise Discount,Customerwise Скидка,
Itemwise Discount,Itemwise Скидка,
Customer or Item,Клиент или Продукт,
Customer / Item Name,Клиент / Название продукта,
Authorized Value,Авторизованное значение,
Applicable To (Role),Применимо к (Роль),
Applicable To (Employee),Применимо к (Сотрудник),
Applicable To (User),Применимо к (Пользователь),
Applicable To (Designation),Применимо к (Обозначение),
Approving Role (above authorized value),Утверждении роль (выше уставного стоимости),
Approving User  (above authorized value),Утверждении пользователь (выше уставного стоимости),
Brand Defaults,Бренд по умолчанию,
Legal Entity / Subsidiary with a separate Chart of Accounts belonging to the Organization.,"Юридическое лицо / Вспомогательный с отдельным Планом счетов бухгалтерского учета, принадлежащего Организации.",
Change Abbreviation,Изменить аббревиатуру,
Parent Company,Родительская компания,
Default Values,Значения по умолчанию,
Default Holiday List,По умолчанию Список праздников,
Default Selling Terms,Условия продажи по умолчанию,
Default Buying Terms,Условия покупки по умолчанию,
Create Chart Of Accounts Based On,"Создание плана счетов бухгалтерского учета, основанные на",
Standard Template,Стандартный шаблон,
Existing Company ,Существующая компания,
Chart Of Accounts Template,План счетов бухгалтерского учета шаблона,
Existing Company ,Существующие компании,
Date of Establishment,Дата создания,
Sales Settings,Настройки продаж,
Monthly Sales Target,Месячная цель продаж,
Sales Monthly History,История продаж в месяц,
Transactions Annual History,Ежегодная история транзакций,
Total Monthly Sales,Всего ежемесячных продаж,
Default Cash Account,Расчетный счет по умолчанию,
Default Receivable Account,Счет дебиторской задолженности по умолчанию,
Round Off Cost Center,Округление Стоимость центр,
Discount Allowed Account,Аккаунт со скидкой,
Discount Received Account,Аккаунт получен со скидкой,
Exchange Gain / Loss Account,Счет курсовой разницы,
Unrealized Exchange Gain/Loss Account,Нереализованная учетная ставка по обмену / убытку,
Allow Account Creation Against Child Company,Разрешить создание аккаунта против дочерней компании,
Default Payable Account,Счет кредиторской задолженности по умолчанию,
Default Employee Advance Account,Авансовый счет сотрудника по умолчанию,
Default Cost of Goods Sold Account,По умолчанию Себестоимость проданных товаров счет,
Default Income Account,Счет дохода по умолчанию,
Default Deferred Revenue Account,По умолчанию отложенная учетная запись,
Default Deferred Expense Account,Учетная запись по отложенному счету по умолчанию,
Default Payroll Payable Account,По умолчанию Payroll оплаты счетов,
Default Expense Claim Payable Account,Платежная учетная запись по умолчанию,
Stock Settings,Настройки запасов,
Enable Perpetual Inventory,Включить вечный инвентарь,
Default Inventory Account,Учетная запись по умолчанию,
Stock Adjustment Account,Регулирование счета запасов,
Fixed Asset Depreciation Settings,Параметры амортизации основных средств,
Series for Asset Depreciation Entry (Journal Entry),Идентификаторы для записи амортизации активов (запись в журнале),
Gain/Loss Account on Asset Disposal,Счет отражения прибыли / убытка от выбытия основных средств,
Asset Depreciation Cost Center,Центр Амортизация Стоимость активов,
Budget Detail,Бюджет Подробно,
Exception Budget Approver Role,Роль вспомогательного бюджета бюджета исключения,
Company Info,Информация о компании,
For reference only.,Только для справки.,
Company Logo,Логотип компании,
Date of Incorporation,Дата включения,
Date of Commencement,Дата начала,
Phone No,Номер телефона,
Company Description,Описание компании,
Registration Details,Регистрационные данные,
Company registration numbers for your reference. Tax numbers etc.,Регистрационные номера компании для вашей справки. Налоговые числа и т.д.,
Delete Company Transactions,Удалить транзакции компании,
Currency Exchange,Курс обмена валюты,
Specify Exchange Rate to convert one currency into another,Укажите Курс конвертировать одну валюту в другую,
From Currency,Из валюты,
To Currency,В валюту,
For Buying,Для покупки,
For Selling,Для продажи,
Customer Group Name,Название группы клиентов,
Parent Customer Group,Родительская группа клиента,
Only leaf nodes are allowed in transaction,Только листовые узлы допускаются в сделке,
Mention if non-standard receivable account applicable,Упоминание если нестандартная задолженность счет применимо,
Credit Limits,Кредитные лимиты,
Email Digest,Email-дайджест,
Send regular summary reports via Email.,Отправить регулярные сводные отчеты по электронной почте.,
Email Digest Settings,Настройки дайджеста электронной почты,
How frequently?,Периодичность,
Next email will be sent on:,Следующее письмо будет отправлено на:,
Note: Email will not be sent to disabled users,Примечание: электронная почта не будет отправляться отключенным пользователям.,
Profit & Loss,Прибыли и убытки,
New Income,Новые поступления,
New Expenses,Новые расходы,
Annual Income,Годовая прибыль,
Annual Expenses,годовые расходы,
Bank Balance,Банковский остаток,
Bank Credit Balance,Банковский кредитный баланс,
Receivables,Дебиторская задолженность,
Payables,Кредиторская задолженность,
Sales Orders to Bill,Сделки для выставления Счетов,
Purchase Orders to Bill,Заказы на поставку для счета,
New Sales Orders,Новые Сделки,
New Purchase Orders,Новые заказы,
Sales Orders to Deliver,Сделки для Доставки,
Purchase Orders to Receive,Заказы на поставку для получения,
New Purchase Invoice,Новый счет на покупку,
New Quotations,Новые Предложения,
Open Quotations,Созданные Предложения,
Open Issues,Открытые вопросы,
Open Projects,Открытые проекты,
Purchase Orders Items Overdue,Элементы заказа на поставку просрочены,
Upcoming Calendar Events,Предстоящие события календаря,
Open To Do,Открытые задачи,
Add Quote,Добавить предложение,
Global Defaults,Глобальные настройки по умолчанию,
Default Company,Компания по умолчанию,
Current Fiscal Year,Текущий финансовый год,
Default Distance Unit,Единица измерения по умолчанию,
Hide Currency Symbol,Скрыть символ валюты,
Do not show any symbol like $ etc next to currencies.,Не показывать любой символ вроде $ и т.д. рядом с валютами.,
"If disable, 'Rounded Total' field will not be visible in any transaction","Если отключить, 'закругленными Всего' поле не будет виден в любой сделке",
Disable In Words,Отключить в словах,
"If disable, 'In Words' field will not be visible in any transaction","Если отключить, &quot;В словах&quot; поле не будет видно в любой сделке",
Item Classification,Классификация товаров,
General Settings,Основные настройки,
Item Group Name,Название группы продуктов,
Parent Item Group,Родительская группа товаров,
Item Group Defaults,Группа товаров по умолчанию,
Item Tax,Налог на продукт,
Check this if you want to show in website,"Установите этот флажок, если вы хотите показывать на веб-сайте",
Show this slideshow at the top of the page,Показать этот слайд-шоу в верхней части страницы,
HTML / Banner that will show on the top of product list.,HTML / Баннер который будет отображаться в верхней части списка продуктов.,
Set prefix for numbering series on your transactions,Установить префикс для идентификаторов по номеру в ваших транзакциях,
Setup Series,Установка Идентификаторов,
Update Series,Обновить Идентификаторы,
Change the starting / current sequence number of an existing series.,Измените начальный / текущий порядковый номер существующей идентификации.,
Quotation Lost Reason,Причина Отказа от Предложения,
A third party distributor / dealer / commission agent / affiliate / reseller who sells the companies products for a commission.,"Сторонний дистрибьютер, ��илер, агент, филиал или реселлер, который продаёт продукты компании за комиссионное вознаграждение.",
Sales Partner Name,Имя партнера по продажам,
Partner Type,Тип партнера,
Address & Contacts,Адрес и контакты,
Address Desc,Адрес по убыванию,
Contact Desc,Описание контакта,
Sales Partner Target,Цели Партнера по продажам,
Targets,Цели,
Show In Website,Показать на сайте,
Referral Code,Промо-код,
To Track inbound purchase,Отслеживать входящие покупки,
Logo,Логотип,
Partner website,Сайт партнера,
All Sales Transactions can be tagged against multiple **Sales Persons** so that you can set and monitor targets.,Все сделок купли-продажи могут быть помечены против нескольких ** продавцы ** так что вы можете устанавливать и контролировать цели.,
Name and Employee ID,Имя и ID сотрудника,
Sales Person Name,Имя менеджера по продажам,
Parent Sales Person,Руководитель по продажам,
Select company name first.,В первую очередь выберите название компании.,
Sales Person Targets,Цели продавца,
Set targets Item Group-wise for this Sales Person.,Задайте цели Продуктовых Групп для Продавца,
Supplier Group Name,Название группы поставщиков,
Parent Supplier Group,Родительская группа поставщиков,
Target Detail,Детали целей,
Target Qty,Целевое количество,
Target  Amount,Целевая сумма,
Target Distribution,Распределение целевых показателей,
"Standard Terms and Conditions that can be added to Sales and Purchases.\n\nExamples:\n\n1. Validity of the offer.\n1. Payment Terms (In Advance, On Credit, part advance etc).\n1. What is extra (or payable by the Customer).\n1. Safety / usage warning.\n1. Warranty if any.\n1. Returns Policy.\n1. Terms of shipping, if applicable.\n1. Ways of addressing disputes, indemnity, liability, etc.\n1. Address and Contact of your Company.","Стандартные положения и условия, которые могут быть добавлены к продажам и покупкам.\n\n Примеры: \n\n 1. Срок действия предложения.\n 1. Условия оплаты (заранее, в кредит, часть заранее и т.д.).\n 1. Что такое экстра (или подлежащей уплате Заказчиком).\n 1. Безопасность / предупреждение использования.\n 1. Гарантия, если таковые имеются.\n 1. Возвращает политики.\n 1. Условия доставки, если применимо.\n 1. Пути решения споров, возмещения, ответственности и т.д. \n 1. Адрес и контактная Вашей компании.",
Applicable Modules,Применимые модули,
Terms and Conditions Help,Правила и условия Помощь,
Classification of Customers by region,Классификация клиентов по регионам,
Territory Name,Название региона,
Parent Territory,Родительский регион,
Territory Manager,Региональный менеджер,
For reference,Для справки,
Territory Targets,Территория Цели,
Set Item Group-wise budgets on this Territory. You can also include seasonality by setting the Distribution.,"Установите группу товаров стрелке бюджеты на этой территории. Вы можете также включить сезонность, установив распределение.",
UOM Name,Название единицы измерения,
Check this to disallow fractions. (for Nos),"Проверьте это, чтобы запретить фракции. (Для №)",
Website Item Group,Продуктовая группа на сайте,
Cross Listing of Item in multiple groups,Крест Листинг пункта в нескольких группах,
Default settings for Shopping Cart,Настройки по умолчанию для корзину,
Enable Shopping Cart,Включить Корзина,
Display Settings,Настройки отображения,
Show Public Attachments,Показать общедоступные приложения,
Show Price,Показать цену,
Show Stock Availability,Показать наличие на складе,
Show Contact Us Button,Кнопка «Связаться с нами»,
Show Stock Quantity,Показать количество на складе,
Show Apply Coupon Code,Показать поле для ввода промокода,
Allow items not in stock to be added to cart,"Разрешить добавление в корзину товаров, которых нет в наличии",
Prices will not be shown if Price List is not set,"Цены не будут показаны, если прайс-лист не установлен",
Quotation Series,Идентификаторы Предложений,
Checkout Settings,Настройки оформления заказа,
Enable Checkout,Включить оформление заказа,
Payment Success Url,URL успешной оплаты,
After payment completion redirect user to selected page.,После завершения оплаты пользователь будет перенаправлен на выбранную страницу.,
Batch Details,Детали партии,
Batch ID,ID партии,
image,изображение,
Parent Batch,Родительская партия,
Manufacturing Date,Дата производства,
Batch Quantity,Количество партии,
Batch UOM,Пакетная единица измерения,
Source Document Type,Тип исходного документа,
Source Document Name,Имя исходного документа,
Batch Description,Описание партии,
Bin,Ячейка,
Reserved Quantity,Зарезервированное количество,
Actual Quantity,Фактическое количество,
Requested Quantity,Запрашиваемое количество,
Reserved Qty for sub contract,Зарезервированное количество для субдоговора,
Moving Average Rate,Скользящий средний курс,
FCFS Rate,Уровень FCFS,
Customs Tariff Number,Номер таможенного тарифа,
Tariff Number,Тарифный номер,
Delivery To,Доставка,
Is Return,Возврат,
Issue Credit Note,Выпустить кредитное авизо,
Return Against Delivery Note,Возврат по накладной,
Customer's Purchase Order No,Заказ клиента №,
Billing Address Name,Название адреса для выставления счета,
Required only for sample item.,Требуется только для образца товара.,
"If you have created a standard template in Sales Taxes and Charges Template, select one and click on the button below.","Если вы создали стандартный шаблон в Шаблоне налогов и сборов с продаж, выберите его и нажмите кнопку ниже.",
In Words will be visible once you save the Delivery Note.,Сумма прописью будет видна после сохранения накладной.,
In Words (Export) will be visible once you save the Delivery Note.,Сумма прописью (экспорт) будет видна после сохранения накладной.,
Transporter Info,Информация для транспортировки,
Driver Name,Имя водителя,
Track this Delivery Note against any Project,Подписка на Delivery Note против любого проекта,
Inter Company Reference,Справочник Интер,
Print Without Amount,Распечатать без суммы,
% Installed,% Установлено,
% of materials delivered against this Delivery Note,% материалов доставлено по данной Накладной,
Installation Status,Состояние установки,
Excise Page Number,Количество Акцизный Страница,
Instructions,Инструкции,
From Warehouse,Со склада,
Against Sales Order,По сделке,
Against Sales Order Item,По позиции сделки,
Against Sales Invoice,Повторная накладная,
Against Sales Invoice Item,Счет на продажу продукта,
Available Batch Qty at From Warehouse,Доступное количество партии на складе отправления,
Available Qty at From Warehouse,Доступное количество на складе отправления,
Delivery Settings,Настройки доставки,
Dispatch Settings,Настройки отправки,
Dispatch Notification Template,Шаблон уведомления об отправке,
Dispatch Notification Attachment,Отправка уведомления,
Leave blank to use the standard Delivery Note format,Оставьте пустым для использования стандартного формата Отчета доставки,
Send with Attachment,Отправить с прикрепленным файлом,
Delay between Delivery Stops,Задержка между поставками,
Delivery Stop,Остановить доставку,
Lock,Заблокировано,
Visited,Посещен,
Order Information,Информация о заказе,
Contact Information,Контактная информация,
Email sent to,Письмо отправлено,
Dispatch Information,Информация о доставке,
Estimated Arrival,Ожидаемое прибытие,
Initial Email Notification Sent,Первоначальное уведомление отправлено по email,
Delivery Details,Подробности доставки,
Driver Email,Электронная почта водителя,
Driver Address,Адрес водителя,
Total Estimated Distance,Общее расчетное расстояние,
Distance UOM,Единица измерения расстояния,
Departure Time,Время отправления,
Delivery Stops,Остановить доставки,
Calculate Estimated Arrival Times,Рассчитать расчетное время прибытия,
Use Google Maps Direction API to calculate estimated arrival times,Используйте API Google Maps Direction для расчета предполагаемого времени прибытия,
Optimize Route,Оптимизировать маршрут,
Use Google Maps Direction API to optimize route,Используйте API Google Maps Direction для оптимизации маршрута,
In Transit,В процессе доставки,
Fulfillment User,Пользователь выполнения,
"A Product or a Service that is bought, sold or kept in stock.","Продукт или услуга, которая покупается, продается, или хранится на складе.",
Variant Of,Вариант товара,
"If item is a variant of another item then description, image, pricing, taxes etc will be set from the template unless explicitly specified","Если продукт — вариант другого продукта, то описание, изображение, цена, налоги и т. д., будут установлены из шаблона, если не указано другое",
Is Item from Hub,Товар из хаба,
Default Unit of Measure,Единица измерения по умолчанию,
Maintain Stock,Поддержание запасов,
Standard Selling Rate,Стандартная ставка продажи,
Auto Create Assets on Purchase,Автоматически создавать активы при покупке,
Asset Naming Series,Идентификация Активов по имени,
Over Delivery/Receipt Allowance (%),Допустимое отклонение при поставке/получении (%),
Barcodes,Штрихкоды,
Shelf Life In Days,Срок хранения в днях,
End of Life,Конец срока службы,
Default Material Request Type,Тип заявки на материалы по умолчанию,
Valuation Method,Метод оценки,
FIFO,FIFO (ФИФО),
Moving Average,Скользящее среднее,
Warranty Period (in days),Гарантийный период (дней),
Auto re-order,Автоматический перезаказ,
Reorder level based on Warehouse,Уровень переупорядочивания на основе склада,
Will also apply for variants unless overrridden,"Также применяется к вариантам, если не переопределено",
Units of Measure,Единицы измерения,
Will also apply for variants,Также применять к модификациям,
Serial Nos and Batches,Серийные номера и партии,
Has Batch No,Имеет номер партии,
Automatically Create New Batch,Автоматически создавать новую группу,
Batch Number Series,Серия номеров партии,
"Example: ABCD.#####. If series is set and Batch No is not mentioned in transactions, then automatic batch number will be created based on this series. If you always want to explicitly mention Batch No for this item, leave this blank. Note: this setting will take priority over the Naming Series Prefix in Stock Settings.","Пример: ABCD. #####. Если серия установлена, а номер партии не упоминается в транзакциях, то на основе этой серии автоматически будет создан номер партии. Если вы хотите всегда специально указывать номер партии для этого продукта, оставьте это поле пустым. Примечание: эта настройка будет иметь приоритет над Префиксом идентификации по имени в Настройках Склада.",
Has Expiry Date,Имеет дату истечения срока действия,
Retain Sample,Сохранить образец,
Max Sample Quantity,Максимальное количество образцов,
Maximum sample quantity that can be retained,"Максимальное количество образцов, которое можно сохранить",
Has Serial No,Имеет серийный номер,
Serial Number Series,Серия серийных номеров,
"Example: ABCD.#####\nIf series is set and Serial No is not mentioned in transactions, then automatic serial number will be created based on this series. If you always want to explicitly mention Serial Nos for this item. leave this blank.","Пример: ABCD.##### Если серия установлена, и серийный номер не указан в транзакциях, то он будет создан автоматически на основе этой серии. Если вы хотите всегда указывать серийные номера для этого товара вручную, оставьте это поле пустым.",
Variants,Варианты товара,
Has Variants,Имеет варианты товара,
"If this item has variants, then it cannot be selected in sales orders etc.","Если у товара есть варианты, он не может быть выбран в заказах на продажу и т.д.",
Variant Based On,Вариант на основе,
Item Attribute,Атрибут товара,
"Sales, Purchase, Accounting Defaults","Продажи, закупки, бухгалтерские настройки по умолчанию",
Item Defaults,Параметры товара по умолчанию,
"Purchase, Replenishment Details","Закупки, детали пополнения",
Is Purchase Item,Является закупаемым товаром,
Default Purchase Unit of Measure,Единица измерения закупки по умолчанию,
Minimum Order Qty,Минимальное количество заказа,
Minimum quantity should be as per Stock UOM,Минимальное количество должно соответствовать складской единице измерения,
Average time taken by the supplier to deliver,"Среднее время, необходимое поставщику на доставку",
Is Customer Provided Item,Предоставляется клиентом,
Delivered by Supplier (Drop Ship),Прямая поставка от поставщика,
Supplier Items,Товары поставщика,
Foreign Trade Details,Сведения о внешней торговле,
Country of Origin,Страна происхождения,
Sales Details,Детали продажи,
Default Sales Unit of Measure,Единица измерения продаж по умолчанию,
Is Sales Item,Является продаваемым товаром,
Max Discount (%),Максимальная скидка (%),
No of Months,Количество месяцев,
Customer Items,Товары клиента,
Inspection Criteria,Критерии проверки,
Inspection Required before Purchase,Требуется проверка перед закупкой,
Inspection Required before Delivery,Требуется проверка перед отгрузкой,
Default BOM,Спецификация по умолчанию,
Supply Raw Materials for Purchase,Поставка сырья для закупки,
If subcontracted to a vendor,При передаче на субподряд поставщику,
Customer Code,Код клиента,
Default Item Manufacturer,Производитель товара по умолчанию,
Default Manufacturer Part No,Номер детали производителя по умолчанию,
Show in Website (Variant),Показать на сайте (вариант),
Items with higher weightage will be shown higher,Товары с большим весом будут показаны выше,
Show a slideshow at the top of the page,Показать слайд-шоу в верхней части страницы,
Website Image,Изображение для сайта,
Website Warehouse,Склад для веб-сайта,
"Show ""In Stock"" or ""Not in Stock"" based on stock available in this warehouse.",Показывать «В наличии» или «Нет в наличии» на основе остатков на этом складе,
Website Item Groups,Группы товаров на сайте,
List this Item in multiple groups on the website.,Показать этот товар в нескольких группах на сайте,
Copy From Item Group,Копировать из группы товаров,
Website Content,Содержимое веб-сайта,
You can use any valid Bootstrap 4 markup in this field. It will be shown on your Item Page.,В этом поле можно использовать любую допустимую разметку Bootstrap 4. Она будет показана на странице товара.,
Total Projected Qty,Общее планируемое количество,
Hub Publishing Details,Детали публикации в хабе,
Publish in Hub,Опубликовать в хабе,
Publish Item to hub.erpnext.com,Опубликовать товар в hub.erpnext.com,
Hub Category to Publish,Категория для публикации в хабе,
Hub Warehouse,Склад хаба,
"Publish ""In Stock"" or ""Not in Stock"" on Hub based on stock available in this warehouse.",Публиковать «В наличии» или «Нет в наличии» в хабе на основе остатков на этом складе,
Synced With Hub,Синхронизировано с хабом,
Item Alternative,Альтернативный товар,
Alternative Item Code,Альтернативный код товара,
Two-way,Двусторонний,
Alternative Item Name,Альтернативное название товара,
Attribute Name,Название атрибута,
Numeric Values,Числовые значения,
From Range,Начало диапазона,
Increment,Приращение,
To Range,Конец диапазона,
Item Attribute Values,Значения атрибутов товара,
Item Attribute Value,Значение атрибута товара,
Attribute Value,Значение атрибута,
Abbreviation,Аббревиатура,
"This will be appended to the Item Code of the variant. For example, if your abbreviation is ""SM"", and the item code is ""T-SHIRT"", the item code of the variant will be ""T-SHIRT-SM""","Это будет добавлено к коду варианта товара. Например, если аббревиатура ""SM"", а код товара ""T-SHIRT"", то код варианта будет ""T-SHIRT-SM""",
Item Barcode,Штрихкод товара,
Barcode Type,Тип штрихкода,
Item Customer Detail,Детали клиента по товару,
"For the convenience of customers, these codes can be used in print formats like Invoices and Delivery Notes","Для удобства клиентов эти коды могут использоваться в печатных формах, таких как счета и накладные",
Ref Code,Код ссылки,
Item Default,Параметры товара по умолчанию,
Purchase Defaults,Параметры закупки по умолчанию,
Default Buying Cost Center,Центр затрат закупок по умолчанию,
Default Supplier,Поставщик по умолчанию,
Default Expense Account,Счет расходов по умолчанию,
Sales Defaults,Параметры продаж по умолчанию,
Default Selling Cost Center,Центр затрат продаж по умолчанию,
Item Manufacturer,Производитель товара,
Item Price,Цена товара,
Packing Unit,Единица упаковки,
Quantity  that must be bought or sold per UOM,"Количество, которое должно быть куплено или продано за единицу измерения",
Item Quality Inspection Parameter,Параметр проверки качества товара,
Acceptance Criteria,Критерии приемки,
Item Reorder,Повторный заказ товара,
Check in (group),Регистрация (группа),
Request for,Заявка на,
Re-order Level,Уровень повторного заказа,
Re-order Qty,Количество повторного заказа,
Item Supplier,Поставщик товара,
Item Variant,Вариант товара,
Item Variant Attribute,Атрибут варианта товара,
Do not update variants on save,Не обновлять варианты при сохранении,
Fields will be copied over only at time of creation.,Поля будут скопированы только при создании,
Allow Rename Attribute Value,Разрешить переименование значения атрибута,
Rename Attribute Value in Item Attribute.,Переименовать значение атрибута в атрибуте товара,
Copy Fields to Variant,Копировать поля в вариант товара,
Item Website Specification,Спецификация товара для сайта,
Table for Item that will be shown in Web Site,"Таблица товара, которая будет показана на веб-сайте",
Landed Cost Item,Позиция складской стоимости,
Receipt Document Type,Тип документа получения,
Receipt Document,Документ получения,
Applicable Charges,Применимые сборы,
Purchase Receipt Item,Позиция документа получения,
Landed Cost Purchase Receipt,Документ получения со складской стоимостью,
Landed Cost Taxes and Charges,Налоги и сборы складской стоимости,
Landed Cost Voucher,Документ складской стоимости,
Purchase Receipts,Документы получения,
Purchase Receipt Items,Позиции документов получения,
Get Items From Purchase Receipts,Получить позиции из документов получения,
Distribute Charges Based On,Распределить сборы на основе,
Landed Cost Help,Справка по складской стоимости,
Manufacturers used in Items,Производители используемые в товарах,
Limited to 12 characters,Ограничено 12 символами,
Partially Ordered,Частично заказано,
Transferred,Перемещено,
% Ordered,% заказано,
Terms and Conditions Content,Содержание условий,
Quantity and Warehouse,Количество и склад,
Lead Time Date,Дата выполнения заказа,
Min Order Qty,Минимальное количество заказа,
Packed Item,Упакованный товар,
To Warehouse (Optional),На склад (необязательно),
Actual Batch Quantity,Фактическое количество в партии,
Prevdoc DocType,Тип предыдущего документа,
Parent Detail docname,Имя родительского документа,
"Generate packing slips for packages to be delivered. Used to notify package number, package contents and its weight.","Создание упаковочных листов для доставляемых упаковок. Используется для указания номера упаковки, её содержимого и веса.",
Indicates that the package is a part of this delivery (Only Draft),"Указывает, что упаковка является частью этой поставки (только черновик)",
From Package No.,От номера упаковки,
Identification of the package for the delivery (for print),Идентификация упаковки для доставки (для печати),
To Package No.,До номера упаковки,
If more than one package of the same type (for print),Если несколько упаковок одного типа (для печати),
Package Weight Details,Детали веса упаковки,
The net weight of this package. (calculated automatically as sum of net weight of items),Вес нетто этой упаковки (рассчитывается автоматически как сумма веса нетто товаров),
Net Weight UOM,Единица измерения веса нетто,
Gross Weight,Вес брутто,
The gross weight of the package. Usually net weight + packaging material weight. (for print),Вес брутто упаковки. Обычно вес нетто + вес упаковочных материалов (для печати),
Gross Weight UOM,Единица измерения веса брутто,
Packing Slip Item,Позиция упаковочного листа,
DN Detail,Детали накладной,
Material Transfer for Manufacture,Перемещение материалов для производства,
Qty of raw materials will be decided based on the qty of the Finished Goods Item,Количество сырья будет определено на основе количества готовой продукции,
Parent Warehouse,Родительский склад,
Items under this warehouse will be suggested,Товары на этом складе будут предложены,
Get Item Locations,Получить расположение товаров,
Item Locations,Расположение товаров,
Pick List Item,Позиция списка подбора,
Picked Qty,Подобранное количество,
Price List Master,Основной прайс-лист,
Price List Name,Название прайс-листа,
Price Not UOM Dependent,Цена не зависит от единицы измерения,
Applicable for Countries,Применимо для стран,
Price List Country,Страна прайс-листа,
Supplier Delivery Note,Накладная поставщика,
Time at which materials were received,Время получения материалов,
Return Against Purchase Receipt,Возврат по документу получения,
Rate at which supplier's currency is converted to company's base currency,Курс конвертации валюты поставщика в базовую валюту компании,
Sets 'Accepted Warehouse' in each row of the items table.,Устанавливает 'Склад принятых товаров' в каждой строке таблицы товаров,
Sets 'Rejected Warehouse' in each row of the items table.,Устанавливает 'Склад отбракованных товаров' в каждой строке таблицы товаров,
Raw Materials Consumed,Использованное сырье,
Get Current Stock,Получить текущие остатки,
Consumed Items,Использованные товары,
Add / Edit Taxes and Charges,Добавить/изменить налоги и сборы,
Auto Repeat Detail,Детали автоповтора,
Transporter Details,Детали перевозчика,
Vehicle Number,Номер транспортного средства,
Vehicle Date,Дата транспортного средства,
Received and Accepted,Получено и принято,
Accepted Quantity,Принятое количество,
Rejected Quantity,Отбракованное количество,
Accepted Qty as per Stock UOM,Принятое количество в складских единицах измерения,
Sample Quantity,Количество образцов,
Rate and Amount,Ставка и сумма,
Report Date,Дата отчета,
Inspection Type,Тип проверки,
Item Serial No,Серийный номер товара,
Sample Size,Размер образца,
Inspected By,Проверил,
Readings,Показания,
Quality Inspection Reading,Показания контроля качества,
Reading 1,Показание 1,
Reading 2,Показание 2,
Reading 3,Показание 3,
Reading 4,Показание 4,
Reading 5,Показание 5,
Reading 6,Показание 6,
Reading 7,Показание 7,
Reading 8,Показание 8,
Reading 9,Показание 9,
Reading 10,Показание 10,
Quality Inspection Template Name,Название шаблона контроля качества,
Quick Stock Balance,Быстрый баланс запасов,
Available Quantity,Доступное количество,
Distinct unit of an Item,Отдельная единица товара,
Warehouse can only be changed via Stock Entry / Delivery Note / Purchase Receipt,Склад может быть изменен только через складскую операцию / накладную / документ получения,
Purchase / Manufacture Details,Детали закупки/производства,
Creation Document Type,Тип документа создания,
Creation Document No,Номер документа создания,
Creation Date,Дата создания,
Creation Time,Время создания,
Asset Details,Сведения об основных средствах,
Asset Status,Состояние основного средства,
Delivery Document Type,Тип документа доставки,
Delivery Document No,Номер документа доставки,
Delivery Time,Время доставки,
Invoice Details,Сведения о счете,
Warranty / AMC Details,Сведения о гарантии / сервисном обслуживании,
Warranty Expiry Date,Дата окончания гарантии,
AMC Expiry Date,Дата окончания сервисного обслуживания,
Under Warranty,На гарантии,
Out of Warranty,Гарантия истекла,
Under AMC,На сервисном обслуживании,
Out of AMC,Сервисное обслуживание истекло,
Warranty Period (Days),Гарантийный срок (дней),
Serial No Details,Сведения о серийном номере,
Stock Entry Type,Тип складской операции,
Stock Entry (Outward GIT),Складская операция (исходящий GIT),
Material Consumption for Manufacture,Расход материалов для производства,
Repack,Переупаковка,
Send to Subcontractor,Отправить субподрядчику,
Delivery Note No,№ накладной на доставку,
Sales Invoice No,№ счета на продажу,
Purchase Receipt No,№ документа получения,
Inspection Required,Требуется проверка,
From BOM,Из спецификации,
For Quantity,Для количества,
As per Stock UOM,По складской единице измерения,
Including items for sub assemblies,Включая компоненты для подсборок,
Default Source Warehouse,Склад-источник по умолчанию,
Source Warehouse Address,Адрес склада-источника,
Default Target Warehouse,Склад назначения по умолчанию,
Target Warehouse Address,Адрес склада назначения,
Update Rate and Availability,Обновить цену и наличие,
Total Incoming Value,Общая входящая стоимость,
Total Outgoing Value,Общая исходящая стоимость,
Total Value Difference (Out - In),Общая разница в стоимости (Исх - Вх),
Additional Costs,Дополнительные расходы,
Total Additional Costs,Общие дополнительные расходы,
Customer or Supplier Details,Сведения о клиенте или поставщике,
Per Transferred,За перемещение,
Stock Entry Detail,Детали складской операции,
Basic Rate (as per Stock UOM),Базовая цена (по складской единице измерения),
Basic Amount,Базовая сумма,
Additional Cost,Дополнительные расходы,
Serial No / Batch,Серийный номер / Партия,
BOM No. for a Finished Good Item,Номер спецификации для готового изделия,
Material Request used to make this Stock Entry,Заявка на материалы для этой складской операции,
Subcontracted Item,Товар на субподряде,
Against Stock Entry,По складской операции,
Stock Entry Child,Дочерняя складская операция,
PO Supplied Item,Позиция поставки по заказу,
Reference Purchase Receipt,Ссылка на документ получения,
Stock Ledger Entry,Запись в складском регистре,
Outgoing Rate,Исходящая цена,
Actual Qty After Transaction,Фактическое количество после операции,
Stock Value Difference,Разница в стоимости запасов,
Stock Queue (FIFO),Очередь запасов (FIFO),
Is Cancelled,Отменено,
Stock Reconciliation,Инвентаризация запасов,
This tool helps you to update or fix the quantity and valuation of stock in the system. It is typically used to synchronise the system values and what actually exists in your warehouses.,Этот инструмент помогает обновить или исправить количество и оценку запасов в системе. Обычно используется для синхронизации значений в системе с фактическим наличием на складах.,
Reconciliation JSON,JSON инвентаризации,
Stock Reconciliation Item,Позиция инвентаризации запасов,
Before reconciliation,До инвентаризации,
Current Serial No,Текущий серийный номер,
Current Valuation Rate,Текущая цена оценки,
Current Amount,Текущая сумма,
Quantity Difference,Разница в количестве,
Amount Difference,Разница в сумме,
Item Naming By,Наименование товара по,
Default Item Group,Группа товаров по умолчанию,
Default Stock UOM,Складская единица измерения по умолчанию,
Sample Retention Warehouse,Склад хранения образцов,
Default Valuation Method,Метод оценки по умолчанию,
Show Barcode Field,Показывать поле штрихкода,
Convert Item Description to Clean HTML,Преобразовать описание товара в чистый HTML,
Allow Negative Stock,Разрешить отрицательные остатки,
Automatically Set Serial Nos based on FIFO,Автоматически устанавливать серийные номера по FIFO,
Auto Material Request,Автоматическая заявка на материалы,
Inter Warehouse Transfer Settings,Настройки перемещения между складами,
Freeze Stock Entries,Заморозить складские операции,
Stock Frozen Upto,Запасы заморожены до,
Batch Identification,Идентификация партии,
Use Naming Series,Использовать серию номеров,
Naming Series Prefix,Префикс серии номеров,
UOM Category,Категория единиц измерения,
UOM Conversion Detail,Детали преобразования единиц измерения,
Variant Field,Поле варианта,
A logical Warehouse against which stock entries are made.,"Логический склад, по которому выполняются складские операции",
Warehouse Detail,Сведения о складе,
Warehouse Name,Название склада,
Warehouse Contact Info,Контактная информация склада,
Raised By (Email),Создал (Email),
Issue Type,Тип обращения,
Issue Split From,Разделено из обращения,
Service Level,Уровень обслуживания,
Response By,Ответственный,
Response By Variance,Отклонение по срокам ответа,
Ongoing,В процессе,
Resolution By,Срок решения,
Resolution By Variance,Отклонение по срокам решения,
Service Level Agreement Creation,Создание соглашения об уровне обслуживания,
First Responded On,Дата первого ответа,
Resolution Details,Детали решения,
Opening Date,Дата открытия,
Opening Time,Время открытия,
Resolution Date,Дата решения,
Via Customer Portal,Через портал клиентов,
Support Team,Команда поддержки,
Issue Priority,Приоритет обращения,
Service Day,День обслуживания,
Workday,Рабочий день,
Default Priority,Приоритет по умолчанию,
Priorities,Приоритеты,
Support Hours,Часы поддержки,
Support and Resolution,Поддержка и решение,
Default Service Level Agreement,Соглашение об уровне обслуживания по умолчанию,
Entity,Сущность,
Agreement Details,Детали соглашения,
Response and Resolution Time,Время ответа и решения,
Service Level Priority,Приоритет уровня обслуживания,
Resolution Time,Время решения,
Support Search Source,Источник поиска в поддержке,
Source Type,Тип источника,
Query Route String,Строка маршрута запроса,
Search Term Param Name,Имя параметра поискового запроса,
Response Options,Параметры ответа,
Response Result Key Path,Путь к ключу результата ответа,
Post Route String,Строка маршрута публикации,
Post Route Key List,Список ключей маршрута публикации,
Post Title Key,Ключ заголовка публикации,
Post Description Key,Ключ описания публикации,
Link Options,Параметры ссылки,
Source DocType,Исходный тип документа,
Result Title Field,Поле заголовка результата,
Result Preview Field,Поле предпросмотра результата,
Result Route Field,Поле маршрута результата,
Service Level Agreements,Соглашения об уровне обслуживания,
Track Service Level Agreement,Отслеживание соглашения об уровне обслуживания,
Allow Resetting Service Level Agreement,Разрешить сброс соглашения об уровне обслуживания,
Close Issue After Days,Закрыть обращение через дней,
Auto close Issue after 7 days,Автоматически закрыть обращение через 7 дней,
Support Portal,Портал поддержки,
Get Started Sections,Разделы для начала работы,
Show Latest Forum Posts,Показать последние сообщения форума,
Forum Posts,Сообщения форума,
Forum URL,URL форума,
Get Latest Query,Получить последний запрос,
Response Key List,Список ключей ответа,
Post Route Key,Ключ маршрута публикации,
Search APIs,Поиск API,
Issue Date,Дата обращения,
Item and Warranty Details,Сведения о товаре и гарантии,
Warranty / AMC Status,Статус гарантии / сервисного обслуживания,
Resolved By,Решено,
Service Address,Адрес сервисного обслуживания,
If different than customer address,Если отличается от адреса клиента,
Raised By,Создано,
From Company,От компании,
Rename Tool,Инструмент переименования,
Utilities,Утилиты,
Type of document to rename.,Тип документа для переименования,
File to Rename,Файл для переименования,
"Attach .csv file with two columns, one for the old name and one for the new name","Прикрепите файл .csv с двумя столбцами: один для старого имени, другой для нового",
Rename Log,Журнал переименований,
SMS Log,Журнал SMS,
Sender Name,Имя отправителя,
Sent On,Отправлено,
No of Requested SMS,Количество запрошенных SMS,
Requested Numbers,Запрошенные номера,
No of Sent SMS,Количество отправленных SMS,
Sent To,Отправлено,
Absent Student Report,Отчет об отсутствующих студентах,
Assessment Plan Status,Статус плана оценивания,
Asset Depreciation Ledger,Журнал амортизации основных средств,
Asset Depreciations and Balances,Амортизация и остатки основных средств,
Available Stock for Packing Items,Доступные запасы для комплектации товаров,
Bank Clearance Summary,Сводка банковских клирингов,
Batch Item Expiry Status,Статус срока годности партии товара,
Batch-Wise Balance History,История остатков по партиям,
BOM Explorer,Обозреватель спецификаций,
BOM Search,Поиск спецификаций,
BOM Stock Calculated,Расчет запасов по спецификации,
BOM Variance Report,Отчет об отклонениях спецификации,
Campaign Efficiency,Эффективность кампании,
Cash Flow,Движение денежных средств,
Completed Work Orders,Завершенные производственные заказы,
To Produce,К производству,
Produced,Произведено,
Consolidated Financial Statement,Консолидированная финансовая отчетность,
Course wise Assessment Report,Отчет по оценкам курса,
Customer Acquisition and Loyalty,Привлечение и лояльность клиентов,
Customer Credit Balance,Кредитный баланс клиента,
Customer Ledger Summary,Сводка по книге клиентов,
Customer-wise Item Price,Цены товаров по клиентам,
Customers Without Any Sales Transactions,Клиенты без торговых операций,
Daily Timesheet Summary,Сводка по ежедневным табелям,
Delayed Item Report,Отчет по задержанным товарам,
Delayed Order Report,Отчет по задержанным заказам,
Delivered Items To Be Billed,Доставленные товары к выставлению счета,
Delivery Note Trends,Динамика накладных на доставку,
Electronic Invoice Register,Реестр электронных счетов,
Employee Billing Summary,Сводка по расчетам с сотрудниками,
Employee Birthday,День рождения сотрудника,
Employee Information,Информация о сотруднике,
Employee Leave Balance,Баланс отпусков сотрудника,
Employee Leave Balance Summary,Сводка по балансу отпусков сотрудников,
Eway Bill,Электронная накладная,
Expiring Memberships,Истекающие членства,
Fichier des Ecritures Comptables [FEC],Fichier des Ecritures Comptables [FEC],
Final Assessment Grades,Итоговые оценки,
Fixed Asset Register,Реестр основных средств,
Gross and Net Profit Report,Отчет о валовой и чистой прибыли,
GST Itemised Purchase Register,Детализированный реестр закупок с НДС,
GST Itemised Sales Register,Детализированный реестр продаж с НДС,
GST Purchase Register,Реестр закупок с НДС,
GST Sales Register,Реестр продаж с НДС,
GSTR-1,GSTR-1,
GSTR-2,GSTR-2,
Hotel Room Occupancy,Занятость гостиничных номеров,
HSN-wise-summary of outward supplies,Сводка исходящих поставок по кодам ТН ВЭД,
Inactive Customers,Неактивные клиенты,
Inactive Sales Items,Неактивные позиции продаж,
IRS 1099,IRS 1099,
Issued Items Against Work Order,Выданные товары по производственному заказу,
Projected Quantity as Source,Планируемое количество как источник,
Item Balance (Simple),Остаток товара (простой),
Item Price Stock,Стоимость товара на складе,
Item Prices,Цены товара,
Item Shortage Report,Отчет о нехватке товаров,
Item Variant Details,Сведения о вариантах товара,
Item-wise Price List Rate,Цены товаров по прайс-листу,
Item-wise Purchase History,История закупок по товарам,
Item-wise Purchase Register,Реестр закупок по товарам,
Item-wise Sales History,История продаж по товарам,
Item-wise Sales Register,Реестр продаж по товарам,
Items To Be Requested,Товары к заказу,
Reserved,Зарезервировано,
Itemwise Recommended Reorder Level,Рекомендуемый уровень пополнения по товарам,
Lead Details,Сведения о лиде,
Lead Owner Efficiency,Эффективность ответственного за лид,
Lost Opportunity,Упущенная возможность,
Maintenance Schedules,Графики технического обслуживания,
Material Requests for which Supplier Quotations are not created,"Заявки на материалы, по которым нет коммерческих предложений поставщиков",
Open Work Orders,Открытые производственные заказы,
Qty to Deliver,Количество к доставке,
Patient Appointment Analytics,Аналитика записей пациентов,
Payment Period Based On Invoice Date,Период оплаты на основе даты счета,
Pending SO Items For Purchase Request,Позиции заказов на продажу для заявок на закупку,
Procurement Tracker,Отслеживание закупок,
Product Bundle Balance,Баланс комплекта товаров,
Production Analytics,Производственная аналитика,
Profit and Loss Statement,Отчет о прибылях и убытках,
Profitability Analysis,Анализ рентабельности,
Project Billing Summary,Сводка по расчетам по проекту,
Project wise Stock Tracking,Отслеживание запасов по проекту,
Project wise Stock Tracking ,Отслеживание запасов по проектам,
Prospects Engaged But Not Converted,"Вовлеченные, но не конвертированные потенциальные клиенты",
Purchase Analytics,Аналитика закупок,
Purchase Invoice Trends,Динамика счетов на закупку,
Qty to Receive,Количество к получению,
Received Qty Amount,Сумма полученного количества,
Billed Qty,Количество по счету,
Purchase Order Trends,Динамика заказов на закупку,
Purchase Receipt Trends,Динамика документов получения,
Purchase Register,Реестр закупок,
Quotation Trends,Динамика коммерческих предложений,
Received Items To Be Billed,Полученные товары к выставлению счета,
Qty to Order,Количество к заказу,
Requested Items To Be Transferred,Запрошенные товары к перемещению,
Qty to Transfer,Количество к перемещению,
Sales Analytics,Аналитика продаж,
Sales Invoice Trends,Динамика счетов на продажу,
Sales Order Trends,Динамика заказов на продажу,
Sales Partner Commission Summary,Сводка по комиссиям партнеров по продажам,
Sales Partner Target Variance based on Item Group,Отклонение от целей партнеров по продажам по группам товаров,
Sales Partner Transaction Summary,Сводка по операциям партнеров по продажам,
Sales Partners Commission,Комиссии партнеров по продажам,
Invoiced Amount (Exclusive Tax),Сумма по счету (без налога),
Average Commission Rate,Средняя ставка комиссии,
Sales Payment Summary,Сводка по оплатам продаж,
Sales Person Commission Summary,Сводка по комиссиям менеджеров по продажам,
Sales Person Target Variance Based On Item Group,Отклонение от целей менеджеров по продажам по группам товаров,
Sales Person-wise Transaction Summary,Сводка по операциям менеджеров по продажам,
Sales Register,Реестр продаж,
Serial No Service Contract Expiry,Окончание сервисного контракта по серийному номеру,
Serial No Status,Статус серийного номера,
Serial No Warranty Expiry,Окончание гарантии по серийному номеру,
Stock Ageing,Устаревание запасов,
Stock and Account Value Comparison,Сравнение стоимости запасов и бухгалтерских счетов,
Stock Projected Qty,Прогнозируемое количество запасов,
Student and Guardian Contact Details,Контактные данные студента и опекуна,
Student Batch-Wise Attendance,Посещаемость студентов по группам,
Student Fee Collection,Сбор платы за обучение,
Student Monthly Attendance Sheet,Ежемесячный табель посещаемости студентов,
Subcontracted Item To Be Received,Товары по субподряду к получению,
Subcontracted Raw Materials To Be Transferred,Сырье для передачи субподрядчику,
Supplier Ledger Summary,Сводка по книге поставщиков,
Supplier-Wise Sales Analytics,Аналитика продаж в разрезе поставщиков,
Support Hour Distribution,Распределение часов поддержки,
TDS Computation Summary,Сводка расчетов налога TDS,
TDS Payable Monthly,Ежемесячный налог TDS к уплате,
Territory Target Variance Based On Item Group,Отклонение от целей по территориям в разрезе групп товаров,
Territory-wise Sales,Продажи по территориям,
Total Stock Summary,Общая сводка по запасам,
Trial Balance,Оборотно-сальдовая ведомость,
Trial Balance (Simple),Оборотно-сальдовая ведомость (упрощенная),
Trial Balance for Party,Оборотно-сальдовая ведомость по контрагенту,
Warehouse wise Item Balance Age and Value,Срок хранения и стоимость товаров по складам,
Work Order Stock Report,Отчет по запасам производственного заказа,
Work Orders in Progress,Производственные заказы в работе,
Automatically Process Deferred Accounting Entry,Автоматическая обработка отложенных бухгалтерских проводок,
Bank Clearance,Банковская выверка,
Bank Clearance Detail,Детали банковской выверки,
Update Cost Center Name / Number,Обновить название/номер центра затрат,
Journal Entry Template,Шаблон бухгалтерской проводки,
Template Title,Название шаблона,
Journal Entry Type,Тип бухгалтерской проводки,
Journal Entry Template Account,Счет шаблона бухгалтерской проводки,
Process Deferred Accounting,Обработка отложенного учета,
Manual entry cannot be created! Disable automatic entry for deferred accounting in accounts settings and try again,Ручная проводка не может быть создана! Отключите автоматические проводки для отложенного учета в настройках и попробуйте снова,
End date cannot be before start date,Дата окончания не может быть раньше даты начала,
Total Counts Targeted,Общее целевое количество,
Total Counts Completed,Общее выполненное количество,
Counts Targeted: {0},Целевое количество: {0},
Material Request Warehouse,Склад для заявок на материалы,
Select warehouse for material requests,Выберите склад для заявок на материалы,
Transfer Materials For Warehouse {0},Перемещение материалов на склад {0},
Production Plan Material Request Warehouse,Склад для заявок на материалы производственного плана,
Sets 'Source Warehouse' in each row of the items table.,Устанавливает 'Склад-источник' в каждой строке таблицы товаров,
Sets 'Target Warehouse' in each row of the items table.,Устанавливает 'Склад назначения' в каждой строке таблицы товаров,
Show Cancelled Entries,Показать отмененные записи,
Backdated Stock Entry,Складская операция задним числом,
Row #{}: Currency of {} - {} doesn't matches company currency.,Строка №{}: валюта {} - {} не соответствует валюте компании,
{} Assets created for {},{} основных средств создано для {},
{0} Number {1} is already used in {2} {3},{0} Номер {1} уже используется в {2} {3},
Update Bank Clearance Dates,Обновить даты банковской выверки,
Healthcare Practitioner: ,Медицинский специалист: ,
Lab Test Conducted: ,Проведено лабораторное исследование: ,
Lab Test Event: ,Событие лабораторного исследования: ,
Lab Test Result: ,Результат лабораторного исследования: ,
Clinical Procedure conducted: ,Проведена клиническая процедура: ,
Therapy Session Charges: {0},Стоимость сеанса терапии: {0},
Therapy: ,Терапия: ,
Therapy Plan: ,План терапии: ,
Total Counts Targeted: ,Общее целевое количество: ,
Total Counts Completed: ,Общее выполненное количество: ,
Is Mandatory,Обязательно,
Service Received But Not Billed,"Услуга получена, но счет не выставлен",
Deferred Accounting Settings,Настройки отложенного учета,
Book Deferred Entries Based On,Создавать отложенные проводки на основе,
Days,Дней,
Months,Месяцев,
Book Deferred Entries Via Journal Entry,Создавать отложенные проводки через бухгалтерские записи,
Submit Journal Entries,Провести бухгалтерские проводки,
If this is unchecked Journal Entries will be saved in a Draft state and will have to be submitted manually,"Если этот флажок снят, бухгалтерские проводки будут сохранены как черновики и должны быть проведены вручную",
Enable Distributed Cost Center,Включить распределенный центр затрат,
Distributed Cost Center,Распределенный центр затрат,
Dunning,Управление дебиторской задолженностью,
Overdue Days,Дни просрочки,
Dunning Type,Тип напоминания о задолженности,
Dunning Fee,Комиссия за работу с задолженностью,
Dunning Amount,Сумма задолженности,
Resolved,Решено,
Unresolved,Не решено,
Printing Setting,Настройки печати,
Body Text,Текст письма,
Closing Text,Заключительный текст,
Resolve,Решить,
Dunning Letter Text,Текст письма о задолженности,
Is Default Language,Язык по умолчанию,
Letter or Email Body Text,Текст письма или email-сообщения,
Letter or Email Closing Text,Заключительный текст письма или email-сообщения,
Body and Closing Text Help,Справка по основному и заключительному тексту,
Overdue Interval,Интервал просрочки,
Dunning Letter,Письмо о задолженности,
"This section allows the user to set the Body and Closing text of the Dunning Letter for the Dunning Type based on language, which can be used in Print.",Этот раздел позволяет настроить основной и заключительный текст письма о задолженности для каждого типа напоминания на разных языках для использования при печати,
Reference Detail No,№ ссылочного документа,
Custom Remarks,Пользовательские примечания,
Please select a Company first.,Сначала выберите компанию,
"Row #{0}: Reference Document Type must be one of Sales Order, Sales Invoice, Journal Entry or Dunning","Строка №{0}: Тип ссылочного документа должен быть одним из следующих: Заказ на продажу, Счет на продажу, Бухгалтерская проводка или Напоминание о задолженности",
POS Closing Entry,Закрытие кассовой смены,
POS Opening Entry,Открытие кассовой смены,
POS Transactions,Кассовые операции,
POS Closing Entry Detail,Детали закрытия кассовой смены,
Opening Amount,Начальная сумма,
Closing Amount,Конечная сумма,
POS Closing Entry Taxes,Налоги при закрытии кассовой смены,
POS Invoice,Кассовый чек,
Consolidated Sales Invoice,Сводный счет на продажу,
Return Against POS Invoice,Возврат по кассовому чеку,
Consolidated,Сводный,
POS Invoice Item,Позиция кассового чека,
POS Invoice Merge Log,Журнал объединения кассовых чеков,
POS Invoices,Кассовые чеки,
Consolidated Credit Note,Сводная кредит-нота,
POS Invoice Reference,Ссылка на кассовый чек,
Set Posting Date,Установить дату проводки,
Opening Balance Details,Детали начального сальдо,
POS Opening Entry Detail,Детали открытия кассовой смены,
POS Payment Method,Способ оплаты в кассе,
Payment Methods,Способы оплаты,
Process Statement Of Accounts,Обработка выписок по счетам,
General Ledger Filters,Фильтры главной книги,
Customers,Клиенты,
Select Customers By,Выбрать клиентов по,
Fetch Customers,Получить список клиентов,
Send To Primary Contact,Отправить основному контакту,
Print Preferences,Настройки печати,
Include Ageing Summary,Включить анализ сроков задолженности,
Enable Auto Email,Включить автоматическую отправку email,
Filter Duration (Months),Период фильтрации (мес.),
CC To,Копия,
Help Text,Справочный текст,
Emails Queued,Emails в очереди,
Process Statement Of Accounts Customer,Обработка выписок по счетам клиента,
Billing Email,Email для выставления счетов,
Primary Contact Email,Email основного контакта,
PSOA Cost Center,Центр затрат для выписок,
PSOA Project,Проект для выписок,
Supplier GSTIN,GSTIN поставщика,
Place of Supply,Место поставки,
Select Billing Address,Выберите адрес для выставления счета,
GST Details,Детали НДС,
GST Category,Категория НДС,
Registered Regular,Обычный зарегистрированный,
Registered Composition,Зарегистрированный составной,
Unregistered,Незарегистрированный,
SEZ,Особая экономическая зона,
Overseas,Зарубежный,
UIN Holders,Держатели UIN,
With Payment of Tax,С уплатой налога,
Without Payment of Tax,Без уплаты налога,
Invoice Copy,Копия счета,
Original for Recipient,Оригинал для получателя,
Duplicate for Transporter,Дубликат для перевозчика,
Duplicate for Supplier,Дубликат для поставщика,
Triplicate for Supplier,Третий экземпляр для поставщика,
Reverse Charge,Обратное начисление,
Y,Да,
N,Нет,
E-commerce GSTIN,GSTIN электронной коммерции,
Reason For Issuing document,Причина выдачи документа,
01-Sales Return,01-Возврат продажи,
02-Post Sale Discount,02-Скидка после продажи,
03-Deficiency in services,03-Недостатки в услугах,
04-Correction in Invoice,04-Исправление в счете,
05-Change in POS,05-Изменение в кассе,
06-Finalization of Provisional assessment,06-Завершение предварительной оценки,
07-Others,07-Прочее,
Eligibility For ITC,Право на налоговый вычет,
Input Service Distributor,Дистрибьютор входящих услуг,
Import Of Service,Импорт услуг,
Import Of Capital Goods,Импорт основных средств,
Ineligible,Не имеет права,
All Other ITC,Все прочие налоговые вычеты,
Availed ITC Integrated Tax,Полученный интегрированный налоговый вычет,
Availed ITC Central Tax,Полученный центральный налоговый вычет,
Availed ITC State/UT Tax,Полученный региональный/UT налоговый вычет,
Availed ITC Cess,Полученный налоговый вычет Cess,
Is Nil Rated or Exempted,Нулевая ставка или освобождение от налогов,
Is Non GST,Не облагается НДС,
E-Way Bill No.,№ электронной накладной,
Is Consolidated,Сводный,
Billing Address GSTIN,GSTIN адреса выставления счета,
Customer GSTIN,GSTIN клиента,
GST Transporter ID,ID перевозчика НДС,
Distance (in km),Расстояние (в км),
Road,Автомобильный,
Air,Воздушный,
Rail,Железнодорожный,
Ship,Морской,
GST Vehicle Type,Тип транспортного средства для НДС,
Over Dimensional Cargo (ODC),Негабаритный груз (ODC),
Consumer,Потребитель,
Deemed Export,Условный экспорт,
Port Code,Код порта,
Shipping Bill Number,Номер транспортной накладной,
Shipping Bill Date,Дата транспортной накладной,
Subscription End Date,Дата окончания подписки,
Follow Calendar Months,Следовать календарным месяцам,
If this is checked subsequent new invoices will be created on calendar  month and quarter start dates irrespective of current invoice start date,"Если этот флажок установлен, последующие счета будут создаваться в начале календарного месяца и квартала независимо от даты начала текущего счета",
Generate New Invoices Past Due Date,Создавать новые счета после даты оплаты,
New invoices will be generated as per schedule even if current invoices are unpaid or past due date,"Новые счета будут создаваться по расписанию, даже если текущие счета не оплачены или просрочены",
Document Type ,Тип документа,
Subscription Price Based On,Цена подписки на основе,
Fixed Rate,Фиксированная ставка,
Based On Price List,На основе прайс-листа,
Monthly Rate,Ежемесячная ставка,
Cancel Subscription After Grace Period,Отменить подписку после льготного периода,
Source State,Исходное состояние,
Is Inter State,Межрегиональный,
Purchase Details,Детали закупки,
Depreciation Posting Date,Дата проводки амортизации,
"By default, the Supplier Name is set as per the Supplier Name entered. If you want Suppliers to be named by a  ","По умолчанию имя поставщика устанавливается в соответствии с введенным значением. Если вы хотите использовать другой способ именования поставщиков,",
choose the 'Naming Series' option.,выберите опцию 'Серия номеров',
Configure the default Price List when creating a new Purchase transaction. Item prices will be fetched from this Price List.,Настройте прайс-лист по умолчанию для новых закупочных операций. Цены товаров будут браться из этого прайс-листа.,
"If this option is configured 'Yes', ERPNext will prevent you from creating a Purchase Invoice or Receipt without creating a Purchase Order first. This configuration can be overridden for a particular supplier by enabling the 'Allow Purchase Invoice Creation Without Purchase Order' checkbox in the Supplier master.","Если установлено значение 'Да', ERPNext не позволит создать счет или документ получения без предварительного создания заказа на закупку. Это ограничение можно отменить для конкретного поставщика, включив опцию 'Разрешить создание счета без заказа на закупку' в карточке поставщика.",
"If this option is configured 'Yes', ERPNext will prevent you from creating a Purchase Invoice without creating a Purchase Receipt first. This configuration can be overridden for a particular supplier by enabling the 'Allow Purchase Invoice Creation Without Purchase Receipt' checkbox in the Supplier master.","Если установлено значение 'Да', ERPNext не позволит создать счет без предварительного создания документа получения. Это ограничение можно отменить для конкретного поставщика, включив опцию 'Разрешить создание счета без документа получения' в карточке поставщика.",
Quantity & Stock,Количество и наличие,
Call Details,Детали звонка,
Authorised By,Уполномоченный,
Signee (Company),Подпись (Компания),
Signed By (Company),Подписано (компанией),
First Response Time,Время первого отклика,
Request For Quotation,Запрос коммерческого предложения,
Opportunity Lost Reason Detail,Подробная информация о причине потери возможности,
Access Token Secret,Секрет токена доступа,
Add to Topics,Добавить в темы,
...Adding Article to Topics,...Добавление статьи в темы,
Add Article to Topics,Добавить статью в темы,
This article is already added to the existing topics,Эта статья уже добавлена в существующие темы,
Add to Programs,Добавить в программы,
Programs,Программы,
...Adding Course to Programs,...Добавление курса в программы,
Add Course to Programs,Добавить курс в программы,
This course is already added to the existing programs,Этот курс уже добавлен в существующие программы,
Learning Management System Settings,Настройки системы управления обучением,
Enable Learning Management System,Включить систему управления обучением,
Learning Management System Title,Название системы управления обучением,
...Adding Quiz to Topics,...Добавление викторины к темам,
Add Quiz to Topics,Добавить тест к темам,
This quiz is already added to the existing topics,Этот тест уже добавлен в существующие темы,
Enable Admission Application,Включить заявку на поступление,
Marking attendance,Отметка посещаемости,
Add Guardians to Email Group,Добавить опекунов в группу электронной почты,
Attendance Based On,Посещаемость на основе,
Check this to mark the student as present in case the student is not attending the institute to participate or represent the institute in any event.\n\n,"Установите этот флажок, чтобы отметить студента как присутствующего на случай, если он не посещает институт для участия или представления института в любом случае.",
Add to Courses,Добавить в курсы,
...Adding Topic to Courses,...Добавление темы в курсы,
Add Topic to Courses,Добавить тему в курсы,
This topic is already added to the existing courses,Эта тема уже добавлена в существующие курсы,
"If Shopify does not have a customer in the order, then while syncing the orders, the system will consider the default customer for the order","Если Shopify не имеет клиента в заказе, то при синхронизации заказов система будет рассматривать клиента по умолчанию для заказа.",
The accounts are set by the system automatically but do confirm these defaults,"Учетные записи устанавливаются системой автоматически, но подтвердите эти значения по умолчанию.",
Default Round Off Account,Счет округления по умолчанию,
Failed Import Log,Журнал неудачного импорта,
Fixed Error Log,Журнал фиксированных ошибок,
Company {0} already exists. Continuing will overwrite the Company and Chart of Accounts,"Компания {0} уже существует. Если продолжить, компания и План счетов будут перезаписаны.",
Meta Data,Метаданные,
Unresolve,Не разрешить,
Create Document,Создать документ,
Mark as unresolved,Отметить как неразрешенное,
TaxJar Settings,Настройки TaxJar,
Sandbox Mode,Тестовый режим,
Enable Tax Calculation,Включить налоговый расчет,
Create TaxJar Transaction,Создать транзакцию TaxJar,
Credentials,Полномочия,
Live API Key,Рабочий ключ API,
Sandbox API Key,Ключ API песочницы,
Configuration,Конфигурация,
Tax Account Head,Заведующий налоговым счетом,
Shipping Account Head,Руководитель отдела доставки,
Practitioner Name,ФИО врача,
Enter a name for the Clinical Procedure Template,Введите имя для шаблона клинической процедуры,
Set the Item Code which will be used for billing the Clinical Procedure.,"Установите код товара, который будет использоваться для выставления счета за клиническую процедуру.",
Select an Item Group for the Clinical Procedure Item.,Выберите группу элементов для элемента клинической процедуры.,
Clinical Procedure Rate,Стоимость медицинской процедуры,
Check this if the Clinical Procedure is billable and also set the rate.,"Отметьте это, если клиническая процедура оплачивается, а также установите ставку.",
Check this if the Clinical Procedure utilises consumables. Click ,"Проверьте это, если в клинической процедуре используются расходные материалы. Нажмите",
 to know more,узнать больше,
"You can also set the Medical Department for the template. After saving the document, an Item will automatically be created for billing this Clinical Procedure. You can then use this template while creating Clinical Procedures for Patients. Templates save you from filling up redundant data every single time. You can also create templates for other operations like Lab Tests, Therapy Sessions, etc.","Вы также можете указать для шаблона Медицинский отдел. После сохранения документа будет автоматически создана Позиция для выставления счета за эту Клиническую процедуру. Затем вы можете использовать этот шаблон при создании клинических процедур для пациентов. Шаблоны избавляют вас от постоянного заполнения избыточными данными. Вы также можете создавать шаблоны для других операций, таких как лабораторные тесты, сеансы терапии и т. Д.",
Descriptive Test Result,Описательное заключение,
Allow Blank,Разрешить пустой,
Descriptive Test Template,Шаблон описательного теста,
"If you want to track Payroll and other HRMS operations for a Practitoner, create an Employee and link it here.","Если вы хотите отслеживать заработную плату и другие операции HRMS для практикующего, создайте сотрудника и свяжите его здесь.",
Set the Practitioner Schedule you just created. This will be used while booking appointments.,"Установите расписание для практикующего, которое вы только что создали. Это будет использоваться при бронировании встреч.",
Create a service item for Out Patient Consulting.,Создайте элемент услуги для консультации с амбулаторным пациентом.,
"If this Healthcare Practitioner works for the In-Patient Department, create a service item for Inpatient Visits.","Если этот практикующий врач работает в стационаре, создайте услугу для посещения стационара.",
Set the Out Patient Consulting Charge for this Practitioner.,Установите для этого практикующ��го врача стоимость амбулаторной консультации.,
"If this Healthcare Practitioner also works for the In-Patient Department, set the inpatient visit charge for this Practitioner.","Если этот практикующий врач также работает в стационаре, установите плату за посещение стационара для этого практикующего врача.",
"If checked, a customer will be created for every Patient. Patient Invoices will be created against this Customer. You can also select existing Customer while creating a Patient. This field is checked by default.","Если этот флажок установлен, для каждого пациента будет создан клиент. Для этого Клиента будут созданы счета-фактуры пациентов. Вы также можете выбрать существующего клиента при создании пациента. По умолчанию это поле отмечено флажком.",
Collect Registration Fee,Получите регистрационный сбор,
"If your Healthcare facility bills registrations of Patients, you can check this and set the Registration Fee in the field below. Checking this will create new Patients with a Disabled status by default and will only be enabled after invoicing the Registration Fee.","Если ваше медицинское учреждение выставляет счета за регистрацию пациентов, вы можете проверить это и установить регистрационный сбор в поле ниже. При выборе этого параметра по умолчанию будут созданы новые пациенты со статусом «Отключено», и они будут включены только после выставления счета за регистрацию.",
Checking this will automatically create a Sales Invoice whenever an appointment is booked for a Patient.,"При выборе этого параметра автоматически создается счет-фактура продажи всякий раз, когда пациенту назначается прием.",
Healthcare Service Items,Предметы медицинского обслуживания,
"You can create a service item for Inpatient Visit Charge and set it here. Similarly, you can set up other Healthcare Service Items for billing in this section. Click ",Вы можете создать элемент услуги для платы за посещение стационара и установить его здесь. Точно так же в этом разделе вы можете настроить другие предметы медицинского обслуживания для выставления счетов. Нажмите,
Set up default Accounts for the Healthcare Facility,Настройка учетных записей по умолчанию для медицинского учреждения,
"If you wish to override default accounts settings and configure the Income and Receivable accounts for Healthcare, you can do so here.","Если вы хотите переопределить настройки учетных записей по умолчанию и настроить учетные записи доходов и получения для здравоохранения, вы можете сделать это здесь.",
Out Patient SMS alerts,SMS-оповещения о пациентах,
"If you want to send SMS alert on Patient Registration, you can enable this option. Similary, you can set up Out Patient SMS alerts for other functionalities in this section. Click ","Если вы хотите отправлять SMS-оповещения о регистрации пациента, вы можете включить эту опцию. Точно так же вы можете настроить SMS-оповещения амбулаторного пациента для других функций в этом разделе. Нажмите",
Admission Order Details,Подробная информация о допуске,
Admission Ordered For,Прием оформлен на,
Expected Length of Stay,Ожидаемая продолжительность пребывания,
Admission Service Unit Type,Тип подразделения допуска,
Healthcare Practitioner (Primary),Практикующий врач (начальная школа),
Healthcare Practitioner (Secondary),Практикующий врач (среднее образование),
Admission Instruction,Указания при поступлении,
Chief Complaint,Основная жалоба,
Medications,Лекарства,
Investigations,Обследования,
Discharge Detials,Детали выписки,
Discharge Ordered Date,Дата заказа на выписку,
Discharge Instructions,Инструкции по выписке,
Follow Up Date,Дата контрольного осмотра,
Discharge Notes,Примечания к выписке,
Processing Inpatient Discharge,Обработка выписки из стационара,
Processing Patient Admission,Оформление госпитализации,
Check-in time cannot be greater than the current time,Время заезда не может быть больше текущего времени.,
Process Transfer,Передача процесса,
Expected Result Date,Ожидаемая дата результата,
Expected Result Time,Ожидаемое время результата,
Printed on,Напечатано на,
Requesting Practitioner,Запрашивающий практикующий врач,
Requesting Department,Запрашивающий отдел,
Employee (Lab Technician),Сотрудник (лаборант),
Lab Technician Name,Имя лаборанта,
Lab Technician Designation,Должность лаборанта,
Compound Test Result,Результат теста соединения,
Organism Test Result,Результат теста на организм,
Sensitivity Test Result,Результат теста на чувствительность,
Worksheet Print,Печать рабочего листа,
Worksheet Instructions,Инструкции по рабочему листу,
Result Legend Print,Печать легенды результатов,
Print Position,Позиция печати,
Both,Оба,
Result Legend,Легенда результата,
Lab Tests,Лабораторные тесты,
No Lab Tests found for the Patient {0},Для пациента не найдено лабораторных тестов {0},
"Did not send SMS, missing patient mobile number or message content.","SMS не отправлено, отсутствует номер мобильного телефона пациента или содержание сообщения.",
No Lab Tests created,Лабораторные тесты не созданы,
Creating Lab Tests...,Создание лабораторных тестов...,
Lab Test Group Template,Шаблон группы лабораторных тестов,
Add New Line,Добавить новую строку,
Secondary UOM,Вторичная единица измерения,
"<b>Single</b>: Results which require only a single input.\n<br>\n<b>Compound</b>: Results which require multiple event inputs.\n<br>\n<b>Descriptive</b>: Tests which have multiple result components with manual result entry.\n<br>\n<b>Grouped</b>: Test templates which are a group of other test templates.\n<br>\n<b>No Result</b>: Tests with no results, can be ordered and billed but no Lab Test will be created. e.g.. Sub Tests for Grouped results","<b>Одиночный</b> : результаты, требующие только одного ввода.<br> <b>Составные</b> : результаты, требующие ввода нескольких событий.<br> <b>Описательный</b> : тесты с несколькими компонентами результатов с вводом результатов вручную.<br> <b>Сгруппированы</b> : тестовые шаблоны, которые представляют собой группу других тестовых шаблонов.<br> <b>Нет результата</b> : тесты, не получившие результатов, можно заказать и выставить счет, но лабораторный тест не будет создан. например. Подтесты для сгруппированных рез��льтатов",
"If unchecked, the item will not be available in Sales Invoices for billing but can be used in group test creation. ","Если этот флажок не установлен, элемент не будет доступен в счетах-фактурах для выставления счетов, но его можно будет использовать при создании группового теста.",
Description ,Описание ,
Descriptive Test,Описательный тест,
Group Tests,Групповые тесты,
Instructions to be printed on the worksheet,Инструкции для печати на рабочем листе,
"Information to help easily interpret the test report, will be printed as part of the Lab Test result.","Информация, которая поможет легко интерпретировать отчет об испытании, будет распечатана как часть результата лабораторного испытания.",
Normal Test Result,Нормальный результат теста,
Secondary UOM Result,Результат вторичной единицы измерения,
Italic,Курсив,
Underline,Подчеркивание,
Organism,Организм,
Organism Test Item,Предмет испытания на орг��низм,
Colony Population,Размер колонии,
Colony UOM,Единица измерения колонии,
Tobacco Consumption (Past),Потребление табака (в прошлом),
Tobacco Consumption (Present),Потребление табака (настоящее время),
Alcohol Consumption (Past),Потребление алкоголя (в прошлом),
Alcohol Consumption (Present),Потребление алкоголя (настоящее время),
Billing Item,Позиция для выставления счета,
Medical Codes,Медицинские коды классификации,
Clinical Procedures,Клинические процедуры,
Order Admission,Заказать прием,
Scheduling Patient Admission,Планирование приема пациента,
Order Discharge,Выполнение заказа,
Sample Details,Детали образца,
Collected On,Собран,
No. of prints,Кол-во отпечатков,
Number of prints required for labelling the samples,"Количество отпечатков, необходимое для маркировки образцов",
Payroll Cost Center,Центр учета заработной платы,
Approvers,Утверждающие,
The first Approver in the list will be set as the default Approver.,Первый утверждающий в списке будет установлен как утверждающий по умолчанию.,
Shift Request Approver,Утверждающий запрос смены,
Provident Fund Account,Счет фонда обеспечения персонала,
MICR Code,Код MICR,
Repay unclaimed amount from salary,Вернуть невостребованную сумму из заработной платы,
Deduction from salary,Удержание из заработной платы,
If this is not checked the loan by default will be considered as a Demand Loan,"Если этот флажок не установлен, ссуда по умолчанию будет считаться ссудой до востребования.",
This account is used for booking loan repayments from the borrower and also disbursing loans to the borrower,"Этот счет используется для регистрации платежей по ссуде от заемщика, а также для выдачи ссуд заемщику.",
This account is capital account which is used to allocate capital for loan disbursal account ,"Этот счет является сч��том движения капитала, который используется для распределения капитала на счет выдачи кредита.",
This account will be used for booking loan interest accruals,Этот аккаунт будет использоваться для бронирования начисления процентов по кредиту.,
This account will be used for booking penalties levied due to delayed repayments,"Этот аккаунт будет использоваться для штрафов за бронирование, взимаемых из-за просроченных платежей.",
Variant BOM,Вариант спецификации,
Template Item,Элемент шаблона,
Select template item,Выберите элемент шаблона,
Select variant item code for the template item {0},Выберите вариант кода товара для шаблона товара {0},
Downtime Entry,Запись о простоях,
Workstation / Machine,Рабочая станция / Оборудование,
Operator,Оператор,
In Mins,В минутах,
Downtime Reason,Причина простоя,
Stop Reason,Причина остановки,
Excessive machine set up time,Чрезмерное время настройки машины,
Unplanned machine maintenance,Незапланированное обслуживание машины,
On-machine press checks,Проверка пресса на машине,
Machine operator errors,Ошибки оператора станка,
Machine malfunction,Неисправность оборудования,
Electricity down,Электричество отключено,
Operation Row Number,Номер строки операции,
Operation {0} added multiple times in the work order {1},Операция {0} добавлена несколько раз в рабочее задание {1},
"If ticked, multiple materials can be used for a single Work Order. This is useful if one or more time consuming products are being manufactured.","Если этот флажок установлен, для одного рабочего задания можно использовать несколько материалов. Это полезно, если производится один или несколько продуктов, отнимающих много времени.",
Backflush Raw Materials,Сырье для обратной промывки,
"The Stock Entry of type 'Manufacture' is known as backflush. Raw materials being consumed to manufacture finished goods is known as backflushing. <br><br> When creating Manufacture Entry, raw-material items are backflushed based on BOM of production item. If you want raw-material items to be backflushed based on Material Transfer entry made against that Work Order instead, then you can set it under this field.","Запись о запасах типа &quot;Производство&quot; называе��ся подтверждением. Сырье, используемое для производства готовой продукции, называется обратной промывкой.<br><br> При создании производственной записи позиции сырья подтверждаются на основе спецификации производственной позиции. Если вы хотите, чтобы позиции сырья были подтверждены задним числом на основе записи о перемещении материала, сделанной для этого рабочего задания, вы можете установить ее в этом поле.",
Work In Progress Warehouse,Склад незавершенных работ,
This Warehouse will be auto-updated in the Work In Progress Warehouse field of Work Orders.,Этот склад будет автоматически обновляться в поле «Склад незавершенных работ» в рабочих заданиях.,
Finished Goods Warehouse,Склад готовой продукции,
This Warehouse will be auto-updated in the Target Warehouse field of Work Order.,Этот склад будет автоматически обновлен в поле Целевой склад рабочего задания.,
"If ticked, the BOM cost will be automatically updated based on Valuation Rate / Price List Rate / last purchase rate of raw materials.","Если этот флажок установлен, стоимость спецификации будет автоматически обновляться на основе курса оценки / курса прайс-листа / курса последней закупки сырья.",
Source Warehouses (Optional),Исходные склады (необязательно),
"System will pickup the materials from the selected warehouses. If not specified, system will create material request for purchase.","Система заберет материалы с выбранных складов. Если не указано иное, система создаст запрос материала на закупку.",
Lead Time,Срок выполнения,
PAN Details,Детали PAN,
Create Customer,Создать клиента,
Invoicing,Выставление счетов,
Enable Auto Invoicing,Включить автоматическое выставление счетов,
Send Membership Acknowledgement,Отправить подтверждение членства,
Send Invoice with Email,Отправить счет по электронной почте,
Membership Print Format,Формат печати членства,
Invoice Print Format,Формат печати счета,
Revoke <Key></Key>,Отозвать <Key></Key>,
You can learn more about memberships in the manual. ,Вы можете узнать больше о членстве в руководстве.,
ERPNext Docs,Документы ERPNext,
Regenerate Webhook Secret,Восстановить секрет веб-перехватчика,
Generate Webhook Secret,Создать секрет веб-перехватчика,
Copy Webhook URL,Скопировать URL-адрес веб-перехватчика,
Linked Item,Связанный элемент,
Feedback By,Отзыв от,
Manufacturing Section,Производственный отдел,
"By default, the Customer Name is set as per the Full Name entered. If you want Customers to be named by a ","По умолчанию имя клиента устанавливается в соо��ветствии с введенным полным именем. Если вы хотите, чтобы имена клиентов",
Configure the default Price List when creating a new Sales transaction. Item prices will be fetched from this Price List.,Настройте прайс-лист по умолчанию при создании новой транзакции продаж. Цены на товары будут взяты из этого прейскуранта.,
"If this option is configured 'Yes', ERPNext will prevent you from creating a Sales Invoice or Delivery Note without creating a Sales Order first. This configuration can be overridden for a particular Customer by enabling the 'Allow Sales Invoice Creation Without Sales Order' checkbox in the Customer master.","Если для этого параметра установлено значение «Да», ERPNext не позволит вам создать счет-фактуру или накладную доставки без предварительного создания заказа на продажу. Эту конфигурацию можно изменить для конкретного клиента, установив флажок «Разрешить создание счета-фактуры без заказа на продажу» в основной зап��си клиентов.",
"If this option is configured 'Yes', ERPNext will prevent you from creating a Sales Invoice without creating a Delivery Note first. This configuration can be overridden for a particular Customer by enabling the 'Allow Sales Invoice Creation Without Delivery Note' checkbox in the Customer master.","Если для этого параметра установлено «Да», ERPNext не позволит вам создать счет-фактуру без предварительного создания накладной. Эту конфигурацию можно изменить для конкретного клиента, установив флажок «Разрешить создание счета-фактуры без накладной» в основной записи клиентов.",
Default Warehouse for Sales Return,Склад по умолчанию для возврата продаж,
Default In Transit Warehouse,По умолчанию на транзитном складе,
Enable Perpetual Inventory For Non Stock Items,"Включить постоянный инвентарь для товаров, не имеющихся в наличии",
HRA Settings,Настройки HRA,
Basic Component,Базовый компонент,
HRA Component,Компонент HRA,
Arrear Component,Ком��онент просроченной задолженности,
Please enter the company name to confirm,"Пожалуйста, введите название компании для подтверждения",
Quotation Lost Reason Detail,Расценки на потерю причины,
Enable Variants,Включить варианты,
Save Quotations as Draft,Сохранить предложения как черновик,
Please Select a Customer,"Пожалуйста, выберите клиента",
Against Delivery Note Item,Против позиции накладной,
Is Non GST ,Без НДС ,
Image Description,Описание изображения,
Transfer Status,Статус передачи,
Track this Purchase Receipt against any Project,Отслеживайте эту квитанцию о покупке для любого проекта,
Please Select a Supplier,"Пожалуйста, выберите поставщика",
Add to Transit,Добавить в общественный транспорт,
Set Basic Rate Manually,Установить базовую стоимость вручную,
"By default, the Item Name is set as per the Item Code entered. If you want Items to be named by a ","По умолчанию имя элемента устанавливается в соответствии с введенным кодом элемента. Если вы хотите, чтобы элементы назывались",
Set a Default Warehouse for Inventory Transactions. This will be fetched into the Default Warehouse in the Item master.,Установите склад по умолчанию для складских операций. Он будет загружен в Хранилище по умолчанию в мастере предметов.,
"This will allow stock items to be displayed in negative values. Using this option depends on your use case. With this option unchecked, the system warns before obstructing a transaction that is causing negative stock.","Это позволит отображать товары на складе с отрицательными значениями. Использование этой опции зависит от вашего варианта использования. Если этот параметр не отмечен, система предупреждает, прежде чем препятствовать транзакции, вызывающей отрицательный запас.",
Choose between FIFO and Moving Average Valuation Methods. Click ,Выберите между методами оценки FIFO и скользящей средней. Нажмите,
 to know more about them.,чтобы узнать о них больше.,
Show 'Scan Barcode' field above every child table to insert Items with ease.,"Показывайте поле «Сканировать штрих-код» над каждой дочерней таблицей, чтобы легко вставлять элементы.",
"Serial numbers for stock will be set automatically based on the Items entered based on first in first out in transactions like Purchase/Sales Invoices, Delivery Notes, etc.","Серийные номера для запасов будут устанавливаться автоматически на основе введенных позиций на основе принципа «первым пришел - первым ушел» в таких транзакциях, как счета-фактуры покупки / продажи, накладные и т.",
"If blank, parent Warehouse Account or company default will be considered in transactions","Если поле пусто, в транзакциях будет учитываться родительская учетная запись склада или компания по умолчанию.",
Service Level Agreement Details,Детали соглашения об уровне обслуживания,
Service Level Agreement Status,Статус со��лашения об уровне сервиса,
On Hold Since,В ожидании с,
Total Hold Time,Общее время удержания,
Response Details,Подробности ответа,
Average Response Time,Среднее время ответа,
User Resolution Time,Время решения пользователем,
SLA is on hold since {0},SLA приостановлено с {0},
Pause SLA On Status,Приостановить SLA при статусе,
Pause SLA On,Приостановить SLA на,
Greetings Section,Раздел приветствия,
Greeting Title,Заголовок приветствия,
Greeting Subtitle,Подзаголовок приветствия,
Youtube ID,Youtube ID,
Youtube Statistics,Статистика Youtube,
Views,Просмотры,
Dislikes,Не нравится,
Video Settings,Настройки видео,
Enable YouTube Tracking,Включить отслеживание на YouTube,
30 mins,30 минут,
1 hr,1 час,
6 hrs,6 часов,
Patient Progress,Прогресс пациента,
Targetted,Нацелено,
Score Obtained,Получен балл,
Sessions,Сессии,
Average Score,Средний балл,
Select Assessment Template,Выберите шаблон экзамена,
 out of ,снаружи,
Select Assessment Parameter,Выберите параметр оценки,
Gender: ,Пол: ,
Contact: ,Контакты: ,
Total Therapy Sessions: ,Всего сеансов терапии:,
Monthly Therapy Sessions: ,Ежемесячные сеансы терапии:,
Patient Profile,Профиль пациента,
Point Of Sale,Точка продаж,
Email sent successfully.,Письмо успешно отправлено.,
Search by invoice id or customer name,Поиск по номеру счета или имени клиента,
Invoice Status,Статус счета,
Filter by invoice status,Фильтровать по статусу счета,
Select item group,Выбрать группу товаров,
No items found. Scan barcode again.,Ничего не найдено. Еще раз просканируйте штрих-код.,
"Search by customer name, phone, email.","Поиск по имени клиента, телефону, электронной почте.",
Enter discount percentage.,Введите процент скидки.,
Discount cannot be greater than 100%,Скидка не может быть больше 100%.,
Enter customer's email,Введите email клиента,
Enter customer's phone number,Введите номер телефона клиента,
Customer contact updated successfully.,Контактная информация клиента успешно обновлена.,
Item will be removed since no serial / batch no selected.,"Товар будет удален, поскольку не выбран ни один серийный номер / партия.",
Discount (%),Скидка (%),
You cannot submit the order without payment.,Вы не можете отправить заказ без оплаты.,
You cannot submit empty order.,Вы не можете отправить пустой заказ.,
To Be Paid,К оплате,
Create POS Opening Entry,Создать запись об открытии торговой точки,
Please add Mode of payments and opening balance details.,"Пожалуйста, добавьте способ платежей и детали начального баланса.",
Toggle Recent Orders,Переключить последние заказы,
Save as Draft,Сохранить как черновик,
You must add atleast one item to save it as draft.,"Вы должны добавить хотя бы один элемент, чтобы сохранить его как черновик.",
There was an error saving the document.,При сохранении документа произошла ошибка.,
You must select a customer before adding an item.,Перед добавлением товара необходимо выбрать клиента.,
Please Select a Company,"Пожалуйста, выберите компанию",
Active Leads,Активные обращения,
Please Select a Company.,"Пожалуйста, выберите компанию.",
BOM Operations Time,Время операций по спецификации,
BOM ID,Идентификатор спецификации,
BOM Item Code,Код позиции спецификации,
Time (In Mins),Время (в минутах),
Sub-assembly BOM Count,Счетчик спецификации подсборки,
View Type,Тип просмотра,
Total Delivered Amount,Общая доставленная сумма,
Downtime Analysis,Анализ времени простоя,
Machine,Машина,
Downtime (In Hours),Время простоя (в часах),
Employee Analytics,Аналитика персонала,
"""From date"" can not be greater than or equal to ""To date""",«С даты» не может быть больше или равно «На сегодняшний день».,
Exponential Smoothing Forecasting,Прогнозирование экспоненциального сглаживания,
First Response Time for Issues,Время первого ответа на вопросы,
First Response Time for Opportunity,Время первого отклика для возможности,
Depreciatied Amount,Амортизированная сумма,
Period Based On,Период на основе,
Date Based On,Дата на основе,
{0} and {1} are mandatory,{0} и {1} являются обязательными,
Consider Accounting Dimensions,Учитывать бухгалтерские измерения,
Reserved Quantity for Production,Зарезервированное количество для производства,
Projected Quantity,Прогнозируемое количество,
 Total Sales Amount, Общая сумма продаж,
Job Card Summary,Сводка карточки вакансии,
Time Required (In Mins),Требуемое время (в минутах),
From Posting Date,С даты публикации,
To Posting Date,До даты публикации,
No records found,Записей не найдено,
Customer/Lead Name,Имя клиента / обратившегося,
Production Planning Report,Отчет о производственном планировании,
Order Qty,Кол-во заказа,
Raw Material Code,Код сырья,
Raw Material Name,Название сырья,
Allotted Qty,Выделено Кол-во,
Expected Arrival Date,Ожидаемая дата прибытия,
Arrival Quantity,Количество прибытия,
Raw Material Warehouse,Склад сырья,
Order By,Сортировать по,
Include Sub-assembly Raw Materials,Включить сырье для сборки,
Program wise Fee Collection,Программа сбора платежей,
Fees Collected,Сборы собраны,
Project Summary,Сводная информация по проекту,
Total Tasks,Всего задач,
Tasks Completed,Задачи выполнены,
Tasks Overdue,Просроченные задачи,
Completion,Завершение,
Purchase Order Analysis,Анализ заказов на закупку,
From and To Dates are required.,Укажите даты от и до.,
To Date cannot be before From Date.,Дата не может быть раньше даты начала.,
Qty to Bill,Кол-во к счету,
Group by Purchase Order,Группировать по заказу на покупку,
 Purchase Value,Стоимость покупки,
Total Received Amount,Общая полученная сумма,
Quality Inspection Summary,Резюме проверки качества,
 Quoted Amount, Заявленная сумма,
Lead Time (Days),Время выполнения (дни),
Include Expired,Включить срок действия истек,
Requested Items to Order and Receive,Запрошенные товары для заказа и получения,
Sales Order Analysis,Анализ заказов на продажу,
Amount Delivered,Сумма доставки,
Delay (in Days),Задержка (в днях),
Group by Sales Order,Группировать по заказу на продажу,
 Sales Value, Объем продаж,
Stock Qty vs Serial No Count,К��л-во на складе по сравнению с серийным номером,
Serial No Count,Серийный номер,
Work Order Summary,Сводка заказа на работу,
Produce Qty,Кол-во продукции,
Lead Time (in mins),Время выполнения (в минутах),
Charts Based On,Построение графиков на основе,
YouTube Interactions,YouTube взаимодействия,
Published Date,Дата публикации,
Barnch,Barnch,
Select a Company,Выберите компанию,
Opportunity {0} created,Возможность {0} создана,
Kindly select the company first,"Пожалуйста, сначала выберите компанию",
Please enter From Date and To Date to generate JSON,"Введите дату начала и дату, чтобы сгенерировать JSON",
Download DATEV File,Скачать файл DATEV,
Numero has not set in the XML file,Numero не указан в файле XML,
Inward Supplies(liable to reverse charge),Входящие поставки (подлежат возмещению),
This is based on the course schedules of this Instructor,Это основано на расписании курсов этого инструктора.,
Course and Assessment,Курс и оценивание,
Course {0} has been added to all the selected programs successfully.,Курс {0} был успешно добавлен во все выбранные программы.,
Programs updated,Программы обновлены,
Program and Course,Программа и курс,
{0} or {1} is mandatory,{0} или {1} является обязательным,
Mandatory Fields,Обязательные поля,
Student {0}: {1} does not belong to Student Group {2},Учащийся {0}: {1} не принадлежит к студенческой группе {2},
Student Attendance record {0} already exists against the Student {1},Запись о посещаемости учащегося {0} уже существует для учащегося {1},
Course and Fee,Курс и стоимость обучения,
Not eligible for the admission in this program as per Date Of Birth,Не соответствует требованиям для поступления в программу по возрасту,
Topic {0} has been added to all the selected courses successfully.,Тема {0} была успешно добавлена ко всем выбранным курсам.,
Courses updated,Курсы обновлены,
{0} {1} has been added to all the selected topics successfully.,{0} {1} был успешно добавлен ко всем выбранным темам.,
Topics updated,Темы обновлены,
Academic Term and Program,Академический семестр и программа,
Please remove this item and try to submit again or update the posting time.,Удалите этот элемент и попробуйте отправить еще раз или обновите время публикации.,
Failed to Authenticate the API key.,Не удалось аутентифицировать ключ API.,
Invalid Credentials,Недопустимые учетные данные,
URL can only be a string,URL может быть только строкой,
"Here is your webhook secret, this will be shown to you only once.","Вот ваш секрет веб-перехватчика, он будет показан вам только один раз.",
The payment for this membership is not paid. To generate invoice fill the payment details,Плата за это членство не взимается. Для создания счета заполните платежные реквизиты,
An invoice is already linked to this document,Счет уже привязан к этому документу,
No customer linked to member {},Ни один клиент не связан с участником {},
You need to set <b>Debit Account</b> in Membership Settings,Вам необходимо установить <b>дебетовую учетную запись</b> в настройках членства,
You need to set <b>Default Company</b> for invoicing in Membership Settings,Вам необходимо указать <b>компанию</b> по <b>умолчанию</b> для выставления счетов в настройках членства.,
You need to enable <b>Send Acknowledge Email</b> in Membership Settings,Вам необходимо включить <b>Отправить письмо с подтверждением</b> в настройках членства,
Error creating membership entry for {0},Ошибка создания записи о членстве для {0},
A customer is already linked to this Member,Клиент уже привязан к этому участнику,
End Date must not be lesser than Start Date,Дата окончания не должна быть меньше даты начала.,
Employee {0} already has Active Shift {1}: {2},Сотрудник {0} уже имеет активную смену {1}: {2},
 from {0}, от {0},
 to {0}, в {0},
Please set {0} for the Employee or for Department: {1},Установите {0} для сотрудника или отдела: {1},
Employee Onboarding: {0} is already for Job Applicant: {1},Прием на работу сотрудника: {0} уже для соискателя: {1},
Asset Value Analytics,Аналитика стоимости активов,
Category-wise Asset Value,Стоимость актива по категориям,
Total Assets,Итого активы,
New Assets (This Year),Новые активы (в этом году),
Row #{}: Depreciation Posting Date should not be equal to Available for Use Date.,Строка №{}: Дата прово��ки амортизации не должна совпадать с датой доступности для использования.,
Incorrect Date,Неправильная дата,
Invalid Gross Purchase Amount,Неверная сумма покупки брутто,
There are active maintenance or repairs against the asset. You must complete all of them before cancelling the asset.,"Активно проводится техническое обслуживание или ремонт актива. Вы должны выполнить их все, прежде чем аннулировать актив.",
% Complete,% Завершено,
Back to Course,Вернуться к курсу,
Finish Topic,Завершить тему,
Mins,Мин,
by,по,
Back to,Вернуться к,
Enrolling...,Выполняется регистрация...,
You have successfully enrolled for the program ,Вы успешно записались на программу,
Enrolled,Зарегистрирован,
Watch Intro,Смотреть вступление,
We're here to help!,Мы готовы помочь!,
Frequently Read Articles,Часто читаемые статьи,
Please set a default company address,"Пожалуйста, установите адрес компании по умолчанию",
{0} is not a valid state! Check for typos or enter the ISO code for your state.,{0} не является допустимым состоянием! Проверьте наличие опечаток или введите код ISO для вашего штата.,
Error occured while parsing Chart of Accounts: Please make sure that no two accounts have the same name,"Произошла ошибка при анализе плана счетов: убедитесь, что нет двух аккаунтов с одинаковыми именами.",
Plaid invalid request error,Ошибка неверного запроса пледа,
Please check your Plaid client ID and secret values,"Пожалуйста, проверьте свой идентификатор клиента Plaid и секретные значения",
Bank transaction creation error,Ошибка создания банковской транзакции,
Unit of Measurement,Единица измерения,
Fiscal Year {0} Does Not Exist,Финансовый год {0} не существует,
Row # {0}: Returned Item {1} does not exist in {2} {3},Строка № {0}: возвращенный товар {1} не существует в {2} {3},
Valuation type charges can not be marked as Inclusive,Плата за тип оценки не может быть помечена как «Включая»,
You do not have permissions to {} items in a {}.,У вас нет разрешений на {} элементов в {}.,
Insufficient Permissions,Недостаточно прав доступа,
You are not allowed to update as per the conditions set in {} Workflow.,"Вам не разрешено обновлять в соответствии с условиями, установленными в рабочем процессе {}.",
Expense Account Missing,Счет расходов отсутствует,
{0} is not a valid Value for Attribute {1} of Item {2}.,{0} не является допустимым значением для атрибута {1} элемента {2}.,
Invalid Value,Недопустимое значение,
The value {0} is already assigned to an existing Item {1}.,Значение {0} уже присвоено существующему элементу {1}.,
"To still proceed with editing this Attribute Value, enable {0} in Item Variant Settings.","Чтобы продолжить редактирование этого значения атрибута, включите {0} в настройках варианта элемента.",
Edit Not Allowed,Редактировать запрещено,
Row #{0}: Item {1} is already fully received in Purchase Order {2},Строка № {0}: товар {1} уже полностью получен в заказе на покупку {2},
You cannot create or cancel any accounting entries with in the closed Accounting Period {0},Вы не можете создавать или отменять какие-либо бухгалтерские записи в закрытом отчетном периоде {0},
POS Invoice should have {} field checked.,В счете POS должно быть проверено поле {}.,
Invalid Item,Недействительный товар,
Row #{}: You cannot add postive quantities in a return invoice. Please remove item {} to complete the return.,"Строка № {}: нельзя добавлять положительные ко��ичества в счет-фактуру на возврат. Удалите товар {}, чтобы завершить возврат.",
The selected change account {} doesn't belongs to Company {}.,Выбранный аккаунт изменения {} не принадлежит Компании {}.,
Atleast one invoice has to be selected.,Необходимо выбрать хотя бы один счет.,
Payment methods are mandatory. Please add at least one payment method.,"Способы оплаты обязательны. Пожалуйста, добавьте хотя бы один способ оплаты.",
Please select a default mode of payment,"Пожалуйста, выберите способ оплаты по умолчанию",
You can only select one mode of payment as default,По умолчанию вы можете выбрать только один способ оплаты.,
Missing Account,Отсутствует учетная запись,
Customers not selected.,Клиенты не выбраны.,
Statement of Accounts,Выписка по счетам,
Ageing Report Based On ,Отчет о старении на основе ,
Please enter distributed cost center,"Пожалуйста, введите распределенное МВЗ",
Total percentage allocation for distributed cost center should be equal to 100,Общее процентное распределение для распределенного МВЗ должно быть равно 100.,
Cannot enable Distributed Cost Center for a Cost Center already allocated in another Distributed Cost Center,"Невозможно включить центр распределенных затрат для центра затрат, уже выделенного в другом центре распределенных затрат",
Parent Cost Center cannot be added in Distributed Cost Center,Родительский МВЗ нельзя добавить в Распределенный МВЗ,
A Distributed Cost Center cannot be added in the Distributed Cost Center allocation table.,Центр распределенных затрат не может быть добавлен в таблицу распределения центра распределенных затрат.,
Cost Center with enabled distributed cost center can not be converted to group,Центр затрат с включенным распределенным центром затрат не может быть преобразован в группу,
Cost Center Already Allocated in a Distributed Cost Center cannot be converted to group,"МВЗ, уже выделенное в распределенном МВЗ, не может быть преобразовано в группу",
Trial Period Start date cannot be after Subscription Start Date,Дата начала пробного периода не может быть позже даты начала подписки,
Subscription End Date must be after {0} as per the subscription plan,Дата окончания подписки должна быть позже {0} в соответствии с планом подписки.,
Subscription End Date is mandatory to follow calendar months,Дата окончания подписки обязательна после календарных месяцев.,
Row #{}: POS Invoice {} is not against customer {},Строка № {}: счет торговой точки {} не выставлен клиенту {},
Row #{}: POS Invoice {} is not submitted yet,Строка № {}: Счет POS {} еще не отправлен,
Row #{}: POS Invoice {} has been {},Строка № {}: Счет POS {} был {},
No Supplier found for Inter Company Transactions which represents company {0},"Для тра��закций между компаниями не найден поставщик, представляющий компанию {0}",
No Customer found for Inter Company Transactions which represents company {0},"Не найден клиент для межкорпоративных транзакций, представляющий компанию {0}",
Invalid Period,Недопустимый период,
Selected POS Opening Entry should be open.,Выбранная запись об открытии POS должна быть открытой.,
Invalid Opening Entry,Недействительная вступительная запись,
Please set a Company,Укажите компанию,
"Sorry, this coupon code's validity has not started","Извините, этот код купона еще не начал действовать",
"Sorry, this coupon code's validity has expired","Извините, срок действия этого кода купона истек",
"Sorry, this coupon code is no longer valid","Извините, этот код купона больше не действителен",
For the 'Apply Rule On Other' condition the field {0} is mandatory,Для условия &quot;Применить правило к другому&quot; поле {0} является обязательным.,
{1} Not in Stock,{1} нет в наличии,
Only {0} in Stock for item {1},Только {0} в наличии для товара {1},
Please enter a coupon code,"Пожалуйста, введите код купона",
Please enter a valid coupon code,"Пожалуйста, введите действительный код купона",
Invalid Child Procedure,Недопустимая подчиненная процедура,
Import Italian Supplier Invoice.,Импортировать счет итальянского поставщика.,
"Valuation Rate for the Item {0}, is required to do accounting entries for {1} {2}.","Курс оценки для Предмета {0}, необходим для ведения бухгалтерских записей для {1} {2}.",
 Here are the options to proceed:,"Вот варианты, чтобы продолжить:",
"If the item is transacting as a Zero Valuation Rate item in this entry, please enable 'Allow Zero Valuation Rate' in the {0} Item table.","Если в этой записи предмет используется как предмет с нулевой оценкой, включите параметр «Разрешить нулевую ставку оценки» в таблице предметов {0}.",
"If not, you can Cancel / Submit this entry ","Если нет, вы можете отменить / утвердить эту запись",
 performing either one below:,выполнение одного из следующих:,
Create an incoming stock transaction for the Item.,Создайте проводку входящего запаса для Товара.,
Mention Valuation Rate in the Item master.,Упомяните коэффиц��ент оценки в мастере предметов.,
Valuation Rate Missing,Отсутствует курс оценки,
Serial Nos Required,Требуются серийные номера,
Quantity Mismatch,Несоответствие количества,
"Please Restock Items and Update the Pick List to continue. To discontinue, cancel the Pick List.","Пожалуйста, пополните запасы предметов и обновите список выбора, чтобы продолжить. Чтобы прекратить работу, отмените список выбора.",
Out of Stock,Распродано,
{0} units of Item {1} is not available.,{0} единиц товара {1} недоступно.,
Item for row {0} does not match Material Request,Элемент для строки {0} не соответствует запросу материала,
Warehouse for row {0} does not match Material Request,Склад для строки {0} не соответствует запросу материала,
Accounting Entry for Service,Бухгалтерская запись для обслуживания,
All items have already been Invoiced/Returned,На все товары уже выставлен счет / возврат,
All these items have already been Invoiced/Returned,На все эти товары уже выставлен счет / возврат,
Stock Reconciliations,Сверка запасов,
Merge not allowed,Слияние запрещено,
The following deleted attributes exist in Variants but not in the Template. You can either delete the Variants or keep the attribute(s) in template.,"Следующие удаленные атрибуты существуют в вариантах, но не в шаблоне. Вы можете удалить варианты или оставить атрибут (ы) в шаблоне.",
Variant Items,Варианты предметов,
Variant Attribute Error,Ошибка атрибута варианта,
The serial no {0} does not belong to item {1},Серийный номер {0} не принадлежит элементу {1},
There is no batch found against the {0}: {1},Не найдено ни одной партии для {0}: {1},
Completed Operation,Завершенная операция,
Work Order Analysis,Анализ рабочего задания,
Quality Inspection Analysis,Анализ контроля качества,
Pending Work Order,Незавершенный рабочий заказ,
Last Month Downtime Analysis,Анализ простоев за последний месяц,
Work Order Qty Analysis,Анализ количества заказов на работу,
Job Card Analysis,Анализ карточки вакансии,
Monthly Total Work Orders,Общее количество заказов за месяц,
Monthly Completed Work Orders,Ежемесячно выполненные заказы на работу,
Ongoing Job Cards,Текущие рабочие карты,
Monthly Quality Inspections,Ежемесячный контроль качества,
(Forecast),(Прогноз),
Total Demand (Past Data),Общий спрос (прошлые данные),
Total Forecast (Past Data),Общий прогноз (прошлые данные),
Total Forecast (Future Data),Общий прогноз (будущие данные),
Based On Document,На основании документа,
Based On Data ( in years ),На основе данных (в годах),
Smoothing Constant,Постоянная сглаживания,
Please fill the Sales Orders table,"Пожалуйста, заполните таблицу заказов на продажу",
Sales Orders Required,Требуются заказы на продажу,
Please fill the Material Requests table,Заполните таблицу запросов на материалы,
Material Requests Required,Требуются материальные запросы,
Items to Manufacture are required to pull the Raw Materials associated with it.,Предметы для производства необходимы для получения связанного с ними сырья.,
Items Required,Требуются позиции,
Operation {0} does not belong to the work order {1},Операция {0} не относится к рабочему заданию {1},
Print UOM after Quantity,Печать единиц измерения после количества,
Set default {0} account for perpetual inventory for non stock items,"Установить учетную запись {0} по умолчанию для постоянного хранения товаров, отсутствующих на складе",
Row #{0}: Child Item should not be a Product Bundle. Please remove Item {1} and Save,Строка № {0}: дочерний элемент не должен быть набором продукта. Удалите элемент {1} и сохраните,
Credit limit reached for customer {0},Достигнут кредитный лимит для клиента {0},
Could not auto create Customer due to the following missing mandatory field(s):,Не удалось автоматически создать клиента из-за отсутствия следующих обязательных полей:,
Please create Customer from Lead {0}.,Создайте клиента из обращения {0}.,
Mandatory Missing,Отсутствуют обязательные поля,
From Date can not be greater than To Date.,From Date не может быть больше чем To Date.,
Row #{0}: Please enter the result value for {1},Строка № {0}: введите значение результата для {1},
Mandatory Results,Обязательные результаты,
Sales Invoice or Patient Encounter is required to create Lab Tests,Счет продажи или встреча с пациентом необходимы для создания лабораторных тестов,
Insufficient Data,Недостаточно данных,
Lab Test(s) {0} created successfully,Лабораторные тесты {0} успешно созданы,
Test :,Тест :,
Sample Collection {0} has been created,Коллекция образцов {0} создана,
Normal Range: ,Нормальный диапазон:,
Row #{0}: Check Out datetime cannot be less than Check In datetime,Строка № {0}: Дата и время выезда не может быть меньше даты и времени выезда.,
"Missing required details, did not create Inpatient Record","Отсутствуют необходимые данные, не создается запись в стационаре",
Unbilled Invoices,Неоплаченные счета,
Standard Selling Rate should be greater than zero.,Стандартная ставка продажи должна быть больше нуля.,
Conversion Factor is mandatory,Коэффициент преобразования является обязательным,
Row #{0}: Conversion Factor is mandatory,Строка № {0}: коэффициент преобразования является обязательным.,
Sample Quantity cannot be negative or 0,Количество пробы не может быть отрицательным или 0,
Invalid Quantity,Недопустимое количество,
"Please set defaults for Customer Group, Territory and Selling Price List in Selling Settings","Установите значения по умолчанию для группы клиентов, территории и прейскуранта продаж в настройках продаж.",
{0} on {1},{0} в {1},
{0} with {1},{0} с {1},
Appointment Confirmation Message Not Sent,Сообщение с подтверждением встречи не отправлено,
"SMS not sent, please check SMS Settings","SMS не отправлено, проверьте настройки SMS",
Healthcare Service Unit Type cannot have both {0} and {1},Тип единицы медицинского обслуживания не может содержать одновременно {0} и {1},
Healthcare Service Unit Type must allow atleast one among {0} and {1},Тип единицы медицинского обслуживания должен допускать хотя бы одно из {0} и {1},
Set Response Time and Resolution Time for Priority {0} in row {1}.,Задайте время ответа и время разрешения для приоритета {0} в строке {1}.,
Response Time for {0} priority in row {1} can't be greater than Resolution Time.,Время отклика для приоритета {0} в строке {1} не может быть больше времени разрешения.,
{0} is not enabled in {1},{0} не включен в {1},
Group by Material Request,Группировать по запросу материала,
Email Sent to Supplier {0},Электронное письмо отправлено поставщику {0},
"The Access to Request for Quotation From Portal is Disabled. To Allow Access, Enable it in Portal Settings.","Доступ к запросу коммерческого предложения с портала отключен. Чтобы разрешить доступ, включите его в настройках портала.",
Supplier Quotation {0} Created,Предложение поставщика {0} создано,
Valid till Date cannot be before Transaction Date,Действителен до Дата не может быть раньше Даты транзакции,
Unlink Advance Payment on Cancellation of Order,Отменить связь авансового платежа при отмене заказа,
"Simple Python Expression, Example: territory != 'All Territories'",Простое выражение Python. Пример: territory != 'All Territories',
Sales Contributions and Incentives,Вклад в продажи и вознаграждения,
Sourced by Supplier,Поставляется поставщиком,
Total weightage assigned should be 100%.<br>It is {0},Общий вес должен быть 100%.<br> Это {0},
Account {0} exists in parent company {1}.,Аккаунт {0} существует в материнской компании {1}.,
"To overrule this, enable '{0}' in company {1}","Чтобы отменить это, включите &quot;{0}&quot; в компании {1}",
Invalid condition expression,Недопустимое условное выражение,
Please Select a Company First,"Пожалуйста, сначала выберите компанию",
Please Select Both Company and Party Type First,"Пожалуйста, сначала выберите компанию и тип стороны",
Provide the invoice portion in percent,Укажите часть счета в процентах,
Give number of days according to prior selection,Укажите количество дней в соответствии с предыдущим выбором,
Email Details,Детали электронной почты,
"Select a greeting for the receiver. E.g. Mr., Ms., etc.","Выберите приветствие для получателя. Например, мистер, мисс и т. Д.",
Preview Email,Предварительный просмотр письма,
Please select a Supplier,"Пожалуйста, выберите поставщика",
Supplier Lead Time (days),Срок поставки поставщика (дни),
"Home, Work, etc.","Дом, Работа и т.д.",
Exit Interview Held On,Завершить собеседование,
Sets 'Target Warehouse' in each row of the Items table.,Устанавливает «Целевой склад» в каждой строке таблицы «Предметы».,
Sets 'Source Warehouse' in each row of the Items table.,Устанавливает «Исходный склад» в каждой строке таблицы «Предметы».,
POS Register,POS регистр,
"Can not filter based on POS Profile, if grouped by POS Profile","Невозможно фильтровать по профилю POS, если он сгруппирован по профилю POS",
"Can not filter based on Customer, if grouped by Customer","Невозможно фильтровать по клиенту, если они сгруппированы по клиенту",
"Can not filter based on Cashier, if grouped by Cashier","Невозможно фильтровать по кассиру, если они сгруппированы по кассе",
Payment Method,Способ оплаты,
"Can not filter based on Payment Method, if grouped by Payment Method","Невозможно фильтровать по способу оплаты, если они сгруппированы по способу оплаты",
Supplier Quotation Comparison,Сравнение предложений поставщиков,
Price per Unit (Stock UOM),Цена за единицу (складские единицы измерения),
Group by Supplier,Группировать по поставщикам,
Group by Item,Группировать по пунктам,
Remember to set {field_label}. It is required by {regulation}.,Не забудьте установить {field_label}. Этого требует {регулирование}.,
Enrollment Date cannot be before the Start Date of the Academic Year {0},Дата зачисления не может быть раньше даты начала учебного года {0},
Enrollment Date cannot be after the End Date of the Academic Term {0},Дата зачисления не может быть позже даты окончания академического семестра {0},
Enrollment Date cannot be before the Start Date of the Academic Term {0},Дата зачисления не может быть раньше даты начала академического семестра {0},
Future Posting Not Allowed,Публикация с будущей датой не разрешена,
"To enable Capital Work in Progress Accounting, ","Чтобы включить ведение учета капитальных работ,",
you must select Capital Work in Progress Account in accounts table,в таблице счетов необходимо выбрать «Текущие капитальные работы».,
You can also set default CWIP account in Company {},Вы также можете установить учетную запись CWIP по умолчанию в Company {},
The Request for Quotation can be accessed by clicking on the following button,"Получить доступ к запросу коммерческого предложения можно, нажав следующую кнопку",
Regards,С уважением,
Please click on the following button to set your new password,"Пожалуйста, нажмите на следующую кнопку, чтобы установить новый пароль",
Update Password,Обновить пароль,
Row #{}: Selling rate for item {} is lower than its {}. Selling {} should be atleast {},"Строка № {}: уровень продажи товара {} ниже, чем его {}. Продажа {} должна быть как минимум {}",
You can alternatively disable selling price validation in {} to bypass this validation.,"Вы также можете отключить проверку продажной цены в {}, чтобы обойти эту проверку.",
Invalid Selling Price,Недействительная цена продажи,
Address needs to be linked to a Company. Please add a row for Company in the Links table.,"Адрес должен быть привязан к компании. Пожалуйста, добавьте строку для компании в таблицу ссылок.",
Company Not Linked,Отсутствует привязка к компании,
Import Chart of Accounts from CSV / Excel files,Импорт плана счетов из файлов CSV / Excel,
Completed Qty cannot be greater than 'Qty to Manufacture',"Завершенное количество не может быть больше, чем «Количество для изготовления»",
"Row {0}: For Supplier {1}, Email Address is Required to send an email",Строка {0}: для поставщика {1} адрес электронной почты необходим для отправки электронного письма.,
"If enabled, the system will post accounting entries for inventory automatically","Если этот параметр включен, система будет автоматически разносить бухгалтерские проводки для запасов.",
Accounts Frozen Till Date,Аккаунты заморожены до даты,
Accounting entries are frozen up to this date. Nobody can create or modify entries except users with the role specified below,"Бухгалтерские проводки до этой даты заморожены. Никто не может создавать или изменять записи, кроме пользователей с ролью, указанной ниже.",
Role Allowed to Set Frozen Accounts and Edit Frozen Entries,"Роль, позволяющая устанавливать замороженные учетные записи и редактировать замороженные записи",
Address used to determine Tax Category in transactions,"Адрес, используемый для определения налоговой категории в транзакциях",
"The percentage you are allowed to bill more against the amount ordered. For example, if the order value is $100 for an item and tolerance is set as 10%, then you are allowed to bill up to $110 ","Процент, которым вы можете выставить больший счет по сравнению с заказанной суммой. Например, если стоимость заказа составляет 100 долларов США, а допуск установлен на 10%, вы можете выставить счет на сумму до 110 долларов США.",
This role is allowed to submit transactions that exceed credit limits,"Эта роль может отправлять транзакции, превышающие кредитные лимиты.",
"If ""Months"" is selected, a fixed amount will be booked as deferred revenue or expense for each month irrespective of the number of days in a month. It will be prorated if deferred revenue or expense is not booked for an entire month","Если выбран вариант «Месяцы», фиксированная сумма будет регистрироваться как отсроченный доход или расход для каждого месяца независимо от количества дней в месяце. Он будет распределяться пропорционально, если отсроченный доход или расход не зарегистрированы за весь месяц.",
"If this is unchecked, direct GL entries will be created to book deferred revenue or expense","Если этот флажок не установлен, будут созданы прямые записи в GL для учета доходов или расходов будущих периодов.",
Show Inclusive Tax in Print,Показать включенный налог в печати,
Only select this if you have set up the Cash Flow Mapper documents,"Выбирайте это только в том случае, если вы настроили документы Cash Flow Mapper.",
Payment Channel,Канал оплаты,
Is Purchase Order Required for Purchase Invoice & Receipt Creation?,Требуется ли заказ на покупку для создания счета и квитанции?,
Is Purchase Receipt Required for Purchase Invoice Creation?,Требуется ли квитанция о покупке для создания счета?,
Maintain Same Rate Throughout the Purchase Cycle,Поддерживайте одинаковую ставку на протяжении всего цикла покупки,
Allow Item To Be Added Multiple Times in a Transaction,Разрешить добавление элемента несколько раз в транзакцию,
Suppliers,Поставщики,
Send Emails to Suppliers,Отправка электронных писем поставщикам,
Select a Supplier,Выберите поставщика,
Cannot mark attendance for future dates.,Невозможно отметить посещаемость на будущие даты.,
Do you want to update attendance? <br> Present: {0} <br> Absent: {1},Хотите обновить посещаемость?<br> Присутствует: {0}<br> Отсутствует: {1},
Mpesa Settings,Настройки Mpesa,
Initiator Name,Имя инициатора,
Till Number,До номера,
Sandbox,Песочница,
 Online PassKey, И��тернет-пароль,
Security Credential,Учетные данные безопасности,
Get Account Balance,Получить остаток на счете,
Please set the initiator name and the security credential,Установите имя инициатора и учетные данные безопасности,
Inpatient Medication Entry,Прием лекарств в стационаре,
Item Code (Drug),Код товара (лекарство),
Medication Orders,Заказы на лекарства,
Get Pending Medication Orders,Получите отложенные заказы на лекарства,
Inpatient Medication Orders,Заказы на лечение в стационаре,
Medication Warehouse,Аптечный склад,
Warehouse from where medication stock should be consumed,"Склад, откуда должны потребляться запасы лекарств",
Fetching Pending Medication Orders,Получение отложенных заказов на лекарства,
Inpatient Medication Entry Detail,Сведения о стационарном лекарстве,
Medication Details,Подробная информация о лекарстве,
Drug Code,Код препарата,
Drug Name,Наименование препарата,
Against Inpatient Medication Order,Приказ против стационарного лечения,
Against Inpatient Medication Order Entry,Внесение запрета на прием лекарств в стационаре,
Inpatient Medication Order,Заказ лекарств в стационаре,
Total Orders,Всего заказов,
Completed Orders,Выполненные заказы,
Add Medication Orders,Добавить заказы на лекарства,
Adding Order Entries,Добавление записей заказа,
{0} medication orders completed,Выполнено заказов на лекарства: {0},
{0} medication order completed,Заказ лекарства на {0} завершен,
Inpatient Medication Order Entry,Ввод заказа на лечение в стационаре,
Is Order Completed,Заказ выполнен,
Employee Records to Be Created By,"Записи о сотрудниках, которые будут создавать",
Employee records are created using the selected field,Записи о сотрудниках создаются с использованием выбранного поля,
Don't send employee birthday reminders,Не отправлять сотрудникам напоминания о днях рождения,
Restrict Backdated Leave Applications,Ограничение подачи заявлений на отпуск задним числом,
Sequence ID,Идентификатор последовательности,
Sequence Id,Идентификатор последовательности,
Allow multiple material consumptions against a Work Order,Разрешить многократное потребление материала для рабочего задания,
Plan time logs outside Workstation working hours,Планирование журналов рабочего времени вне рабочего времени рабочего места,
Plan operations X days in advance,Планируйте операции на Х дней вперед,
Time Between Operations (Mins),Время между операциями (мин),
Default: 10 mins,По умолчанию: 10 минут,
Overproduction for Sales and Work Order,Перепроизводство для продаж и заказа на работу,
"Update BOM cost automatically via scheduler, based on the latest Valuation Rate/Price List Rate/Last Purchase Rate of raw materials",Автоматически обновлять стоимость спецификации через планировщик на основе последней оценки / ставки прайс-листа / последней ставки закупки сырья,
Purchase Order already created for all Sales Order items,Заказ на поставку уже создан для всех позиций заказа на продажу,
Select Items,Выбрать элементы,
Against Default Supplier,Против дефолтного поставщика,
Auto close Opportunity after the no. of days mentioned above,"Автоматическое закрытие Возможность после нет. дней, упомянутых выше",
Is Sales Order Required for Sales Invoice & Delivery Note Creation?,Требуется ли заказ на продажу для создания счета и накладной?,
Is Delivery Note Required for Sales Invoice Creation?,Требуется ли накладная для создания счета?,
How often should Project and Company be updated based on Sales Transactions?,Как часто следует обновлять проект и компанию на основе сделок купли-продажи?,
Allow User to Edit Price List Rate in Transactions,Разрешить пользователю изменять ставку прайс-листа в транзакциях,
Allow Item to Be Added Multiple Times in a Transaction,Разрешить добавление элемента несколько раз в транзакцию,
Allow Multiple Sales Orders Against a Customer's Purchase Order,Разрешить несколько заказов на продажу для заказа на покупку клиента,
Validate Selling Price for Item Against Purchase Rate or Valuation Rate,Проверка продажной цены на предмет по курсу покупки или курсу оценки,
Hide Customer's Tax ID from Sales Transactions,Скрыть налоговый идентификатор клиента из торговых операций,
"The percentage you are allowed to receive or deliver more against the quantity ordered. For example, if you have ordered 100 units, and your Allowance is 10%, then you are allowed to receive 110 units.","Процент, который вы можете получить или поставить больше по сравнению с заказанным количеством. Например, если вы заказали 100 единиц, а ваша надбавка составляет 10%, вы можете получить 110 единиц.",
Action If Quality Inspection Is Not Submitted,"Действия, если проверка качества не проводилась",
Auto Insert Price List Rate If Missing,Автоматическая вставка ставки прайс-листа при отсутствии,
Automatically Set Serial Nos Based on FIFO,Автоматическая установка серийных номеров на основе FIFO,
Set Qty in Transactions Based on Serial No Input,Установить количество транзакций на основе серийного номера ввода,
Raise Material Request When Stock Reaches Re-order Level,"Поднимите запрос на материалы, когда запас достигает уровня повторного заказа",
Notify by Email on Creation of Automatic Material Request,Уведомление по электронной почте о создании автоматического запроса материалов,
Allow Material Transfer from Delivery Note to Sales Invoice,Разрешить перенос материала из накладной в счет,
Allow Material Transfer from Purchase Receipt to Purchase Invoice,Разрешить перенос материала из квитанции о покупке в счет,
Freeze Stocks Older Than (Days),Заморозить запасы старше (дней),
Role Allowed to Edit Frozen Stock,"Роль, разрешенная для редактирования замороженных запасов",
The unallocated amount of Payment Entry {0} is greater than the Bank Transaction's unallocated amount,Нераспределенная сумма платежной записи {0} превышает нераспределенную сумму банковской операции.,
Payment Received,Платеж получен,
Attendance cannot be marked outside of Academic Year {0},Посещаемость не может быть отмечена вне учебного года {0},
Student is already enrolled via Course Enrollment {0},Студент уже зачислен через курс зачисления {0},
Attendance cannot be marked for future dates.,Посещаемость не может быть отмечена на будущие даты.,
Please add programs to enable admission application.,"Пожалуйста, добавьте программы для подачи заявки на поступление.",
The following employees are currently still reporting to {0}:,Следующие сотрудники в настоящее время все еще подчиняются {0}:,
Please make sure the employees above report to another Active employee.,"Убедитесь, что указанные выше сотрудники подчиняются другому Активному сотруднику.",
Cannot Relieve Employee,Не могу освободить сотрудника,
Please enter {0},"Пожалуйста, введите {0}",
Please select another payment method. Mpesa does not support transactions in currency '{0}',"Пожалуйста, выберите другой способ оплаты. Mpesa не поддерживает транзакции в валюте &#39;{0}&#39;",
Transaction Error,Ошибка транзакции,
Mpesa Express Transaction Error,Ошибка транзакции Mpesa Express,
"Issue detected with Mpesa configuration, check the error logs for more details","Обнаружена проблема с конфигурацией Mpesa, подробности смотрите в журналах ошибок.",
Mpesa Express Error,Ошибка Mpesa Express,
Account Balance Processing Error,Ошибка обработки остатка на счете,
Please check your configuration and try again,"Пожалуйста, проверьте свою конфигурацию и попробуйте еще раз",
Mpesa Account Balance Processing Error,Ошибка обработки остатка на счете Mpesa,
Balance Details,Детали баланса,
Current Balance,Текущий остаток,
Available Balance,Доступный остаток,
Reserved Balance,Зарезервированный баланс,
Uncleared Balance,Неочищенный баланс,
Payment related to {0} is not completed,"Платеж, связанный с {0}, не завершен",
Row #{}: Item Code: {} is not available under warehouse {}.,Строка № {}: Код товара: {} недоступен на складе {}.,
Row #{}: Stock quantity not enough for Item Code: {} under warehouse {}. Available quantity {}.,Строка № {}: Недостаточно количества на складе для кода позиции: {} на складе {}. Доступное количество {}.,
Row #{}: Please select a serial no and batch against item: {} or remove it to complete transaction.,"Строка № {}: выберите серийный номер и партию для позиции: {} или удалите ее, чтобы завершить транзакцию.",
Row #{}: No serial number selected against item: {}. Please select one or remove it to complete transaction.,"Строка № {}: для элемента: {} не выбран серийный номер. Выберите один или удалите его, чтобы завершить транзакцию.",
Row #{}: No batch selected against item: {}. Please select a batch or remove it to complete transaction.,"Строка № {}: для элемента: {} не выбрана партия. Выберите пакет или удалите его, чтобы завершить транзакцию.",
Payment amount cannot be less than or equal to 0,Сумма платежа не может быть меньше или равна 0,
Please enter the phone number first,"Пожалуйста, сначала введите номер телефона",
Row #{}: {} {} does not exist.,Строка № {}: {} {} не существует.,
Row #{0}: {1} is required to create the Opening {2} Invoices,Строка № {0}: {1} требуется для создания начальных {2} счетов,
You had {} errors while creating opening invoices. Check {} for more details,При создании начальных счетов у вас было {} ошибок. Проверьте {} для получения дополнительной информации,
Error Occured,Произошла ошибка,
Opening Invoice Creation In Progress,Открытие счета в процессе создания,
Creating {} out of {} {},Создание {} из {} {},
(Serial No: {0}) cannot be consumed as it's reserverd to fullfill Sales Order {1}.,"(Серийный номер: {0}) нельзя использовать, поскольку он зарезервирован для выполнения заказа на продажу {1}.",
Item {0} {1},Пункт {0} {1},
Last Stock Transaction for item {0} under warehouse {1} was on {2}.,Последняя складская операция для товара {0} на складе {1} была произведена {2}.,
Stock Transactions for Item {0} under warehouse {1} cannot be posted before this time.,Проводки по запасам для позиции {0} на складе {1} не могут быть разнесены до этого времени.,
Posting future stock transactions are not allowed due to Immutable Ledger,Проводка будущих операций с акциями не разрешена из-за неизменяемой книги,
A BOM with name {0} already exists for item {1}.,Спецификация с названием {0} уже существует для элемента {1}.,
{0}{1} Did you rename the item? Please contact Administrator / Tech support,{0} {1} Вы переименовали элемент? Обратитесь к администратору / в техподдержку,
At row #{0}: the sequence id {1} cannot be less than previous row sequence id {2},В строке № {0}: идентификатор по��ледовательности {1} не может быть меньше идентификатора предыдущей строки {2},
The {0} ({1}) must be equal to {2} ({3}),{0} ({1}) должен быть равен {2} ({3}),
"{0}, complete the operation {1} before the operation {2}.","{0}, завершите операцию {1} перед операцией {2}.",
Cannot ensure delivery by Serial No as Item {0} is added with and without Ensure Delivery by Serial No.,"Невозможно обеспечить доставку по серийному номеру, так как товар {0} добавлен с и без обеспечения доставки по серийному номеру.",
Item {0} has no Serial No. Only serilialized items can have delivery based on Serial No,Товар {0} не имеет серийного номера. Доставка осуществляется только для товаров с серийным номером.,
No active BOM found for item {0}. Delivery by Serial No cannot be ensured,Для элемента {0} не найдено активной спецификации. Доставка по серийному номеру не может быть гарантирована,
No pending medication orders found for selected criteria,По выбранным критериям н�� найдено ожидающих заказов на лекарства,
From Date cannot be after the current date.,Дата начала не может быть позже текущей даты.,
To Date cannot be after the current date.,Дата не может быть позже текущей даты.,
From Time cannot be after the current time.,From Time не может быть позже текущего времени.,
To Time cannot be after the current time.,Время не может быть позже текущего времени.,
Stock Entry {0} created and ,Публикация акций {0} создана и ,
Inpatient Medication Orders updated successfully,Заказы на лечение в стационаре успешно обновлены,
Row {0}: Cannot create Inpatient Medication Entry against cancelled Inpatient Medication Order {1},Строка {0}: Невозможно создать запись о стационарном лечении для отмененного заказа на лечение в стационаре {1},
Row {0}: This Medication Order is already marked as completed,Строка {0}: этот заказ на лекарства уже отмечен как выполненный.,
Quantity not available for {0} in warehouse {1},Количество недоступно для {0} на складе {1},
Please enable Allow Negative Stock in Stock Settings or create Stock Entry to proceed.,"Пожалуйста, включите «Разрешить отрицательный запас в настройках запаса» или создайте «Ввод запаса», чтобы продолжить.",
No Inpatient Record found against patient {0},В отношении пациента {0} не обнаружено стационарной карты,
An Inpatient Medication Order {0} against Patient Encounter {1} already exists.,Приказ о лечении в стационаре {0} против встречи с пациентом {1} уже существует.,
Allow In Returns,Разрешить возврат товара,
Hide Unavailable Items,Скрыть отсутствующие позиции,
Apply Discount on Discounted Rate,Применить скидку на скидку,
Therapy Plan Template,Шаблон плана лечения,
Fetching Template Details,Получение сведений о шаблоне,
Linked Item Details,Сведения о связанном элементе,
Therapy Types,Виды терапии,
Therapy Plan Template Detail,Подробности шаблона плана терапии,
Non Conformance,Несоответствие,
Process Owner,Владелец процесса,
Corrective Action,Корректирующее действие,
Preventive Action,Превентивные действия,
Problem,Проблема,
Responsible,Ответственный,
Completion By,Завершено,
Process Owner Full Name,Полное имя владельца процесса,
Right Index,Правый указатель,
Left Index,Левый указатель,
Sub Procedure,Дополнительная процедура,
Passed,Прошло,
Print Receipt,Распечатать квитанцию,
Edit Receipt,Редактировать квитанцию,
Focus on search input,Фокус на поле поиска,
Focus on Item Group filter,Фокус на фильтре групп товаров,
Checkout Order / Submit Order / New Order,Оформление заказа / Утвердить заказ / Новый заказ,
Add Order Discount,Добавить скидку на заказ,
Item Code: {0} is not available under warehouse {1}.,Код товара: {0} недоступен на складе {1}.,
Serial numbers unavailable for Item {0} under warehouse {1}. Please try changing warehouse.,Отсутствуют серийные номера для позиции {0} на складе {1}. Попробуйте сменить склад.,
Fetched only {0} available serial numbers.,Получено только {0} доступных серийных номеров.,
Switch Between Payment Modes,Переключение между режимами оплаты,
Enter {0} amount.,Введите сумму {0}.,
You don't have enough points to redeem.,У вас недостаточно очков для погашения.,
You can redeem upto {0}.,Вы можете использовать до {0}.,
Enter amount to be redeemed.,Введите сумму для погашения.,
You cannot redeem more than {0}.,Вы не можете обменять более {0}.,
Open Form View,Открыть просмотр формы,
POS invoice {0} created succesfully,Счет POS {0} успешно создана,
Stock quantity not enough for Item Code: {0} under warehouse {1}. Available quantity {2}.,Недостаточно количества на складе для кода товара: {0} на складе {1}. Доступное количество {2}.,
Serial No: {0} has already been transacted into another POS Invoice.,Серийный номер: {0} уже был переведен в другой счет торговой точки.,
Balance Serial No,Серийный номер весов,
Warehouse: {0} does not belong to {1},Склад: {0} не принадлежит {1},
Please select batches for batched item {0},Выберите партии для партионного товара {0},
Please select quantity on row {0},Выберите количество в строке {0},
Please enter serial numbers for serialized item {0},Введите серийные номера для номерного изделия {0},
Batch {0} already selected.,Пакет {0} уже выбран.,
Please select a warehouse to get available quantities,"Пожалуйста, выберите склад, чтобы получить доступное количество",
"For transfer from source, selected quantity cannot be greater than available quantity",Для передачи из источника выбранное количество не может быть больше доступного количества.,
Cannot find Item with this Barcode,Товар с данным штрих-кодом не найден,
{0} is mandatory. Maybe Currency Exchange record is not created for {1} to {2},"{0} является обязательным. Возможно, запись обмена валют не создана для {1} - {2}",
{} has submitted assets linked to it. You need to cancel the assets to create purchase return.,"{} отправил связанные с ним активы. Вам необходимо отменить активы, чтобы создать возврат покупки.",
Cannot cancel this document as it is linked with submitted asset {0}. Please cancel it to continue.,"Невозможно отменить этот документ, поскольку он связан с отправленным объектом {0}. Пожалуйста, отмените его, чтобы продолжить.",
Row #{}: Serial No. {} has already been transacted into another POS Invoice. Please select valid serial no.,"Строка № {}: серийный номер {} уже переведен в другой счет торговой точки. Пожалуйста, выберите действительный серийный номер.",
Row #{}: Serial Nos. {} has already been transacted into another POS Invoice. Please select valid serial no.,"Строка № {}: Серийные номера {} уже были переведены в другой счет торговой точки. Пожалуйста, выберите действительный серийный номер.",
Item Unavailable,Товар недоступен,
Row #{}: Serial No {} cannot be returned since it was not transacted in original invoice {},"Строка № {}: Серийный номер {} не может быть возвращен, поскольку он не был указан в исходном счете {}",
Please set default Cash or Bank account in Mode of Payment {},Установите по умолчанию наличный или банковский счет в режиме оплаты {},
Please set default Cash or Bank account in Mode of Payments {},Установите по умолчанию наличный или банковский счет в режиме оплаты {},
Please ensure {} account is a Balance Sheet account.,Убедитесь что счет {} является балансовым счетом.,
Please ensure {} account is a Payable account. Change the account type to Payable or select a different account.,"Убедитесь, что счет {} является счетом к оплате. Измените тип учетной записи на К оплате или выберите другую учетную запись.",
Row {}: Expense Head changed to {} ,Строка {}: заголовок расхода изменен на {},
because account {} is not linked to warehouse {} ,потому что аккаунт {} не связан со складом {},
or it is not the default inventory account,или это не учетная запись инвентаря по умолчанию,
Expense Head Changed,Расходная часть изменена,
because expense is booked against this account in Purchase Receipt {},поскольку расходы регистрируются по этому счету в квитанции о покупке {},
as no Purchase Receipt is created against Item {}. ,поскольку для элемента {} не создается квитанция о покупке.,
This is done to handle accounting for cases when Purchase Receipt is created after Purchase Invoice,"Это сделано для обработки учета в тех случаях, когда квитанция о покупке создается после счета.",
Purchase Order Required for item {},Требуется заказ на покупку для товара {},
To submit the invoice without purchase order please set {} ,"Чтобы отправить счет без заказа на покупку, установите {}",
as {} in {},как в {},
Mandatory Purchase Order,Обязательный заказ на поставку,
Purchase Receipt Required for item {},Для товара требуется квитанция о покупке {},
To submit the invoice without purchase receipt please set {} ,"Чтобы отправить счет без квитанции о покупке, установите {}",
Mandatory Purchase Receipt,Квитанция об обязательной покупке,
POS Profile {} does not belongs to company {},Профиль POS {} не принадлежит компании {},
User {} is disabled. Please select valid user/cashier,Пользователь {} отключен. Выберите действующего пользователя / кассира,
Row #{}: Original Invoice {} of return invoice {} is {}. ,Строка № {}: Исходный счет {} обратного счета {}: {}.,
Original invoice should be consolidated before or along with the return invoice.,Оригинальный счет должен быть объединен до или вместе с обратным счетом.,
You can add original invoice {} manually to proceed.,"Чтобы продолжить, вы можете добавить исходный счет {} вручную.",
Please ensure {} account is a Balance Sheet account. ,"Убедитесь, что счет {} является балансом.",
You can change the parent account to a Balance Sheet account or select a different account.,Вы можете изменить родительский счет на счет баланса или выбрать другой счет.,
Please ensure {} account is a Receivable account. ,"Убедитесь, что счет {} является счетом дебиторской задолженности.",
Change the account type to Receivable or select a different account.,Измените тип учетной записи на Дебиторскую задолженность или выберите другую учетную запись.,
{} can't be cancelled since the Loyalty Points earned has been redeemed. First cancel the {} No {},"{} не может быть отменен, так как заработанные баллы лояльности были погаш��ны. Сначала отмените {} № {}",
already exists,уже существует,
POS Closing Entry {} against {} between selected period,Закрытие торговой точки {} против {} между выбранным периодом,
POS Invoice is {},Счет POS {},
POS Profile doesn't matches {},Профиль POS не соответствует {},
POS Invoice is not {},Счет POS не {},
POS Invoice isn't created by user {},Счет POS не создается пользователем {},
Row #{}: {},Строка #{}: {},
Invalid POS Invoices,Недействительные счета POS,
Please add the account to root level Company - {},"Пожалуйста, добавьте аккаунт в компанию корневого уровня - {}",
"While creating account for Child Company {0}, parent account {1} not found. Please create the parent account in corresponding COA","При создании аккаунта для дочерней компании {0} родительский аккаунт {1} не найден. Пожалуйста, создайте родительский аккаунт в соответствующем сертификате подлинности",
Account Not Found,Счет не найден,
"While creating account for Child Company {0}, parent account {1} found as a ledger account.",При создании аккаунта для дочерней компании {0} родительский аккаунт {1} обнаружен как счет главной книги.,
Please convert the parent account in corresponding child company to a group account.,Преобразуйте родительскую учетную запись в соответствующей дочерней компании в групповую.,
Invalid Parent Account,Недействительный родительский счет,
"Renaming it is only allowed via parent company {0}, to avoid mismatch.","Переименование разрешено только через головную компанию {0}, чтобы избежать несоответствия.",
"If you {0} {1} quantities of the item {2}, the scheme {3} will be applied on the item.","Если вы {0} {1} количество товара {2}, схема {3} будет применена к товару.",
"If you {0} {1} worth item {2}, the scheme {3} will be applied on the item.","Если вы {0} {1} оцениваете предмет {2}, к нему будет применена схема {3}.",
"As the field {0} is enabled, the field {1} is mandatory.","Поскольку поле {0} включено, поле {1} является обязательным.",
"As the field {0} is enabled, the value of the field {1} should be more than 1.","Поскольку поле {0} включено, значение поля {1} должно быть больше 1.",
Cannot deliver Serial No {0} of item {1} as it is reserved to fullfill Sales Order {2},"Невозможно доставить серийный номер {0} товара {1}, поскольку он зарезервирован для выполнения заказа на продажу {2}",
"Sales Order {0} has reservation for the item {1}, you can only deliver reserved {1} against {0}.","Заказ на продажу {0} имеет резервирование для товара {1}, вы можете доставить только зарезервированный {1} для {0}.",
{0} Serial No {1} cannot be delivered,{0} Серийный номер {1} не может быть доставлен,
Row {0}: Subcontracted Item is mandatory for the raw material {1},Строка {0}: Субподрядный элемент является обязательным для сырья {1},
"As there are sufficient raw materials, Material Request is not required for Warehouse {0}.","Поскольку сырья достаточно, запрос материалов для хранилища {0} не требуется.",
" If you still want to proceed, please enable {0}.","Если вы все еще хотите продолжить, включите {0}.",
The item referenced by {0} - {1} is already invoiced,"На товар, на который ссылается {0} - {1}, уже выставлен счет",
Therapy Session overlaps with {0},Сеанс терапии совпадает с {0},
Therapy Sessions Overlapping,Совмещение сеансов терапии,
Therapy Plans,Планы терапии,
"Item Code, warehouse, quantity are required on row {0}","Код товара, склад, количество требуются в строке {0}",
Get Items from Material Requests against this Supplier,Получи��ь товары из запросов материалов к этому поставщику,
Enable European Access,Включить европейский доступ,
Creating Purchase Order ...,Создание заказа на поставку ...,
"Select a Supplier from the Default Suppliers of the items below. On selection, a Purchase Order will be made against items belonging to the selected Supplier only.","Выберите поставщика из списка поставщиков по умолчанию для позиций ниже. При выборе Заказ на поставку будет сделан в отношении товаров, принадлежащих только выбранному Поставщику.",
Row #{}: You must select {} serial numbers for item {}.,Строка №{}: необходимо выбрать {} серийных номеров для позиции {}.,
Items & Pricing,Продукты и цены,
Average Completion,Средняя готовность,
Overdue,Просрочено,
Overdue Tasks,Просроченные задачи,
Completed,Завершено,
Completed Tasks,Выполненные задачи,
Total Tasks,Всего задач,
Build,Сборка,
Role Allowed to Over Deliver/Receive,"Роль, разрешенная для сверхдоставки/получения",
Unit of Measure (UOM),Единицы измерения (ЕИ),
Bank Reconciliation Tool,Инструмент сверки банковских счетов,
Delayed Tasks Summary,Сводка отложенных задач,
Add Comment,Добавить комментарий,
More...,Больше...,
Notes,Заметки,
Payment Gateway,Платежный шлюз,
Payment Gateway Name,Имя платежного шлюза,
Payments,Оплата,
Plan Name,Название плана,
Portal,Портал,
Scan Barcode,Сканирование штрих-кода,
Some information is missing,Некоторая информация отсутствует,
Successful,Успешно,
Tools,Инструменты,
Use Sandbox,Использовать «песочницу»,
Busy,Занятый,
Completed By,Завершил(а),
Completed On,Завершено,
Payment Failed,Платеж не прошел,
Column {0},Колонка {0},
Field Mapping,Сопоставление полей,
Not Specified,Не указан,
Update Type,Тип обновления,
Dr,Доктор,
End Time,Время окончания,
Fetching...,Получение...,
"It seems that there is an issue with the server's stripe configuration. In case of failure, the amount will get refunded to your account.",Обнаружена проблема с настройкой платежной системы. В случае сбоя сумма будет возвращена на ваш счет.,
Looks like someone sent you to an incomplete URL. Please ask them to look into it.,"Похоже, вы перешли по неполной ссылке. Пожалуйста, запросите корректную ссылку.",
Master,Мастер,
Pay,Платить,
You can also copy-paste this link in your browser,Вы также можете скопировать и вставить эту ссылку в свой браузер,
Verified By,Утверждено,
Invalid naming series (. missing) for {0},Недопустимая серия имен (. Отсутствует) для {0},
Phone Number,Телефонный номер,
Account SID,SID аккаунта,
Global Defaults,Глобальные вводные по умолчанию,
Is Mandatory,Является обязательным,
WhatsApp,WhatsApp,
Make a call,Совершить звонок,
Is Template,Является шаблоном,
Approve,Утвердить,
Reject,Отклонить,